{"0": {"loss": 2.2379560833735184}, "1": {"loss": 2.018683045115692}, "2": {"loss": 1.7003648849512567}, "3": {"loss": 1.3456072728365462}, "4": {"loss": 1.0345198184449151}, "5": {"loss": 0.7862182056272267}, "6": {"loss": 0.5936412361283966}, "7": {"loss": 0.4661281979241908}, "8": {"loss": 0.3637723717468464}, "9": {"loss": 0.30218182602860283}}{}