{"0": {"loss": 2.373494473514178}, "1": {"loss": 1.9427547012733308}, "2": {"loss": 1.4625699220114197}, "3": {"loss": 1.0792730746679748}, "4": {"loss": 0.8177568178303194}, "5": {"loss": 0.6218465767948833}, "6": {"loss": 0.5540209227050377}, "7": {"loss": 0.4814487997664521}, "8": {"loss": 0.431319387345914}, "9": {"loss": 0.38134848538613475}}{}