{"0": {"loss": 2.5804126262664795}, "1": {"loss": 2.072911631982058}, "2": {"loss": 1.4973673536288028}, "3": {"loss": 0.0}}