{"1": {"loss": 2.567250179139194}, "2": {"loss": 2.227231594110956}, "3": {"loss": 1.97720361703279}, "4": {"loss": 1.685773819487616}, "5": {"loss": 1.3899224278153173}, "6": {"loss": 1.2173168781577357}, "7": {"loss": 1.1475970800349256}, "8": {"loss": 1.0116887400481875}, "9": {"loss": 0.8337017641162241}}