{"0": {"loss": 2.2413658227352116}, "1": {"loss": 1.9802259814660281}, "2": {"loss": 1.5812605982584669}, "3": {"loss": 1.1790788710512072}, "4": {"loss": 0.8578061299608243}, "5": {"loss": 0.6232210239827238}, "6": {"loss": 0.4676551546482061}, "7": {"loss": 0.35118083764385705}, "8": {"loss": 0.28385960700496143}, "9": {"loss": 0.23750642948592735}}{}