{"0": {"loss": 2.256867320332306}, "1": {"loss": 1.9196331801003967}, "2": {"loss": 1.4662488896325725}, "3": {"loss": 1.0437935827583666}, "4": {"loss": 0.7330301139528388}, "5": {"loss": 0.5226144834070017}, "6": {"loss": 0.3952889746388063}, "7": {"loss": 0.32408644150424476}, "8": {"loss": 0.2620115386729209}, "9": {"loss": 0.23233582518550733}}{}