{"0": {"loss": 2.242288723686673}, "1": {"loss": 2.0647583844645925}, "2": {"loss": 1.8183330873779904}, "3": {"loss": 1.5454329236453732}, "4": {"loss": 1.28800632148389}, "5": {"loss": 1.0573952276975114}, "6": {"loss": 0.8601427346665338}, "7": {"loss": 0.7062289166134714}, "8": {"loss": 0.5721842532126319}, "9": {"loss": 0.48590777251894113}}{}{}