{"1": {"loss": 2.294937070631823}, "2": {"loss": 1.9000655483725846}, "3": {"loss": 1.4068274608511009}, "4": {"loss": 0.9883342811603419}, "5": {"loss": 0.7033157557841169}, "6": {"loss": 0.5149861880090852}, "7": {"loss": 0.40910216100168545}, "8": {"loss": 0.35315536939545183}, "9": {"loss": 0.300726703806034}}