{"0": {"loss": 1.732285899323187}, "1": {"loss": 1.7071620462349881}}