{"0": {"loss": 1.6989390127397515}, "1": {"loss": 1.6377161092701382}}