{"0": {"loss": 2.269239902496338}, "1": {"loss": 1.7247674465179443}, "2": {"loss": 0.9830069541931152}, "3": {"loss": 0.6287515163421631}, "4": {"loss": 0.6050074100494385}}