{"0": {"loss": 2.5143210093180337}, "1": {"loss": 2.1693547566731772}, "2": {"loss": 1.0329187711079915}, "3": {"loss": 0.5687597990036011}, "4": {"loss": 0.9711304505666097}}