{"0": {"loss": 2.247817039489746}, "1": {"loss": 2.8350626627604165}, "2": {"loss": 1.398337999979655}, "3": {"loss": 1.0665856997172039}, "4": {"loss": 0.6877587636311849}}