{"0": {"loss": 2.558988094329834}, "1": {"loss": 2.271291732788086}, "2": {"loss": 1.2452943325042725}, "3": {"loss": 0.5870668093363444}, "4": {"loss": 0.45638593037923175}}