{"0": {"loss": 2.3019185066223145}, "1": {"loss": 2.0553221702575684}, "2": {"loss": 1.5532433986663818}, "3": {"loss": 0.8760076761245728}, "4": {"loss": 0.544966459274292}}