{"0": {"loss": 2.2761096954345703}, "1": {"loss": 1.6168575286865234}, "2": {"loss": 0.8821788628896078}, "3": {"loss": 0.6642934083938599}, "4": {"loss": 0.3874574502309163}}