{"0": {"loss": 2.8622522354125977}, "1": {"loss": 2.893193006515503}, "2": {"loss": 1.7877719402313232}, "3": {"loss": 1.5200836658477783}, "4": {"loss": 1.0640684366226196}}