{"0": {"loss": 2.8558812141418457}, "1": {"loss": 2.8381385803222656}, "2": {"loss": 1.7291091680526733}, "3": {"loss": 0.9382119178771973}, "4": {"loss": 0.7446380257606506}}