{"0": {"loss": 2.36401629447937}, "1": {"loss": 2.4670233726501465}, "2": {"loss": 1.640528917312622}, "3": {"loss": 0.7492192983627319}, "4": {"loss": 0.5542222857475281}}