{"0": {"loss": 2.2923644383748374}, "1": {"loss": 2.409883499145508}, "2": {"loss": 2.943749109903971}, "3": {"loss": 1.7496628761291504}, "4": {"loss": 1.1218409538269043}}