{"0": {"loss": 2.353975296020508}, "1": {"loss": 3.9076356887817383}, "2": {"loss": 4.652080535888672}, "3": {"loss": 3.275643825531006}, "4": {"loss": 1.3291230201721191}}