{"0": {"loss": 2.459580421447754}, "1": {"loss": 2.325064277648926}, "2": {"loss": 1.4435109138488769}, "3": {"loss": 0.6676583766937256}, "4": {"loss": 0.4228382587432861}}