{"0": {"loss": 2.593896484375}, "1": {"loss": 2.500164604187012}, "2": {"loss": 1.3006844520568848}, "3": {"loss": 0.6233346939086915}, "4": {"loss": 0.3108654260635376}}