{"0": {"loss": 2.2540979385375977}, "1": {"loss": 2.9914169311523438}, "2": {"loss": 1.7655795415242512}, "3": {"loss": 0.9821352163950602}, "4": {"loss": 0.6883026758829752}}