{"0": {"loss": 2.4655935764312744}, "1": {"loss": 2.9921066761016846}, "2": {"loss": 1.7449334859848022}, "3": {"loss": 1.1182453632354736}, "4": {"loss": 0.8611592054367065}}