{"0": {"loss": 2.2630629539489746}, "1": {"loss": 2.2630629539489746}, "2": {"loss": 2.188199996948242}, "3": {"loss": 1.9102590084075928}, "4": {"loss": 1.4552818536758423}}