{"0": {"loss": 2.305105447769165}, "1": {"loss": 3.6055588722229004}, "2": {"loss": 3.5936107635498047}, "3": {"loss": 2.7856364250183105}, "4": {"loss": 1.6158479452133179}}