{"0": {"loss": 2.2965879440307617}, "1": {"loss": 3.9763360023498535}, "2": {"loss": 4.655219078063965}, "3": {"loss": 2.9317212104797363}, "4": {"loss": 1.0768578052520752}}