{"0": {"loss": 2.186319351196289}, "1": {"loss": 1.721505355834961}, "2": {"loss": 0.915264892578125}, "3": {"loss": 0.38026406764984133}, "4": {"loss": 0.2720402956008911}}