{"0": {"loss": 2.3994385401407876}, "1": {"loss": 3.723020871480306}, "2": {"loss": 2.504212220509847}, "3": {"loss": 1.2784821192423503}, "4": {"loss": 0.7679855028788248}}