{"0": {"loss": 2.2421040534973145}, "1": {"loss": 2.2421040534973145}, "2": {"loss": 2.460423231124878}, "3": {"loss": 2.459881067276001}, "4": {"loss": 1.5198174715042114}}