{"0": {"loss": 2.3040650685628257}, "1": {"loss": 3.6256062189737954}, "2": {"loss": 4.63295300801595}, "3": {"loss": 6.191627502441406}, "4": {"loss": 7.181590398152669}}