{"0": {"loss": 2.2559717496236167}, "1": {"loss": 2.0255414644877114}, "2": {"loss": 2.1730066935221353}, "3": {"loss": 1.673596700032552}, "4": {"loss": 1.1510961850484211}}