{"0": {"loss": 2.4411306381225586}, "1": {"loss": 3.462627410888672}, "2": {"loss": 4.636145909627278}, "3": {"loss": 5.908911387125651}, "4": {"loss": 2.4214064280192056}}