{"0": {"loss": 2.3327625592549643}, "1": {"loss": 1.7974804242451985}, "2": {"loss": 4.217523256937663}, "3": {"loss": 4.223376592000325}, "4": {"loss": 1.5272986094156902}}