{"0": {"loss": 2.198009729385376}, "1": {"loss": 2.0633413791656494}, "2": {"loss": 1.2615811824798584}, "3": {"loss": 0.6832062005996704}, "4": {"loss": 0.5343506336212158}}