{"0": {"loss": 2.435788154602051}, "1": {"loss": 2.5530265172322593}, "2": {"loss": 2.217768351236979}, "3": {"loss": 1.211115042368571}, "4": {"loss": 0.7271717389424642}}