{"0": {"loss": 2.312009334564209}, "1": {"loss": 1.6280043919881184}, "2": {"loss": 0.8111983935038248}, "3": {"loss": 0.3629086414972941}, "4": {"loss": 0.2774261236190796}}