{"0": {"loss": 2.366299629211426}, "1": {"loss": 2.366299629211426}, "2": {"loss": 2.225829601287842}, "3": {"loss": 1.8681659698486328}, "4": {"loss": 1.49275541305542}}