{"0": {"loss": 2.733355712890625}, "1": {"loss": 3.741843414306641}, "2": {"loss": 4.8127685546875}, "3": {"loss": 1.3198262214660645}, "4": {"loss": 0.9512842178344727}}