{"0": {"loss": 2.2001014709472657}, "1": {"loss": 1.9359857559204101}, "2": {"loss": 1.1478023529052734}, "3": {"loss": 0.5661147117614747}, "4": {"loss": 0.3135243892669678}}