{"0": {"loss": 2.579984664916992}, "1": {"loss": 2.3896549224853514}, "2": {"loss": 1.4708742141723632}, "3": {"loss": 0.9837451934814453}, "4": {"loss": 0.8261553764343261}}