{"0": {"loss": 2.320392926534017}, "1": {"loss": 3.3705228169759116}, "2": {"loss": 1.6573362350463867}, "3": {"loss": 1.3960380554199219}, "4": {"loss": 0.6171016295750936}}