{"0": {"loss": 2.6279401779174805}, "1": {"loss": 2.369559478759766}, "2": {"loss": 1.2511653900146484}, "3": {"loss": 0.7433262825012207}, "4": {"loss": 0.3587723016738892}}