{"0": {"loss": 2.595075845718384}, "1": {"loss": 2.508148670196533}, "2": {"loss": 3.529270648956299}, "3": {"loss": 3.546196937561035}, "4": {"loss": 3.508284568786621}}