{"0": {"loss": 2.2502999305725098}, "1": {"loss": 3.560995101928711}, "2": {"loss": 2.4195406436920166}, "3": {"loss": 1.1374815702438354}, "4": {"loss": 0.7931158542633057}}