{"0": {"loss": 2.4708802700042725}, "1": {"loss": 1.87678861618042}, "2": {"loss": 1.8519697189331055}, "3": {"loss": 1.8481093645095825}, "4": {"loss": 1.8564263582229614}}