{"0": {"loss": 2.2211034297943115}, "1": {"loss": 1.6944056749343872}, "2": {"loss": 1.3237190246582031}, "3": {"loss": 0.8397339582443237}, "4": {"loss": 0.6805986166000366}}