{"0": {"loss": 2.2158482869466147}, "1": {"loss": 2.1330564816792807}, "2": {"loss": 1.5166597366333008}, "3": {"loss": 0.8683309555053711}, "4": {"loss": 0.6204192241032919}}