{"0": {"loss": 2.147023836771647}, "1": {"loss": 2.110984961191813}, "2": {"loss": 1.5538430213928223}, "3": {"loss": 1.4755949974060059}, "4": {"loss": 0.7163280646006266}}