{"0": {"loss": 2.496990203857422}, "1": {"loss": 2.3305870056152345}, "2": {"loss": 1.1246961593627929}, "3": {"loss": 0.6024733066558838}, "4": {"loss": 0.2968009948730469}}