{"0": {"loss": 2.4765071868896484}, "1": {"loss": 2.4264073371887207}, "2": {"loss": 2.0015227794647217}, "3": {"loss": 1.914677381515503}, "4": {"loss": 1.5838313102722168}}