{"0": {"loss": 2.1388673782348633}, "1": {"loss": 2.1388673782348633}, "2": {"loss": 2.1388673782348633}, "3": {"loss": 1.5847339630126953}, "4": {"loss": 1.5193355083465576}}