{"0": {"loss": 2.465716600418091}, "1": {"loss": 2.465716600418091}, "2": {"loss": 2.9722518920898438}, "3": {"loss": 2.9989852905273438}, "4": {"loss": 2.9899377822875977}}