{"0": {"loss": 2.2886133193969727}, "1": {"loss": 2.0442892710367837}, "2": {"loss": 1.3323789437611897}, "3": {"loss": 0.8327264785766602}, "4": {"loss": 0.4353681802749634}}