{"0": {"loss": 2.563872528076172}, "1": {"loss": 2.325638198852539}, "2": {"loss": 1.230738067626953}, "3": {"loss": 0.7615596294403076}, "4": {"loss": 0.49214754104614256}}