{"0": {"loss": 1.914945363998413}, "1": {"loss": 1.914945363998413}, "2": {"loss": 1.914945363998413}, "3": {"loss": 1.914945363998413}, "4": {"loss": 1.914945363998413}}