{"0": {"loss": 2.917954683303833}, "1": {"loss": 3.425028085708618}, "2": {"loss": 1.7979538440704346}, "3": {"loss": 1.1612190008163452}, "4": {"loss": 0.9367284178733826}}