{"0": {"loss": 2.760406017303467}, "1": {"loss": 3.355569839477539}, "2": {"loss": 1.621649980545044}, "3": {"loss": 0.837809681892395}, "4": {"loss": 0.6711403727531433}}