{"0": {"loss": 2.2233184814453124}, "1": {"loss": 2.6761919021606446}, "2": {"loss": 1.501805019378662}, "3": {"loss": 0.6414175987243652}, "4": {"loss": 0.6448232173919678}}