{"0": {"loss": 2.638549566268921}, "1": {"loss": 3.137395143508911}, "2": {"loss": 1.4395639896392822}, "3": {"loss": 0.897838830947876}, "4": {"loss": 1.0944578647613525}}