{"0": {"loss": 2.3617327213287354}, "1": {"loss": 2.264974594116211}, "2": {"loss": 1.8694431781768799}, "3": {"loss": 1.7830694913864136}, "4": {"loss": 1.2960646152496338}}