{"0": {"loss": 2.02409291267395}, "1": {"loss": 2.02409291267395}, "2": {"loss": 2.02409291267395}, "3": {"loss": 7.0747528076171875}, "4": {"loss": 2.95896577835083}}