{"0": {"loss": 2.1329565048217773}, "1": {"loss": 2.1329565048217773}, "2": {"loss": 2.5757241249084473}, "3": {"loss": 2.4889817237854004}, "4": {"loss": 1.8334816694259644}}