{"0": {"loss": 2.4691591262817383}, "1": {"loss": 1.968488057454427}, "2": {"loss": 1.5238712628682454}, "3": {"loss": 0.9987099170684814}, "4": {"loss": 0.750974973042806}}