{"0": {"loss": 2.244307518005371}, "1": {"loss": 1.8630876541137695}, "2": {"loss": 1.3831391334533691}, "3": {"loss": 0.6194355487823486}, "4": {"loss": 0.26776182651519775}}