{"0": {"loss": 2.4309094746907554}, "1": {"loss": 2.2745566368103027}, "2": {"loss": 2.298631032307943}, "3": {"loss": 1.7564021746317546}, "4": {"loss": 1.35516357421875}}