{"0": {"loss": 2.029719829559326}, "1": {"loss": 2.029719829559326}, "2": {"loss": 1.9246623516082764}, "3": {"loss": 1.6070919036865234}, "4": {"loss": 0.8752673864364624}}