{"0": {"loss": 2.2197888692220054}, "1": {"loss": 1.9985281626383464}, "2": {"loss": 1.2887389659881592}, "3": {"loss": 0.7302854855855306}, "4": {"loss": 0.3989523649215698}}