{"0": {"loss": 2.916510581970215}, "1": {"loss": 3.471168041229248}, "2": {"loss": 1.6878271102905273}, "3": {"loss": 1.118003249168396}, "4": {"loss": 0.7977105379104614}}