{"0": {"loss": 2.1330512364705405}, "1": {"loss": 2.1330512364705405}, "2": {"loss": 2.098599116007487}, "3": {"loss": 0.9652032852172852}, "4": {"loss": 0.6528661648432413}}