{"0": {"loss": 2.4346605936686196}, "1": {"loss": 2.180328051249186}, "2": {"loss": 2.339149792989095}, "3": {"loss": 1.5957228342692058}, "4": {"loss": 1.1672377586364746}}