{"0": {"loss": 2.3306140899658203}, "1": {"loss": 3.5993372599283853}, "2": {"loss": 2.3929575284322104}, "3": {"loss": 1.2733595371246338}, "4": {"loss": 0.7473545869191488}}