{"0": {"loss": 2.311924934387207}, "1": {"loss": 2.9036977291107178}, "2": {"loss": 1.5964629650115967}, "3": {"loss": 0.8119388222694397}, "4": {"loss": 0.4858642518520355}}