{"0": {"loss": 2.2875560760498046}, "1": {"loss": 2.775310516357422}, "2": {"loss": 1.5059422492980956}, "3": {"loss": 0.6607961654663086}, "4": {"loss": 0.37901480197906495}}