{"0": {"loss": 2.421403408050537}, "1": {"loss": 2.5438830852508545}, "2": {"loss": 1.7761750221252441}, "3": {"loss": 0.9097936153411865}, "4": {"loss": 0.6518958806991577}}