{"0": {"loss": 2.209567387898763}, "1": {"loss": 2.209567387898763}, "2": {"loss": 2.075789451599121}, "3": {"loss": 1.3236174583435059}, "4": {"loss": 0.8148152828216553}}