{"0": {"loss": 2.644117832183838}, "1": {"loss": 2.713320732116699}, "2": {"loss": 2.0746970176696777}, "3": {"loss": 0.8243467013041178}, "4": {"loss": 0.5808015664418539}}