{"0": {"loss": 2.5417346954345703}, "1": {"loss": 2.229466438293457}, "2": {"loss": 2.1202569007873535}, "3": {"loss": 1.1395151615142822}, "4": {"loss": 1.0257015228271484}}