{"0": {"loss": 2.233079671859741}, "1": {"loss": 2.355562448501587}, "2": {"loss": 1.565768837928772}, "3": {"loss": 0.8289211988449097}, "4": {"loss": 0.4518905282020569}}