{"0": {"loss": 2.309584379196167}, "1": {"loss": 2.125279426574707}, "2": {"loss": 1.3771153688430786}, "3": {"loss": 0.5559172630310059}, "4": {"loss": 0.3105776011943817}}