{"0": {"loss": 2.653137683868408}, "1": {"loss": 2.6775989532470703}, "2": {"loss": 1.3548693656921387}, "3": {"loss": 0.8067001104354858}, "4": {"loss": 0.6836389303207397}}