{"0": {"loss": 2.2761335372924805}, "1": {"loss": 1.3311679022652763}, "2": {"loss": 1.0089555467878069}, "3": {"loss": 0.6755061149597168}, "4": {"loss": 0.3786944661821638}}