{"0": {"loss": 2.492918332417806}, "1": {"loss": 2.0151871045430503}, "2": {"loss": 1.7042250633239746}, "3": {"loss": 1.0636221567789714}, "4": {"loss": 5.6706085205078125}}