{"0": {"loss": 2.1432723999023438}, "1": {"loss": 1.851526419321696}, "2": {"loss": 1.006323019663493}, "3": {"loss": 0.6680672963460287}, "4": {"loss": 0.3708273569742839}}