{"0": {"loss": 2.3791587352752686}, "1": {"loss": 1.821021318435669}, "2": {"loss": 1.2255851030349731}, "3": {"loss": 0.667771577835083}, "4": {"loss": 0.4462531507015228}}