{"0": {"loss": 2.1713008880615234}, "1": {"loss": 1.96630064646403}, "2": {"loss": 0.886890729268392}, "3": {"loss": 0.5861101547876993}, "4": {"loss": 0.32069142659505206}}