{"0": {"loss": 2.6045901775360107}, "1": {"loss": 1.9289910793304443}, "2": {"loss": 1.2231165170669556}, "3": {"loss": 0.7111502289772034}, "4": {"loss": 0.48439162969589233}}