{"0": {"loss": 2.358144442240397}, "1": {"loss": 2.155988852183024}, "2": {"loss": 2.563694636027018}, "3": {"loss": 1.4513696034749348}, "4": {"loss": 3.5664240519205728}}{"0": {"loss": 2.358144442240397}, "1": {"loss": 2.1330512364705405}, "2": {"loss": 2.5188776652018228}, "3": {"loss": 1.5385608673095703}, "4": {"loss": 1.1547762552897136}}