{"0": {"loss": 2.2409946441650392}, "1": {"loss": 1.995147132873535}, "2": {"loss": 0.9273980140686036}, "3": {"loss": 0.4695213794708252}, "4": {"loss": 0.23568596839904785}}