{"0": {"loss": 2.2525835037231445}, "1": {"loss": 2.2257020473480225}, "2": {"loss": 1.4308037757873535}, "3": {"loss": 0.8984652161598206}, "4": {"loss": 0.5888721942901611}}