{"0": {"loss": 2.2477309703826904}, "1": {"loss": 2.2477309703826904}, "2": {"loss": 2.7355122566223145}, "3": {"loss": 2.068864345550537}, "4": {"loss": 1.1649420261383057}}