{"0": {"loss": 2.175052007039388}, "1": {"loss": 2.830158551534017}, "2": {"loss": 1.4906773567199707}, "3": {"loss": 0.9219621817270914}, "4": {"loss": 0.6934991677602133}}