{"0": {"loss": 2.299478530883789}, "1": {"loss": 2.416396379470825}, "2": {"loss": 1.607189655303955}, "3": {"loss": 0.9338632822036743}, "4": {"loss": 1.024830937385559}}