{"0": {"loss": 2.4111293156941733}, "1": {"loss": 4.442176818847656}, "2": {"loss": 5.451712290445964}, "3": {"loss": 5.918064117431641}, "4": {"loss": 2.7702134450276694}}