{"0": {"loss": 2.2438764572143555}, "1": {"loss": 3.029520352681478}, "2": {"loss": 1.5339110692342122}, "3": {"loss": 0.9951580365498861}, "4": {"loss": 0.7179563045501709}}