{"0": {"loss": 2.190330982208252}, "1": {"loss": 2.5596609115600586}, "2": {"loss": 2.546877861022949}, "3": {"loss": 1.7526735067367554}, "4": {"loss": 0.9683780670166016}}