{"0": {"loss": 2.745500326156616}, "1": {"loss": 2.785618782043457}, "2": {"loss": 1.3572676181793213}, "3": {"loss": 0.9645092487335205}, "4": {"loss": 0.5798465013504028}}