{"0": {"loss": 2.3620850245157876}, "1": {"loss": 1.9339467684427898}, "2": {"loss": 1.910628318786621}, "3": {"loss": 2.298956871032715}, "4": {"loss": 1.2478028138478596}}