{"0": {"loss": 2.4185900688171387}, "1": {"loss": 3.172821521759033}, "2": {"loss": 5.127431392669678}, "3": {"loss": 1.6761014461517334}, "4": {"loss": 1.099609375}}