{"0": {"loss": 2.304731845855713}, "1": {"loss": 2.680893898010254}, "2": {"loss": 1.638411283493042}, "3": {"loss": 0.9139939546585083}, "4": {"loss": 0.8071986436843872}}{"0": {"loss": 2.304731845855713}, "1": {"loss": 2.5655455589294434}, "2": {"loss": 1.7918660640716553}, "3": {"loss": 1.158552885055542}, "4": {"loss": 0.7739847898483276}}