{"0": {"loss": 2.2574360370635986}, "1": {"loss": 2.2574360370635986}, "2": {"loss": 1.5001935958862305}, "3": {"loss": 1.5165406465530396}, "4": {"loss": 0.8630051612854004}}