{"0": {"loss": 2.408342123031616}, "1": {"loss": 3.7128820419311523}, "2": {"loss": 3.6897926330566406}, "3": {"loss": 2.9512579441070557}, "4": {"loss": 1.6700910329818726}}