{"0": {"loss": 2.517682647705078}, "1": {"loss": 2.347179412841797}, "2": {"loss": 1.3022789001464843}, "3": {"loss": 0.6270947933197022}, "4": {"loss": 0.3837629556655884}}