{"0": {"loss": 2.143578052520752}, "1": {"loss": 2.0379416942596436}, "2": {"loss": 1.2528003454208374}, "3": {"loss": 0.7638993263244629}, "4": {"loss": 0.3935675024986267}}