{"0": {"loss": 2.1482884883880615}, "1": {"loss": 2.1482884883880615}, "2": {"loss": 1.5140509605407715}, "3": {"loss": 1.5508805513381958}, "4": {"loss": 0.7748241424560547}}