{"0": {"loss": 2.700850009918213}, "1": {"loss": 1.7635762691497803}, "2": {"loss": 1.028870940208435}, "3": {"loss": 0.7157674431800842}, "4": {"loss": 0.5404011011123657}}