{"0": {"loss": 2.551244354248047}, "1": {"loss": 2.2515789031982423}, "2": {"loss": 1.1632970809936523}, "3": {"loss": 0.7727691650390625}, "4": {"loss": 0.45263309478759767}}