{"0": {"loss": 2.1359119415283203}, "1": {"loss": 3.8702552318573}, "2": {"loss": 2.350950241088867}, "3": {"loss": 1.1623573303222656}, "4": {"loss": 0.811585009098053}}{"0": {"loss": 2.1359119415283203}, "1": {"loss": 3.9144649505615234}, "2": {"loss": 2.657487392425537}, "3": {"loss": 1.3568830490112305}, "4": {"loss": 0.8639335632324219}}