{"0": {"loss": 2.3268629709879556}, "1": {"loss": 2.1432501475016275}, "2": {"loss": 1.0186769167582195}, "3": {"loss": 0.4809824625651042}, "4": {"loss": 0.37560145060221356}}