{"0": {"loss": 2.1951963901519775}, "1": {"loss": 2.0543413162231445}, "2": {"loss": 1.4016125202178955}, "3": {"loss": 0.7498214840888977}, "4": {"loss": 0.6039893627166748}}