{"0": {"loss": 2.2855685551961265}, "1": {"loss": 1.8255761464436848}, "2": {"loss": 1.8178757031758626}, "3": {"loss": 1.1895368893941243}, "4": {"loss": 0.770609458287557}}