{"0": {"loss": 2.719910144805908}, "1": {"loss": 1.7814781665802002}, "2": {"loss": 1.1405811309814453}, "3": {"loss": 0.6300710439682007}, "4": {"loss": 0.5446191430091858}}