{"0": {"loss": 2.3593056201934814}, "1": {"loss": 2.05375075340271}, "2": {"loss": 1.2621699571609497}, "3": {"loss": 0.7163506150245667}, "4": {"loss": 0.3416905105113983}}