{"0": {"loss": 2.2585418701171873}, "1": {"loss": 2.3279626846313475}, "2": {"loss": 1.2109083175659179}, "3": {"loss": 0.6356161594390869}, "4": {"loss": 0.3662997245788574}}