{"0": {"loss": 2.2215659618377686}, "1": {"loss": 2.0268847942352295}, "2": {"loss": 2.119380235671997}, "3": {"loss": 1.2770750522613525}, "4": {"loss": 0.747799813747406}}