{"0": {"loss": 2.6962818145751952}, "1": {"loss": 2.4688531875610353}, "2": {"loss": 1.0554649353027343}, "3": {"loss": 0.5201563835144043}, "4": {"loss": 0.42295517921447756}}