{"0": {"loss": 2.6607433319091798}, "1": {"loss": 2.4151142120361326}, "2": {"loss": 1.1760501861572266}, "3": {"loss": 0.6860649585723877}, "4": {"loss": 0.4378347396850586}}