{"0": {"loss": 2.366971492767334}, "1": {"loss": 2.2942800521850586}, "2": {"loss": 1.6862088441848755}, "3": {"loss": 1.1126770973205566}, "4": {"loss": 0.7504866123199463}}