{"0": {"loss": 2.4388270378112793}, "1": {"loss": 1.9242688814798992}, "2": {"loss": 1.6754350662231445}, "3": {"loss": 0.8897721767425537}, "4": {"loss": 0.9352976481119791}}