{"0": {"loss": 2.5368282318115236}, "1": {"loss": 2.3357824325561523}, "2": {"loss": 1.1237178802490235}, "3": {"loss": 0.6172631263732911}, "4": {"loss": 0.42237329483032227}}