{"0": {"loss": 2.480356979370117}, "1": {"loss": 2.467078971862793}, "2": {"loss": 1.2499995231628418}, "3": {"loss": 0.7263710975646973}, "4": {"loss": 0.5377082824707031}}