{"0": {"loss": 2.4236741065979004}, "1": {"loss": 3.6792845726013184}, "2": {"loss": 3.6896533966064453}, "3": {"loss": 2.8493900299072266}, "4": {"loss": 1.9228789806365967}}