{"0": {"loss": 2.136802355448405}, "1": {"loss": 2.4604387283325195}, "2": {"loss": 1.8949801127115886}, "3": {"loss": 1.3484147389729817}, "4": {"loss": 0.6980290412902832}}