{"0": {"loss": 2.670818328857422}, "1": {"loss": 3.162957191467285}, "2": {"loss": 1.4537278413772583}, "3": {"loss": 0.7068345546722412}, "4": {"loss": 0.6322854161262512}}