{"0": {"loss": 2.3166414896647134}, "1": {"loss": 2.926952362060547}, "2": {"loss": 1.6781574885050456}, "3": {"loss": 0.9298264980316162}, "4": {"loss": 0.7876507441202799}}