{"0": {"loss": 2.2837549209594727}, "1": {"loss": 1.6495288848876952}, "2": {"loss": 0.7999491691589355}, "3": {"loss": 0.39057326316833496}, "4": {"loss": 0.34111695289611815}}