{"0": {"loss": 2.637118339538574}, "1": {"loss": 3.359316825866699}, "2": {"loss": 3.37106990814209}, "3": {"loss": 2.5721664428710938}, "4": {"loss": 2.2009806632995605}}