{"0": {"loss": 2.5137065251668296}, "1": {"loss": 3.428093910217285}, "2": {"loss": 4.334897994995117}, "3": {"loss": 5.629985173543294}, "4": {"loss": 2.233651796976725}}