{"0": {"loss": 2.339344024658203}, "1": {"loss": 1.615275541941325}, "2": {"loss": 0.9361414114634196}, "3": {"loss": 0.5297520160675049}, "4": {"loss": 0.43387683232625324}}