{"0": {"loss": 2.38163161277771}, "1": {"loss": 2.38163161277771}, "2": {"loss": 2.38163161277771}, "3": {"loss": 2.38163161277771}, "4": {"loss": 2.1076340675354004}}