{"0": {"loss": 2.1332404613494873}, "1": {"loss": 2.1332404613494873}, "2": {"loss": 2.1332404613494873}, "3": {"loss": 2.1332404613494873}, "4": {"loss": 2.1332404613494873}}