{"0": {"loss": 2.0642267862955728}, "1": {"loss": 2.0642267862955728}, "2": {"loss": 1.5385608673095703}, "3": {"loss": 0.7373137474060059}, "4": {"loss": 0.6995032628377279}}