{"0": {"loss": 1.7309481213019942}, "1": {"loss": 1.7058998566362449}}