{"0": {"loss": 1.799492371984599}, "1": {"loss": 1.7720684525766532}}