{"0": {"loss": 1.7317569724883646}, "1": {"loss": 1.7053349743124842}}