{"0": {"loss": 1.8015644443659828}, "1": {"loss": 1.7743624193269862}}