{"0": {"loss": 1.7625991215522023}, "1": {"loss": 1.7057465993832606}}