{"0": {"loss": 1.6990126486522443}, "1": {"loss": 1.637341555003997}}