{"0": {"loss": 2.6687667846679686}, "1": {"loss": 2.457830047607422}, "2": {"loss": 1.602182388305664}, "3": {"loss": 1.304469680786133}, "4": {"loss": 0.5623286724090576}}