{"0": {"loss": 1.956948161125183}, "1": {"loss": 1.956948161125183}, "2": {"loss": 1.9720739126205444}, "3": {"loss": 2.4337611198425293}, "4": {"loss": 2.551713466644287}}