{"0": {"loss": 2.425869835747613}, "1": {"loss": 1.8520064883761935}, "2": {"loss": 1.0591227213541667}, "3": {"loss": 0.7245402336120605}, "4": {"loss": 1.135379261440701}}