{"0": {"loss": 2.328768014907837}, "1": {"loss": 1.831902265548706}, "2": {"loss": 1.9815642833709717}, "3": {"loss": 2.081202983856201}, "4": {"loss": 1.7903587818145752}}