{"0": {"loss": 2.1482884883880615}, "1": {"loss": 2.1482884883880615}, "2": {"loss": 1.5431947708129883}, "3": {"loss": 1.5122530460357666}, "4": {"loss": 1.113649606704712}}