{"0": {"loss": 2.1352765401204428}, "1": {"loss": 2.269275410970052}, "2": {"loss": 1.3399264017740886}, "3": {"loss": 0.9554195404052734}, "4": {"loss": 0.8164143244425456}}