{"0": {"loss": 2.1848418291877296}, "1": {"loss": 1.3266557805678423}, "2": {"loss": 0.8561658298268038}, "3": {"loss": 1.292073418112362}, "4": {"loss": 1.0787436541389017}}