{"0": {"loss": 2.109587139553494}, "1": {"loss": 1.4770581987169054}, "2": {"loss": 0.8581565221150717}, "3": {"loss": 0.5211144023471408}, "4": {"loss": 0.4171953996022542}}