{"0": {"loss": 2.155958720615932}, "1": {"loss": 1.678962026323591}, "2": {"loss": 1.1209464073181152}, "3": {"loss": 0.5954957689557757}, "4": {"loss": 0.4018350328717913}}