{"0": {"loss": 2.1951591968536377}, "1": {"loss": 1.6288495063781738}, "2": {"loss": 1.6244208812713623}, "3": {"loss": 1.6240750551223755}, "4": {"loss": 1.6290650367736816}}