{"0": {"loss": 2.956812177385603}, "1": {"loss": 2.8586703709193637}, "2": {"loss": 2.5009193420410156}, "3": {"loss": 2.3553134373256137}, "4": {"loss": 1.4182376861572266}}