{"0": {"loss": 2.350026790912335}, "1": {"loss": 1.688928017249474}, "2": {"loss": 1.3491932795597956}, "3": {"loss": 0.7844036542452298}, "4": {"loss": 1.0065845342782826}}