{"0": {"loss": 2.712132317679269}, "1": {"loss": 2.1833511080060686}, "2": {"loss": 1.7880924769810267}, "3": {"loss": 1.2756479808262415}, "4": {"loss": 0.6657525471278599}}