{"0": {"loss": 2.488808280543277}, "1": {"loss": 1.6733993731046979}, "2": {"loss": 1.3062218113949424}, "3": {"loss": 1.2003208963494552}, "4": {"loss": 0.8665848782188014}}