{"0": {"loss": 2.471447308858236}, "1": {"loss": 2.4796787897745767}, "2": {"loss": 2.507488568623861}, "3": {"loss": 1.0355602105458577}, "4": {"loss": 0.7881274223327637}}