{"0": {"loss": 1.9819122950236003}, "1": {"loss": 2.9867064158121743}, "2": {"loss": 2.9511356353759766}, "3": {"loss": 1.888797124226888}, "4": {"loss": 3.418916702270508}}