{"0": {"loss": 2.4709606170654297}, "1": {"loss": 2.8206764856974282}, "2": {"loss": 2.6960248947143555}, "3": {"loss": 2.09415610631307}, "4": {"loss": 1.235575278600057}}