{"0": {"loss": 2.2743446032206216}, "1": {"loss": 3.758941332499186}, "2": {"loss": 4.2767534255981445}, "3": {"loss": 6.39140510559082}, "4": {"loss": 2.23974879582723}}