{"0": {"loss": 2.498046636581421}, "1": {"loss": 1.7795264720916748}, "2": {"loss": 1.212601661682129}, "3": {"loss": 0.9878641963005066}, "4": {"loss": 0.8807551860809326}}