{"0": {"loss": 2.38527340359158}, "1": {"loss": 1.9296323988172743}, "2": {"loss": 1.1485913594563801}, "3": {"loss": 0.7887821197509766}, "4": {"loss": 0.6775066587660048}}