{"0": {"loss": 2.7650516033172607}, "1": {"loss": 2.0293772220611572}, "2": {"loss": 1.116345763206482}, "3": {"loss": 0.9707216024398804}, "4": {"loss": 0.7132763266563416}}