{"0": {"loss": 1.9755439758300781}, "1": {"loss": 1.848024050394694}, "2": {"loss": 1.611680507659912}, "3": {"loss": 1.8681627909342449}, "4": {"loss": 1.694669246673584}}