{"0": {"loss": 4.236242406508502}, "1": {"loss": 4.18874179615694}, "2": {"loss": 3.1456303316004135}, "3": {"loss": 1.8591807870303882}, "4": {"loss": 1.5229616726146025}}