{"0": {"loss": 3.303675651550293}, "1": {"loss": 5.612674077351888}, "2": {"loss": 7.77517573038737}, "3": {"loss": 5.844220479329427}, "4": {"loss": 0.0}}