{"0": {"loss": 2.8040598819130347}, "1": {"loss": 2.0874521355879936}, "2": {"loss": 6.70791304738898}, "3": {"loss": 2.388087423224198}, "4": {"loss": 1.361239282708419}}