{"0": {"loss": 3.1242294311523438}, "1": {"loss": 2.5862557547433034}, "2": {"loss": 2.629373550415039}, "3": {"loss": 2.6124474661690846}, "4": {"loss": 2.0526282446725026}}