{"0": {"loss": 3.3871102333068848}, "1": {"loss": 2.267381191253662}, "2": {"loss": 1.359227180480957}, "3": {"loss": 1.3110902309417725}, "4": {"loss": 0.970763087272644}}