{"0": {"loss": 2.146366755167643}, "1": {"loss": 3.3264923095703125}, "2": {"loss": 1.727462609608968}, "3": {"loss": 1.2357311248779297}, "4": {"loss": 0.5764517386754354}}