{"0": {"loss": 2.52146409687243}, "1": {"loss": 2.1298601250899467}, "2": {"loss": 1.3279979103489925}, "3": {"loss": 1.525609668932463}, "4": {"loss": 0.8276705490915399}}