{"0": {"loss": 1.6181392669677734}, "1": {"loss": 1.6181392669677734}, "2": {"loss": 1.6181392669677734}, "3": {"loss": 0.9854525923728943}, "4": {"loss": 0.9838383793830872}}