{"0": {"loss": 3.1058454513549805}, "1": {"loss": 2.6675291061401367}, "2": {"loss": 2.1917214393615723}, "3": {"loss": 2.0539045333862305}, "4": {"loss": 2.811317205429077}}