{"0": {"loss": 2.4219349452427457}, "1": {"loss": 2.5274505615234375}, "2": {"loss": 2.393680844988142}, "3": {"loss": 1.8242958613804408}, "4": {"loss": 1.4275732040405273}}