{"0": {"loss": 2.202470991346571}, "1": {"loss": 1.9922525617811415}, "2": {"loss": 2.394648445977105}, "3": {"loss": 1.858265135023329}, "4": {"loss": 1.1590313381618924}}