{"0": {"loss": 2.2993666330973306}, "1": {"loss": 1.7372212939792209}, "2": {"loss": 1.1114511489868164}, "3": {"loss": 0.6775810453626845}, "4": {"loss": 0.6209084722730849}}