{"0": {"loss": 3.0207865097943474}, "1": {"loss": 1.9502139371984146}, "2": {"loss": 1.452285317813649}, "3": {"loss": 0.8428930955774644}, "4": {"loss": 0.9219476475435144}}