{"0": {"loss": 2.3025134693492544}, "1": {"loss": 2.2817514592950996}, "2": {"loss": 2.4311398592862217}, "3": {"loss": 2.0535769029097124}, "4": {"loss": 1.671695189042525}}