{"0": {"loss": 2.165653677547679}, "1": {"loss": 1.652249392341165}, "2": {"loss": 1.3197957207174862}, "3": {"loss": 1.0397730434642118}, "4": {"loss": 0.8223686779246611}}