{"0": {"loss": 2.2817516326904297}, "1": {"loss": 2.2002100944519043}, "2": {"loss": 1.3726050853729248}, "3": {"loss": 1.2635778188705444}, "4": {"loss": 0.6297663450241089}}