{"0": {"loss": 2.4341860684481533}, "1": {"loss": 2.006510994651101}, "2": {"loss": 1.4960614984685725}, "3": {"loss": 0.8506873737681996}, "4": {"loss": 0.6431059837341309}}