{"0": {"loss": 2.3186363220214843}, "1": {"loss": 2.5066225051879885}, "2": {"loss": 1.8540403366088867}, "3": {"loss": 1.2242616653442382}, "4": {"loss": 1.2446279525756836}}