{"0": {"loss": 2.2322551727294924}, "1": {"loss": 2.002385139465332}, "2": {"loss": 1.8603866577148438}, "3": {"loss": 0.8134684562683105}, "4": {"loss": 0.39575355052947997}}