{"0": {"loss": 2.5928357442220054}, "1": {"loss": 1.7903719584147135}, "2": {"loss": 1.630096181233724}, "3": {"loss": 1.5738311767578126}, "4": {"loss": 0.9254884719848633}}