{"0": {"loss": 2.1826400756835938}, "1": {"loss": 2.5869034131368003}, "2": {"loss": 2.842700640360514}, "3": {"loss": 1.5497398376464844}, "4": {"loss": 1.1793983777364094}}