{"0": {"loss": 2.7377567291259766}, "1": {"loss": 1.7354598999023438}, "2": {"loss": 1.020466423034668}, "3": {"loss": 0.7422278881072998}, "4": {"loss": 0.3970043420791626}}