{"0": {"loss": 2.1239094734191895}, "1": {"loss": 2.2613587379455566}, "2": {"loss": 1.1675312519073486}, "3": {"loss": 0.6476997137069702}, "4": {"loss": 0.4278058707714081}}