{"0": {"loss": 2.3812263890316614}, "1": {"loss": 1.8468792563990544}, "2": {"loss": 1.660008380287572}, "3": {"loss": 2.00630689922132}, "4": {"loss": 1.3093330985621403}}