{"0": {"loss": 2.471043109893799}, "1": {"loss": 2.250290870666504}, "2": {"loss": 4.211055278778076}, "3": {"loss": 5.734994888305664}, "4": {"loss": 3.188162088394165}}