{"0": {"loss": 2.620977274576823}, "1": {"loss": 1.9857749938964844}, "2": {"loss": 1.5227261861165364}, "3": {"loss": 1.2060986836751302}, "4": {"loss": 1.1206541697184245}}