{"0": {"loss": 2.1846389770507812}, "1": {"loss": 1.8144681830155223}, "2": {"loss": 1.1861085389789783}, "3": {"loss": 0.8467252630936472}, "4": {"loss": 0.8866929506000719}}