{"0": {"loss": 2.252148734198676}, "1": {"loss": 1.9736467997233074}, "2": {"loss": 2.104753706190321}, "3": {"loss": 0.8377873632642958}, "4": {"loss": 0.6203484535217285}}