{"0": {"loss": 2.2213058471679688}, "1": {"loss": 2.2027063369750977}, "2": {"loss": 1.6672709782918294}, "3": {"loss": 1.9977526664733887}, "4": {"loss": 2.979656219482422}}