{"0": {"loss": 2.385933442549272}, "1": {"loss": 1.7362424677068538}, "2": {"loss": 1.3501673611727627}, "3": {"loss": 1.9739353873512961}, "4": {"loss": 0.8089975010265004}}