{"0": {"loss": 2.241305301063939}, "1": {"loss": 1.5634673269171464}, "2": {"loss": 1.1475463666413959}, "3": {"loss": 0.7584747515226665}, "4": {"loss": 0.6321715304726049}}