{"0": {"loss": 3.4188755580357144}, "1": {"loss": 3.199206215994699}, "2": {"loss": 4.543986729213169}, "3": {"loss": 3.094846452985491}, "4": {"loss": 2.0061913899012973}}