{"0": {"loss": 2.6796587163751777}, "1": {"loss": 2.48525654185902}, "2": {"loss": 6.388336875221946}, "3": {"loss": 7.341472278941762}, "4": {"loss": 5.832361394708807}}