{"0": {"loss": 2.6587533950805664}, "1": {"loss": 3.195173899332682}, "2": {"loss": 4.9530989329020185}, "3": {"loss": 4.253986676534017}, "4": {"loss": 3.5023625691731772}}