{"0": {"loss": 2.908649762471517}, "1": {"loss": 2.1405892372131348}, "2": {"loss": 1.4318766593933105}, "3": {"loss": 0.8175244331359863}, "4": {"loss": 0.4742732842763265}}