{"0": {"loss": 2.1966404914855957}, "1": {"loss": 2.751959800720215}, "2": {"loss": 2.451925754547119}, "3": {"loss": 1.3584675788879395}, "4": {"loss": 0.7407094836235046}}