{"0": {"loss": 2.0020145688738142}, "1": {"loss": 1.7348269053867884}, "2": {"loss": 1.2927806036812919}, "3": {"loss": 1.0342367036002023}, "4": {"loss": 0.6683590752737862}}