{"0": {"loss": 2.35676638285319}, "1": {"loss": 2.012483172946506}, "2": {"loss": 1.6645501454671223}, "3": {"loss": 1.2197262446085613}, "4": {"loss": 0.571163124508328}}