{"0": {"loss": 2.266102345784505}, "1": {"loss": 1.8977039337158204}, "2": {"loss": 1.4141909281412761}, "3": {"loss": 0.8722250620524089}, "4": {"loss": 0.6376597722371419}}