{"0": {"loss": 2.6536088943481446}, "1": {"loss": 2.9344257354736327}, "2": {"loss": 2.7448516845703126}, "3": {"loss": 1.5645139694213868}, "4": {"loss": 0.7866901397705078}}