{"0": {"loss": 2.0261361598968506}, "1": {"loss": 1.9418355226516724}, "2": {"loss": 1.1080187559127808}, "3": {"loss": 0.6654818058013916}, "4": {"loss": 0.7914145588874817}}