{"0": {"loss": 2.3442662556966147}, "1": {"loss": 2.4815605163574217}, "2": {"loss": 2.329578653971354}, "3": {"loss": 1.353081766764323}, "4": {"loss": 0.9305953979492188}}