{"0": {"loss": 2.553584861755371}, "1": {"loss": 1.9823850631713866}, "2": {"loss": 2.0477121353149412}, "3": {"loss": 2.0183713912963865}, "4": {"loss": 0.9774457931518554}}