{"0": {"loss": 2.1695775985717773}, "1": {"loss": 2.14096736907959}, "2": {"loss": 1.4634090423583985}, "3": {"loss": 0.9284177780151367}, "4": {"loss": 0.8275734901428222}}