{"0": {"loss": 2.398965132863898}, "1": {"loss": 2.068002801192434}, "2": {"loss": 1.276205062866211}, "3": {"loss": 0.9794936933015522}, "4": {"loss": 0.7041996403744346}}