{"0": {"loss": 2.2632088661193848}, "1": {"loss": 2.114433765411377}, "2": {"loss": 1.0463002920150757}, "3": {"loss": 0.8711352348327637}, "4": {"loss": 1.5230427980422974}}