{"0": {"loss": 2.3750290870666504}, "1": {"loss": 2.578546682993571}, "2": {"loss": 3.780760129292806}, "3": {"loss": 3.8156986236572266}, "4": {"loss": 2.9284187952677407}}