{"0": {"loss": 2.396442413330078}, "1": {"loss": 1.7714606065016527}, "2": {"loss": 1.3573533571683443}, "3": {"loss": 1.4055972466102014}, "4": {"loss": 1.1621068807748647}}