{"0": {"loss": 2.3366341061062283}, "1": {"loss": 1.8948709699842665}, "2": {"loss": 1.5238451427883573}, "3": {"loss": 1.3489639494154189}, "4": {"loss": 1.1650790108574762}}