{"0": {"loss": 2.7784121377127513}, "1": {"loss": 3.326295852661133}, "2": {"loss": 1.8586271830967493}, "3": {"loss": 1.0703267369951521}, "4": {"loss": 0.6626509938921247}}