{"0": {"loss": 2.615213220769709}, "1": {"loss": 1.7203570279208096}, "2": {"loss": 1.3000188307328657}, "3": {"loss": 0.9791552803733132}, "4": {"loss": 0.676804932680997}}