{"0": {"loss": 2.9188172817230225}, "1": {"loss": 2.117987632751465}, "2": {"loss": 1.7426700592041016}, "3": {"loss": 2.0236828327178955}, "4": {"loss": 1.4027432203292847}}