{"0": {"loss": 2.4827372233072915}, "1": {"loss": 2.3036412133110895}, "2": {"loss": 2.363346947564019}, "3": {"loss": 1.536537276373969}, "4": {"loss": 1.4772223366631403}}