{"0": {"loss": 2.6215802972966973}, "1": {"loss": 2.5536656813188032}, "2": {"loss": 2.2880273298783735}, "3": {"loss": 1.262658032503995}, "4": {"loss": 0.894518332047896}}