{"0": {"loss": 2.5053499221801756}, "1": {"loss": 2.347881317138672}, "2": {"loss": 1.7895469665527344}, "3": {"loss": 0.8806040763854981}, "4": {"loss": 0.6628853797912597}}