{"0": {"loss": 2.3547388712565103}, "1": {"loss": 2.3083945910135903}, "2": {"loss": 1.623442808787028}, "3": {"loss": 1.038605531056722}, "4": {"loss": 0.7404459317525228}}