{"0": {"loss": 2.544745725743911}, "1": {"loss": 1.8873692680807674}, "2": {"loss": 1.208481283748851}, "3": {"loss": 1.7215662563548368}, "4": {"loss": 1.4159848830279183}}