{"0": {"loss": 2.3767215728759767}, "1": {"loss": 2.44043025970459}, "2": {"loss": 1.6322898864746094}, "3": {"loss": 1.6029777526855469}, "4": {"loss": 1.049842071533203}}