{"0": {"loss": 3.6182823181152344}, "1": {"loss": 2.542938232421875}, "2": {"loss": 1.6703376770019531}, "3": {"loss": 1.7712688446044922}, "4": {"loss": 1.3100593090057373}}