{"0": {"loss": 2.675503657414363}, "1": {"loss": 1.7723159790039062}, "2": {"loss": 1.3245635399451623}, "3": {"loss": 0.7992850817166842}, "4": {"loss": 0.7166010783268855}}