{"0": {"loss": 2.5408389568328857}, "1": {"loss": 2.0566792488098145}, "2": {"loss": 1.129473090171814}, "3": {"loss": 1.0959699153900146}, "4": {"loss": 0.7491506934165955}}