{"0": {"loss": 2.2379636764526367}, "1": {"loss": 2.6087339401245115}, "2": {"loss": 2.2855340957641603}, "3": {"loss": 2.0637420654296874}, "4": {"loss": 1.5876720428466797}}