{"0": {"loss": 2.184889899359809}, "1": {"loss": 1.7745723724365234}, "2": {"loss": 1.1764646106296115}, "3": {"loss": 0.8347222010294596}, "4": {"loss": 0.5796152220831977}}