{"0": {"loss": 2.3547816276550293}, "1": {"loss": 3.4410207271575928}, "2": {"loss": 2.8738350868225098}, "3": {"loss": 1.4479320049285889}, "4": {"loss": 1.033335566520691}}