{"0": {"loss": 2.123974744011374}, "1": {"loss": 1.2302572586957146}, "2": {"loss": 0.9324547262752757}, "3": {"loss": 4.270892423741958}, "4": {"loss": 8.22575288660386}}