{"0": {"loss": 2.4551840389476105}, "1": {"loss": 1.9371272816377527}, "2": {"loss": 2.0816237505744484}, "3": {"loss": 1.1813560934627758}, "4": {"loss": 1.163644454058479}}