{"4": {"loss": 2.296525319417318}, "5": {"loss": 1.8408085686819895}, "6": {"loss": 1.1954904783339728}, "7": {"loss": 0.6841302803584508}, "8": {"loss": 0.36843335514976866}, "9": {"loss": 0.20317595970062982}, "10": {"loss": 0.13980843793778192}, "11": {"loss": 0.1024488891874041}, "12": {"loss": 0.09339286202476138}, "13": {"loss": 0.08235205071313041}, "14": {"loss": 0.07288734657423837}, "15": {"loss": 0.06901142937796456}, "16": {"loss": 0.06389773544811067}, "17": {"loss": 0.06497645236196972}, "18": {"loss": 0.053025154840378536}, "19": {"loss": 0.05720994756335304}, "20": {"loss": 0.059152504376002724}, "21": {"loss": 0.052644428326970055}, "22": {"loss": 0.056524652242660525}, "23": {"loss": 0.053602140290396554}, "24": {"loss": 0.055349957659131005}, "25": {"loss": 0.05043439127150036}, "26": {"loss": 0.04744422762166886}, "27": {"loss": 0.04760499894618988}, "28": {"loss": 0.0444381696837289}, "29": {"loss": 0.04768076510656448}, "30": {"loss": 0.04182658862499963}, "31": {"loss": 0.044944439615522115}, "32": {"loss": 0.046721352282024564}, "33": {"loss": 0.04508199138300759}, "34": {"loss": 0.047081669313567026}, "35": {"loss": 0.04621651797067551}, "36": {"loss": 0.048228780996231804}, "37": {"loss": 0.043223809344427926}, "38": {"loss": 0.04164626371292841}, "39": {"loss": 0.04401022351923443}, "40": {"loss": 0.04804487568991525}, "41": {"loss": 0.041751333077748615}, "42": {"loss": 0.03925494665191287}, "43": {"loss": 0.0413272921528135}, "44": {"loss": 0.040325682220004856}, "45": {"loss": 0.039358146985371906}, "46": {"loss": 0.036861429469926016}, "47": {"loss": 0.045567062355223155}, "48": {"loss": 0.04663782517115275}, "49": {"loss": 0.04799280989737738}, "50": {"loss": 0.04476338071482522}, "51": {"loss": 0.0452094194434938}, "52": {"loss": 0.041686915925570896}, "53": {"loss": 0.04929187170096806}, "54": {"loss": 0.04207615852355957}, "55": {"loss": 0.040122048627762565}, "56": {"loss": 0.03411327415988559}, "57": {"loss": 0.04577767934117998}, "58": {"loss": 0.04129784979990551}, "59": {"loss": 0.034828352076666694}, "60": {"loss": 0.03679128246647971}, "61": {"loss": 0.040735092191469105}, "62": {"loss": 0.03803752007938567}, "63": {"loss": 0.03695854005359468}, "64": {"loss": 0.036829723346801034}, "65": {"loss": 0.03457728794642857}, "66": {"loss": 0.03719596862792969}, "67": {"loss": 0.038061953016689846}, "68": {"loss": 0.04204629716419038}, "69": {"loss": 0.04195825627871922}, "70": {"loss": 0.05303819264684405}, "71": {"loss": 0.04884840051333109}, "72": {"loss": 0.047505591738791694}, "73": {"loss": 0.04074598834628151}, "74": {"loss": 0.04459776537758964}, "75": {"loss": 0.03973843171482994}, "76": {"loss": 0.04129878126439594}, "77": {"loss": 0.03956221923941658}, "78": {"loss": 0.04199163033848717}, "79": {"loss": 0.037615969351359774}, "80": {"loss": 0.0365213665224257}, "81": {"loss": 0.033974328353291464}, "82": {"loss": 0.036832480487369354}, "83": {"loss": 0.03469575813838414}, "84": {"loss": 0.04210799222900754}, "85": {"loss": 0.037779557421093894}, "86": {"loss": 0.04161082250731332}, "87": {"loss": 0.041978684777305236}, "88": {"loss": 0.03856023053328196}, "89": {"loss": 0.03933520799591428}, "90": {"loss": 0.03674986951407932}, "91": {"loss": 0.036789115624768394}, "92": {"loss": 0.03791228078660511}, "93": {"loss": 0.037201124145871116}, "94": {"loss": 0.03776696040516808}, "95": {"loss": 0.0350283240988141}, "96": {"loss": 0.044455826708248686}, "97": {"loss": 0.03682152345066979}, "98": {"loss": 0.03677811097531092}, "99": {"loss": 0.04333193798859914}}{"4": {"loss": 2.3102311452229816}, "5": {"loss": 1.8424949191865467}, "6": {"loss": 1.1923893928527831}, "7": {"loss": 0.6735010601225353}, "8": {"loss": 0.36836767537253245}, "9": {"loss": 0.2110319421404884}, "11": {"loss": 0.14851077851795014}, "12": {"loss": 0.1151361760639009}, "13": {"loss": 0.08962520020348685}, "14": {"loss": 0.08293396035830179}, "15": {"loss": 0.08134864483560834}, "16": {"loss": 0.0864056062130701}, "17": {"loss": 0.07338959177335104}, "18": {"loss": 0.06605969383603051}, "19": {"loss": 0.06540423064004808}, "21": {"loss": 0.05684989293416341}, "22": {"loss": 0.05567639980997358}, "23": {"loss": 0.05447022460755848}, "24": {"loss": 0.049761485769635155}, "25": {"loss": 0.05921266646612258}, "26": {"loss": 0.052993238539922806}, "27": {"loss": 0.04607020275933402}, "28": {"loss": 0.05182890196641286}, "29": {"loss": 0.048336906660170785}, "31": {"loss": 0.049731448718479704}, "32": {"loss": 0.04606835274469285}, "33": {"loss": 0.04310544771807534}, "34": {"loss": 0.04054606216294425}, "35": {"loss": 0.04197689152899243}, "36": {"loss": 0.04382038371903556}, "37": {"loss": 0.03898426861990066}, "38": {"loss": 0.04302460749944051}, "39": {"loss": 0.04406760178861164}, "41": {"loss": 0.04340709007921673}, "42": {"loss": 0.044012296483630226}, "43": {"loss": 0.04490365357626052}, "44": {"loss": 0.050638207509404135}, "45": {"loss": 0.05250751035554069}, "46": {"loss": 0.05104091791879563}, "47": {"loss": 0.05298911191168285}, "48": {"loss": 0.043411569510187424}, "49": {"loss": 0.05197279793875558}, "51": {"loss": 0.04474623118128095}, "52": {"loss": 0.0448289604414077}, "53": {"loss": 0.04507697579406557}, "54": {"loss": 0.04255874043419248}, "55": {"loss": 0.042036397116524835}, "56": {"loss": 0.04301557058379764}, "57": {"loss": 0.03888991609925316}, "58": {"loss": 0.04099447854927608}, "59": {"loss": 0.03822767521653857}, "61": {"loss": 0.03476707658597401}, "62": {"loss": 0.037581153426851546}, "63": {"loss": 0.03704435853731065}, "64": {"loss": 0.03873429184868222}, "65": {"loss": 0.03528016053494953}, "66": {"loss": 0.03683555977685111}, "67": {"loss": 0.03428603282996586}, "68": {"loss": 0.03289185961087545}, "69": {"loss": 0.03356544886316572}, "71": {"loss": 0.03610118670122964}, "72": {"loss": 0.042507195756548925}, "73": {"loss": 0.040527390298389254}, "74": {"loss": 0.041933709383010866}, "75": {"loss": 0.04192462336449396}, "76": {"loss": 0.03816835795130048}, "77": {"loss": 0.05252174593153454}, "78": {"loss": 0.04291785359382629}, "79": {"loss": 0.0421534184898649}, "81": {"loss": 0.04234453155880882}, "82": {"loss": 0.04229788283507029}, "83": {"loss": 0.038093203022366476}, "84": {"loss": 0.03691609459263938}, "85": {"loss": 0.03974831132661728}, "86": {"loss": 0.04114824661186763}, "87": {"loss": 0.04282404567514147}, "88": {"loss": 0.03822517196337382}, "89": {"loss": 0.043177078877176554}, "91": {"loss": 0.03790893497921172}, "92": {"loss": 0.03882426619529724}, "93": {"loss": 0.03911167269661313}, "94": {"loss": 0.036714549291701544}, "95": {"loss": 0.03599992025466192}, "96": {"loss": 0.03752172149363018}, "97": {"loss": 0.04231355864377249}, "98": {"loss": 0.040635588623228525}, "99": {"loss": 0.04195307521593003}}