{"8": {"loss": 2.338110556969276}, "9": {"loss": 1.9717975029578576}, "11": {"loss": 1.5666622748741736}, "12": {"loss": 1.0632187036367564}, "13": {"loss": 0.6313614478478065}, "14": {"loss": 0.35477396158071667}, "15": {"loss": 0.21466302871704102}, "16": {"loss": 0.13451853165259728}, "17": {"loss": 0.08674186926621658}, "18": {"loss": 0.09769862431746262}, "19": {"loss": 0.06904476881027222}, "21": {"loss": 0.059804412034841686}, "22": {"loss": 0.03857575013087346}, "23": {"loss": 0.05572791741444515}, "24": {"loss": 0.04218389437748836}, "25": {"loss": 0.04983337108905499}, "26": {"loss": 0.03450735944968004}, "27": {"loss": 0.02454036932725173}, "28": {"loss": 0.04213707722150362}, "29": {"loss": 0.0283372883613293}, "30": {"loss": 0.04350721836090088}, "31": {"loss": 0.03136165783955501}, "32": {"loss": 0.02940313174174382}, "33": {"loss": 0.023937582969665527}, "34": {"loss": 0.021371277479025032}, "35": {"loss": 0.028581057603542622}, "36": {"loss": 0.029943429506742038}, "37": {"loss": 0.022343818957989033}, "38": {"loss": 0.04267659095617441}, "39": {"loss": 0.026869157185921304}, "40": {"loss": 0.024048323814685527}, "41": {"loss": 0.0190219351878533}, "42": {"loss": 0.02138381737929124}, "43": {"loss": 0.03158888450035682}, "44": {"loss": 0.0213564198750716}, "45": {"loss": 0.016815354044620808}, "46": {"loss": 0.018414617731021002}, "47": {"loss": 0.024117430815329917}, "48": {"loss": 0.018440141127659723}, "49": {"loss": 0.02002903589835534}, "50": {"loss": 0.014224391717177171}, "51": {"loss": 0.01635171129153325}, "52": {"loss": 0.015912135060016926}, "53": {"loss": 0.017414754399886496}, "54": {"loss": 0.017704510918030374}, "55": {"loss": 0.01593374403623434}, "56": {"loss": 0.01692385398424589}, "57": {"loss": 0.019944599041571982}, "58": {"loss": 0.01625904211631188}, "59": {"loss": 0.017713640744869526}, "60": {"loss": 0.01453777918448815}, "61": {"loss": 0.014877118743382968}, "62": {"loss": 0.015524781667269193}, "63": {"loss": 0.019995334056707528}, "64": {"loss": 0.02106726857332083}, "65": {"loss": 0.022747667936178353}, "66": {"loss": 0.021016336404360257}, "67": {"loss": 0.017370648108995877}, "68": {"loss": 0.01646606967999385}, "69": {"loss": 0.016198225892507113}, "70": {"loss": 0.016470103309704706}, "71": {"loss": 0.017441568466333244}, "72": {"loss": 0.015976486297754142}, "73": {"loss": 0.018251497011918288}, "74": {"loss": 0.01640031773310441}, "75": {"loss": 0.014141312012305627}, "76": {"loss": 0.015041966850940999}, "77": {"loss": 0.021022166197116558}, "78": {"loss": 0.01737270332299746}, "79": {"loss": 0.01780298352241516}, "80": {"loss": 0.014952583954884456}, "81": {"loss": 0.015360865455407362}, "82": {"loss": 0.014383818094546977}, "83": {"loss": 0.015180851404483501}, "84": {"loss": 0.018548380870085496}, "85": {"loss": 0.016022993968083307}, "86": {"loss": 0.01704950974537776}, "87": {"loss": 0.01691889762878418}, "88": {"loss": 0.016684352205349848}, "89": {"loss": 0.01669189792412978}, "90": {"loss": 0.019816604944375846}, "91": {"loss": 0.014740401735672584}, "92": {"loss": 0.01604860104047335}, "93": {"loss": 0.014300071276151217}, "94": {"loss": 0.021103184956770677}, "95": {"loss": 0.017720520496368408}, "96": {"loss": 0.02193650374045739}, "97": {"loss": 0.01660527976659628}, "98": {"loss": 0.017674396817500774}, "99": {"loss": 0.016697057164632358}}