{"0": {"loss": 2.639621147742638}, "1": {"loss": 2.112916946411133}, "2": {"loss": 1.5801488436185396}, "3": {"loss": 0.7219835428091196}, "4": {"loss": 0.6236168054433969}, "5": {"loss": 0.6630367865929236}, "6": {"loss": 3.0764051584097056}, "7": {"loss": 0.9571480384239783}, "8": {"loss": 1.26911867581881}, "9": {"loss": 1.7427488473745494}}