{"7": {"loss": 2.335989335004021}, "8": {"loss": 1.9242425806382124}, "9": {"loss": 1.5125074947581572}, "10": {"loss": 0.9743063309613396}, "11": {"loss": 0.5962211945477653}, "12": {"loss": 0.31407813464894013}, "13": {"loss": 0.16239141015445485}, "14": {"loss": 0.11082783166099996}, "15": {"loss": 0.07215400303111356}, "16": {"loss": 0.07181392697726979}, "17": {"loss": 0.07311610614552218}, "18": {"loss": 0.06282389865202062}, "19": {"loss": 0.06144358831293443}, "20": {"loss": 0.04634725346284754}, "21": {"loss": 0.04126186931834502}, "22": {"loss": 0.027053408762987924}, "23": {"loss": 0.02777272813460406}, "24": {"loss": 0.040463668458602005}, "25": {"loss": 0.03152235465891221}, "26": {"loss": 0.023244957713519827}, "27": {"loss": 0.026973768192179063}, "28": {"loss": 0.03349583289202522}, "29": {"loss": 0.03215099432889153}, "30": {"loss": 0.03201160711400649}, "31": {"loss": 0.024561773328220144}, "32": {"loss": 0.0397531460313236}, "33": {"loss": 0.03735983371734619}, "34": {"loss": 0.03444897777893964}, "35": {"loss": 0.02516933048472685}, "36": {"loss": 0.03180599563262042}, "37": {"loss": 0.03340848403818467}, "38": {"loss": 0.03416510539896348}, "39": {"loss": 0.0398139567936168}, "40": {"loss": 0.03347698730580947}, "41": {"loss": 0.026921475634855384}, "42": {"loss": 0.03666800260543823}, "43": {"loss": 0.024483640404308542}, "44": {"loss": 0.030114794478696937}, "45": {"loss": 0.028593089650659}, "46": {"loss": 0.5462834975298714}, "47": {"loss": 0.5490052279304055}, "48": {"loss": 0.19849488314460306}, "49": {"loss": 0.18663496129653034}, "50": {"loss": 0.20463494693531709}, "51": {"loss": 0.04884806801291073}, "52": {"loss": 0.04024501407847685}, "53": {"loss": 0.034342134700101966}, "54": {"loss": 0.03368642049677232}, "55": {"loss": 0.032005243441637826}, "56": {"loss": 0.03619553762323716}, "57": {"loss": 0.029487140038434195}, "58": {"loss": 0.02272353628102471}, "59": {"loss": 0.02348197207731359}, "60": {"loss": 0.02058858731213738}, "61": {"loss": 0.019880855784696692}, "62": {"loss": 0.027737649048075956}, "63": {"loss": 0.02047855713788201}, "64": {"loss": 0.019706340397105497}, "65": {"loss": 0.024393488379085764}, "66": {"loss": 0.02445533696342917}, "67": {"loss": 0.02314396991449244}, "68": {"loss": 0.01972441462909474}, "69": {"loss": 0.020038729204851037}, "70": {"loss": 0.01971635047127219}, "71": {"loss": 0.01960355043411255}, "72": {"loss": 0.0234469613608192}, "73": {"loss": 0.019525641904157752}, "74": {"loss": 0.02266325319514555}, "75": {"loss": 0.019592607722562903}, "76": {"loss": 0.018843789311016306}, "77": {"loss": 0.01902175650877111}, "78": {"loss": 0.01863755373393788}, "79": {"loss": 0.018765293500002694}, "80": {"loss": 0.020291072480818805}, "81": {"loss": 0.02081090211868286}, "82": {"loss": 0.01963148397557876}, "83": {"loss": 0.02186837441780988}, "84": {"loss": 0.019905635539223168}, "85": {"loss": 0.01656944611493279}, "86": {"loss": 0.018973313710268808}, "87": {"loss": 0.018617766744950238}, "88": {"loss": 0.02256469165577608}, "89": {"loss": 0.020836735472959632}, "90": {"loss": 0.019332968136843515}, "91": {"loss": 0.022242908968644982}, "92": {"loss": 0.020276755094528198}, "93": {"loss": 0.018367337829926434}, "94": {"loss": 0.020044458263060626}, "95": {"loss": 0.02083780835656559}, "96": {"loss": 0.019299969953649184}, "97": {"loss": 0.020878691883648142}, "98": {"loss": 0.018640616360832665}, "99": {"loss": 0.01991065460092881}}