{"6": {"loss": 2.424268161549288}, "7": {"loss": 2.1312789916992188}, "8": {"loss": 1.3176870907054228}, "9": {"loss": 0.9820059608010685}}