{"0": {"loss": 2.4406210955451515}, "1": {"loss": 2.1144292494829964}, "2": {"loss": 1.3096277573529411}, "3": {"loss": 0.7832818311803481}, "4": {"loss": 1.4262973561006433}, "5": {"loss": 1.1954922395593979}}