{"0": {"loss": 2.279499287507972}, "1": {"loss": 1.8343825048329878}, "2": {"loss": 1.2281622594716597}, "3": {"loss": 0.7349903340242347}, "4": {"loss": 0.4308130692462532}, "5": {"loss": 0.25600919918138154}, "6": {"loss": 0.17674651437876177}, "7": {"loss": 0.13731238306785115}, "8": {"loss": 0.11769965230202188}, "9": {"loss": 0.10863161573604661}, "10": {"loss": 0.09624441302552515}, "11": {"loss": 0.09113856724330358}, "12": {"loss": 0.08080104175879031}, "13": {"loss": 0.08977220496352838}, "14": {"loss": 0.08083148878447864}, "15": {"loss": 0.0740333941518044}, "16": {"loss": 0.07670875228181177}, "17": {"loss": 0.06830647770239383}, "18": {"loss": 0.06526440990214445}, "19": {"loss": 0.06796991338535231}, "20": {"loss": 0.06579730218770552}, "21": {"loss": 0.059771686184162995}, "22": {"loss": 0.06091746018857372}, "23": {"loss": 0.05973024514256692}, "24": {"loss": 0.05587521621159145}, "25": {"loss": 0.05922724032888607}, "26": {"loss": 0.05603476689786327}, "27": {"loss": 0.05736326928041419}, "28": {"loss": 0.06114349073293258}, "29": {"loss": 0.060831914142686495}, "30": {"loss": 0.06676859515053886}, "31": {"loss": 0.060411112649100165}, "32": {"loss": 0.05767885276249477}, "33": {"loss": 0.05709597529197226}, "34": {"loss": 0.05397324416102195}, "35": {"loss": 0.054872337652712454}, "36": {"loss": 0.05302201241863017}, "37": {"loss": 0.05109737600599017}, "38": {"loss": 0.04853144713810512}, "39": {"loss": 0.04971868164685308}, "40": {"loss": 0.05076899333876007}, "41": {"loss": 0.04863875252859933}, "42": {"loss": 0.05091296410074039}, "43": {"loss": 0.04743329602844861}, "44": {"loss": 0.050723698674416055}, "45": {"loss": 0.05838402679988316}, "46": {"loss": 0.05870784788715596}, "47": {"loss": 0.04947056575697296}, "48": {"loss": 0.05039073983017279}, "49": {"loss": 0.049404866841374614}, "50": {"loss": 0.048979948978034815}, "51": {"loss": 0.050099319341231366}, "52": {"loss": 0.049625559728972764}, "53": {"loss": 0.0485510169243326}, "54": {"loss": 0.05270587911411208}, "55": {"loss": 0.04696859145651058}, "56": {"loss": 0.04802886807188696}, "57": {"loss": 0.04645098472128109}, "58": {"loss": 0.04708739202849719}, "59": {"loss": 0.04500474491897894}, "60": {"loss": 0.05204371043613979}, "61": {"loss": 0.05146203965556865}, "62": {"loss": 0.04748761410615882}, "63": {"loss": 0.04684142190582898}, "64": {"loss": 0.044004413546348105}, "65": {"loss": 0.04848803306112484}, "66": {"loss": 0.04536815078891054}, "67": {"loss": 0.04466464324873321}, "68": {"loss": 0.04489736167752013}, "69": {"loss": 0.04438232645696523}, "70": {"loss": 0.0429200250275281}, "71": {"loss": 0.045550825644512564}, "72": {"loss": 0.04904641667190863}, "73": {"loss": 0.04750451749684859}, "74": {"loss": 0.04859870064015291}, "75": {"loss": 0.04782739707401821}, "76": {"loss": 0.046565420773564556}, "77": {"loss": 0.04849025181361607}, "78": {"loss": 0.0451583059466615}, "79": {"loss": 0.04428681548760862}, "80": {"loss": 0.04404834095312624}, "81": {"loss": 0.04355319422118518}, "82": {"loss": 0.040290959027348736}, "83": {"loss": 0.04234800411730397}, "84": {"loss": 0.04220982960292271}, "85": {"loss": 0.042092361012283634}, "86": {"loss": 0.04453159595022396}, "87": {"loss": 0.045082212710867126}, "88": {"loss": 0.04664848531995501}, "89": {"loss": 0.04480103327303517}, "90": {"loss": 0.05087713076143849}, "91": {"loss": 0.04438900217718007}, "92": {"loss": 0.04842249714598364}, "93": {"loss": 0.04804391763648208}, "94": {"loss": 0.04623562462475835}, "95": {"loss": 0.04703093304926036}, "96": {"loss": 0.050173270459077796}, "97": {"loss": 0.04865582135258889}, "98": {"loss": 0.04560809719319246}, "99": {"loss": 0.046997791650343915}}