{"0": {"loss": 2.3749326623004414}, "1": {"loss": 1.8968694935674253}, "2": {"loss": 1.376516756804093}, "3": {"loss": 0.8089526632557744}, "4": {"loss": 0.5191746172697648}, "5": {"loss": 0.26643021210380224}, "6": {"loss": 0.1439099933790124}, "7": {"loss": 0.10582636750262717}, "8": {"loss": 0.06850396031918733}, "9": {"loss": 0.07272474662117336}, "10": {"loss": 0.06861370542775029}, "11": {"loss": 0.05358720344045888}, "12": {"loss": 0.033314075158989945}, "13": {"loss": 0.06323743384817372}, "14": {"loss": 0.04730018325473951}, "15": {"loss": 0.035668684088665505}, "16": {"loss": 0.0463543819344562}, "17": {"loss": 0.04261446517446767}, "18": {"loss": 0.04255273290302442}, "19": {"loss": 0.031073881232220192}, "20": {"loss": 0.031051462111265762}, "21": {"loss": 0.03435095755950264}, "22": {"loss": 0.03717250927634861}, "23": {"loss": 0.03577471297720204}, "24": {"loss": 0.03356935407804406}, "25": {"loss": 0.0325677083886188}, "26": {"loss": 0.03146048991576485}, "27": {"loss": 0.026770275572071903}, "28": {"loss": 0.026692647001017696}, "29": {"loss": 0.040847267793572464}, "30": {"loss": 0.03247267266978388}, "31": {"loss": 0.031114811482636826}, "32": {"loss": 0.036286709101303764}, "33": {"loss": 0.034599988356880516}, "34": {"loss": 0.028617470160774563}, "35": {"loss": 0.032339274883270264}, "36": {"loss": 0.026906503283459206}, "37": {"loss": 0.026224504346432892}, "38": {"loss": 0.024479757184567658}, "39": {"loss": 0.02553217825682267}, "40": {"loss": 0.026533593302187714}, "41": {"loss": 0.02527366254640662}, "42": {"loss": 0.026351205680681312}, "43": {"loss": 0.025476004766381306}, "44": {"loss": 0.02402318301408187}, "45": {"loss": 0.02377451243607894}, "46": {"loss": 0.02737495173578677}, "47": {"loss": 0.024248825467151146}, "48": {"loss": 0.023839315642481266}, "49": {"loss": 0.025838245516238006}, "50": {"loss": 0.025196482305941376}, "51": {"loss": 0.025768951229427173}, "52": {"loss": 0.026094291521155315}, "53": {"loss": 0.0239702670470528}, "54": {"loss": 0.02419775206109752}, "55": {"loss": 0.026484961095063583}, "56": {"loss": 0.02419626453648443}, "57": {"loss": 0.02374678072722062}, "58": {"loss": 0.02251971027125483}, "59": {"loss": 0.024419364721878715}, "60": {"loss": 0.02405942263810531}, "61": {"loss": 0.02429606344388879}, "62": {"loss": 0.027255195638407833}, "63": {"loss": 0.025590406811755638}, "64": {"loss": 0.02764837638191555}, "65": {"loss": 0.02381000570628954}, "66": {"loss": 0.023347522901452106}, "67": {"loss": 0.026151068832563316}, "68": {"loss": 0.025940270527549412}, "69": {"loss": 0.023252331692239513}, "70": {"loss": 0.022415106711180313}, "71": {"loss": 0.021738908860994423}, "72": {"loss": 0.027055781820546024}, "73": {"loss": 0.02508765459060669}, "74": {"loss": 0.02306475069211877}, "75": {"loss": 0.02397628452466882}, "76": {"loss": 0.024320076341214386}, "77": {"loss": 0.024504197680431862}, "78": {"loss": 0.023467942424442455}, "79": {"loss": 0.02560607505881268}, "80": {"loss": 0.024064854435298755}, "81": {"loss": 0.02363657692204351}, "82": {"loss": 0.02380389752595321}, "83": {"loss": 0.027382194995880127}, "84": {"loss": 0.024210160193235977}, "85": {"loss": 0.024166210837986157}, "86": {"loss": 0.024449174818785294}, "87": {"loss": 0.023354263409324314}, "88": {"loss": 0.021950382253398067}, "89": {"loss": 0.02485114336013794}, "90": {"loss": 0.023006734640701958}, "91": {"loss": 0.025538991326871124}, "92": {"loss": 0.024698977885038956}, "93": {"loss": 0.023550619249758514}, "94": {"loss": 0.024453665899193806}, "95": {"loss": 0.023489073566768482}, "96": {"loss": 0.024665627790533978}, "97": {"loss": 0.02516066768895025}, "98": {"loss": 0.024343132972717285}, "99": {"loss": 0.022934955099354618}}