{"0": {"loss": 3.0097004225274095}, "1": {"loss": 2.8783629922305836}, "2": {"loss": 6.6364928173417805}}