{"3": {"loss": 2.2494755075938664}, "4": {"loss": 1.8363285918733967}, "5": {"loss": 1.2599444318173536}, "6": {"loss": 0.7708954028229216}, "7": {"loss": 0.46975930057354826}, "8": {"loss": 0.28048323161566435}, "9": {"loss": 0.20249360354978646}, "10": {"loss": 0.15140369401049258}, "11": {"loss": 0.1279817695048318}, "12": {"loss": 0.11302033822927902}, "13": {"loss": 0.10188010735298271}, "14": {"loss": 0.093976253893838}, "15": {"loss": 0.0890717097182772}, "16": {"loss": 0.08022167255629355}, "17": {"loss": 0.08028361690578176}, "18": {"loss": 0.07883043075675394}, "19": {"loss": 0.07433561424710858}, "20": {"loss": 0.07109394358165229}, "21": {"loss": 0.06970919957801477}, "22": {"loss": 0.07111194952210384}, "23": {"loss": 0.06926659149910087}, "24": {"loss": 0.06691199719016232}, "25": {"loss": 0.06472312692386001}, "26": {"loss": 0.06158368623078759}, "27": {"loss": 0.06251504883837344}, "28": {"loss": 0.06136698687254493}, "29": {"loss": 0.059161995773884785}, "30": {"loss": 0.05999147891998291}, "31": {"loss": 0.06145436016481314}, "32": {"loss": 0.05905200830146448}, "33": {"loss": 0.06147130745560376}, "34": {"loss": 0.05771018497979463}, "35": {"loss": 0.05318971712197831}, "36": {"loss": 0.0564310755302657}, "37": {"loss": 0.056186101329860405}, "38": {"loss": 0.05920408732855498}, "39": {"loss": 0.05760173833192284}, "40": {"loss": 0.0601191716407662}, "41": {"loss": 0.05348809441523766}, "42": {"loss": 0.05632489030040912}, "43": {"loss": 0.05826196919626264}, "44": {"loss": 0.05519140923201148}, "45": {"loss": 0.052769605793170075}, "46": {"loss": 0.052397515346754846}, "47": {"loss": 0.05513080287335524}, "48": {"loss": 0.051532601242634785}, "49": {"loss": 0.05063490636313139}, "50": {"loss": 0.05525139374519462}, "51": {"loss": 0.053782502217079274}, "52": {"loss": 0.05571188321754114}, "53": {"loss": 0.05444105525514973}, "54": {"loss": 0.05792695017003301}, "55": {"loss": 0.05596134288987117}, "56": {"loss": 0.051909305266479945}, "57": {"loss": 0.04822194576263428}, "58": {"loss": 0.05923814293163926}, "59": {"loss": 0.04988452569762273}, "60": {"loss": 0.049502096069392876}, "61": {"loss": 0.05475646346362669}, "62": {"loss": 0.052525877952575684}, "63": {"loss": 0.054160996159510824}, "64": {"loss": 0.05117173782035486}, "65": {"loss": 0.051054485698244466}, "66": {"loss": 0.0536714471987824}, "67": {"loss": 0.05145705013132807}, "68": {"loss": 0.055913156537867305}, "69": {"loss": 0.05325255643075971}, "70": {"loss": 0.053084627905888346}, "71": {"loss": 0.0511408136851752}, "72": {"loss": 0.04958676758097179}, "73": {"loss": 0.045453755713220856}, "74": {"loss": 0.04571081542257053}, "75": {"loss": 0.04779977140141957}, "76": {"loss": 0.054474987200836635}, "77": {"loss": 0.05312908941240453}, "78": {"loss": 0.050311815382829354}, "79": {"loss": 0.05314297996350189}, "80": {"loss": 0.051716868557147126}, "81": {"loss": 0.052359408407068965}, "82": {"loss": 0.05495073724148879}, "83": {"loss": 0.051966286417263655}, "84": {"loss": 0.0481048333111094}, "85": {"loss": 0.051988092821035815}, "86": {"loss": 0.04945455024491495}, "87": {"loss": 0.050065579699046577}, "88": {"loss": 0.05348363652158139}, "89": {"loss": 0.04921980758211506}, "90": {"loss": 0.04861955589322901}, "91": {"loss": 0.04850685062693126}, "92": {"loss": 0.04981860118125802}, "93": {"loss": 0.04981766352012976}, "94": {"loss": 0.050842593854932644}, "95": {"loss": 0.04734960598732108}, "96": {"loss": 0.04753290361432887}, "97": {"loss": 0.048125701164131736}, "98": {"loss": 0.048767787307056026}, "99": {"loss": 0.048120018261582104}}