{"0": {"loss": 2.3552676785376763}, "1": {"loss": 1.8871008350003151}, "2": {"loss": 1.3323158756379159}, "3": {"loss": 0.731932855421497}, "4": {"loss": 0.38206958770751953}, "5": {"loss": 0.22597531349428238}, "6": {"loss": 0.16210031509399414}, "7": {"loss": 0.10051331981535881}, "8": {"loss": 0.10348752237135364}, "9": {"loss": 0.07534759275374873}, "10": {"loss": 0.060922895708391746}, "11": {"loss": 0.05247043025109076}, "12": {"loss": 0.05118562329200006}, "13": {"loss": 0.040107273286388766}, "14": {"loss": 0.05028614305680798}, "15": {"loss": 0.03270405338656518}, "16": {"loss": 0.03953616465291669}, "17": {"loss": 0.03826144818336733}, "18": {"loss": 0.044952538705641226}, "19": {"loss": 0.03815415597731067}, "20": {"loss": 0.03461577046302057}, "21": {"loss": 0.03663279164221979}, "22": {"loss": 0.03390644058104484}, "23": {"loss": 0.034997632426600304}, "24": {"loss": 0.028981437606196248}, "25": {"loss": 0.028132379055023193}, "26": {"loss": 0.0313248211337674}, "27": {"loss": 0.034386196444111485}, "28": {"loss": 0.02874947940149615}, "29": {"loss": 0.03144003306665728}, "30": {"loss": 0.03198488873820151}, "31": {"loss": 0.032168547953328776}, "32": {"loss": 0.032649332477200414}, "33": {"loss": 0.033688276044784055}, "34": {"loss": 0.034672667903284875}, "35": {"loss": 0.03542000247586158}, "36": {"loss": 0.03314196294353854}, "37": {"loss": 0.0321018926558956}, "38": {"loss": 0.03311821337669126}, "39": {"loss": 0.027250199548659787}, "40": {"loss": 0.034943888264317664}, "41": {"loss": 0.027053477302674326}, "42": {"loss": 0.02727342228735647}, "43": {"loss": 0.03127226521891932}, "44": {"loss": 0.028683402845936436}, "45": {"loss": 0.023284048803390994}, "46": {"loss": 0.026208748740534627}, "47": {"loss": 0.02638041780840966}, "48": {"loss": 0.02514775529984505}, "49": {"loss": 0.023835822459190123}, "50": {"loss": 0.02343262972370271}, "51": {"loss": 0.024751965076692643}, "52": {"loss": 0.023993730545043945}, "53": {"loss": 0.023840788872011246}, "54": {"loss": 0.027426900402192148}, "55": {"loss": 0.0270631197960146}, "56": {"loss": 0.031001848559225758}, "57": {"loss": 0.03392791363500779}, "58": {"loss": 0.028220761206842238}, "59": {"loss": 0.03170806361782935}, "60": {"loss": 0.030327691185858943}, "61": {"loss": 0.0378445194613549}, "62": {"loss": 0.03570903116656888}, "63": {"loss": 0.03321153502310476}, "64": {"loss": 0.0303827331912133}, "65": {"loss": 0.045421223486623453}, "66": {"loss": 0.040564394766284574}, "67": {"loss": 0.044727786894767516}, "68": {"loss": 0.04665467046922253}, "69": {"loss": 0.04246431012307444}, "70": {"loss": 0.048318336086888465}, "71": {"loss": 0.03693781360503166}, "72": {"loss": 0.06333241539616738}, "73": {"loss": 0.03503065339980587}, "74": {"loss": 0.0451455000908144}, "75": {"loss": 0.02729975600396433}, "76": {"loss": 0.026901031694104596}, "77": {"loss": 0.024682614111131238}, "78": {"loss": 0.02431688577898087}, "79": {"loss": 0.02680306088539862}, "80": {"loss": 0.02807240524599629}, "81": {"loss": 0.025465901820890365}, "82": {"loss": 0.02357782663837556}, "83": {"loss": 0.023344966673081922}, "84": {"loss": 0.027468035298009074}, "85": {"loss": 0.026859341129179922}, "86": {"loss": 0.02490257640038767}, "87": {"loss": 0.024075898431962537}, "88": {"loss": 0.025300539308978666}, "89": {"loss": 0.024118856076271303}, "90": {"loss": 0.02506093248244255}, "91": {"loss": 0.02372533275235084}, "92": {"loss": 0.023611816667741346}, "93": {"loss": 0.023579520563925465}, "94": {"loss": 0.03232256058723696}, "95": {"loss": 0.024669208834248203}, "96": {"loss": 0.023622145575861776}, "97": {"loss": 0.03027709068790559}, "98": {"loss": 0.029179069303697156}, "99": {"loss": 0.028926045663895145}}