{"0": {"loss": 2.49133793000252}, "1": {"loss": 1.836947287282636}, "2": {"loss": 1.330141375141759}, "3": {"loss": 0.897355233469317}, "4": {"loss": 0.9708712177891885}, "5": {"loss": 0.5804698082708544}, "6": {"loss": 0.6344650637718939}, "7": {"loss": 0.6508666623023248}, "8": {"loss": 0.5040676978326613}, "9": {"loss": 0.3601339709374212}}