{"9": {"loss": 2.179793357849121}, "10": {"loss": 1.8852906227111816}, "11": {"loss": 1.8141510486602783}, "12": {"loss": 1.6132159233093262}, "13": {"loss": 1.3807103633880615}, "14": {"loss": 1.1161311864852905}, "15": {"loss": 0.793585479259491}, "16": {"loss": 0.581765353679657}, "17": {"loss": 0.3442932665348053}, "18": {"loss": 0.23508287966251373}, "19": {"loss": 0.15327462553977966}, "20": {"loss": 0.07975363731384277}, "21": {"loss": 0.04828778654336929}, "22": {"loss": 0.024075716733932495}, "23": {"loss": 0.0121289798989892}, "24": {"loss": 0.007418768480420113}, "25": {"loss": 0.008532931096851826}, "26": {"loss": 0.0061445035971701145}, "27": {"loss": 0.005664927884936333}, "28": {"loss": 0.020372092723846436}, "29": {"loss": 0.006180419586598873}, "30": {"loss": 0.005082366056740284}, "31": {"loss": 0.004262968432158232}, "32": {"loss": 0.005039921496063471}, "33": {"loss": 0.005218521226197481}, "34": {"loss": 0.004678854253143072}, "35": {"loss": 0.004192644730210304}, "36": {"loss": 0.004771847277879715}, "37": {"loss": 0.004356861114501953}, "38": {"loss": 0.0046268729493021965}, "39": {"loss": 0.004792957566678524}, "40": {"loss": 0.004539148882031441}, "41": {"loss": 0.004761002026498318}, "42": {"loss": 0.003704870818182826}, "43": {"loss": 0.005882349796593189}, "44": {"loss": 0.004472204949706793}, "45": {"loss": 0.004322322551161051}, "46": {"loss": 0.004607801791280508}, "47": {"loss": 0.004316938575357199}, "48": {"loss": 0.004347264301031828}, "49": {"loss": 0.004301883280277252}, "50": {"loss": 0.004458886105567217}, "51": {"loss": 0.004582064691931009}, "52": {"loss": 0.00440755020827055}, "53": {"loss": 0.0041840896010398865}, "54": {"loss": 0.004234197549521923}, "55": {"loss": 0.004198238253593445}, "56": {"loss": 0.004470363724976778}, "57": {"loss": 0.004753017798066139}, "58": {"loss": 0.0042664166539907455}, "59": {"loss": 0.0044079916551709175}, "60": {"loss": 0.0041549913585186005}, "61": {"loss": 0.004138937685638666}, "62": {"loss": 0.00398657051846385}, "63": {"loss": 0.004487328231334686}, "64": {"loss": 0.004184899851679802}, "65": {"loss": 0.004621388856321573}, "66": {"loss": 0.004528231918811798}, "67": {"loss": 0.004283119458705187}, "68": {"loss": 0.004071908071637154}, "69": {"loss": 0.004470762796700001}, "70": {"loss": 0.004210392478853464}, "71": {"loss": 0.004390283487737179}, "72": {"loss": 0.004390059970319271}, "73": {"loss": 0.00448746420443058}, "74": {"loss": 0.0045585958287119865}, "75": {"loss": 0.003975275903940201}, "76": {"loss": 0.004171514883637428}, "77": {"loss": 0.004104728810489178}, "78": {"loss": 0.004183846991509199}, "79": {"loss": 0.004208974074572325}, "80": {"loss": 0.004559104330837727}, "81": {"loss": 0.003927175886929035}, "82": {"loss": 0.004560389555990696}, "83": {"loss": 0.004432021640241146}, "84": {"loss": 0.0038592128548771143}, "85": {"loss": 0.0039129192009568214}, "86": {"loss": 0.0042335111647844315}, "87": {"loss": 0.004042705520987511}, "88": {"loss": 0.004368341062217951}, "89": {"loss": 0.004297907929867506}, "90": {"loss": 0.004285119939595461}, "91": {"loss": 0.0041611045598983765}, "92": {"loss": 0.004165102262049913}, "93": {"loss": 0.00408712076023221}, "94": {"loss": 0.005139432847499847}, "95": {"loss": 0.0043303994461894035}, "96": {"loss": 0.004687088076025248}, "97": {"loss": 0.004811855033040047}, "98": {"loss": 0.0044708531349897385}, "99": {"loss": 0.004375481512397528}}