{"0": {"loss": 2.2286242243379597}, "1": {"loss": 1.8271399141982076}, "2": {"loss": 1.2690097278730097}, "3": {"loss": 0.8137124188914286}, "4": {"loss": 0.5005607968779936}, "5": {"loss": 0.30824479874862964}, "6": {"loss": 0.21016397658096023}, "7": {"loss": 0.16449414806729767}, "8": {"loss": 0.13904538531394356}, "9": {"loss": 0.12039330609812723}, "10": {"loss": 0.11219393524876732}, "11": {"loss": 0.0987766653055716}, "12": {"loss": 0.09803946466471909}, "13": {"loss": 0.09314807949014191}, "14": {"loss": 0.0856123009559569}, "15": {"loss": 0.08078733646902142}, "16": {"loss": 0.08220681442551782}, "17": {"loss": 0.08004772175885026}, "18": {"loss": 0.07330747521215954}, "19": {"loss": 0.07256962752796974}, "20": {"loss": 0.07261150994157921}, "21": {"loss": 0.06889659767254822}, "22": {"loss": 0.07047288749133533}, "23": {"loss": 0.07057250358103406}, "24": {"loss": 0.06727987024374814}, "25": {"loss": 0.06306069553385639}, "26": {"loss": 0.06327563735379835}, "27": {"loss": 0.06462232293484971}, "28": {"loss": 0.06262717779715639}, "29": {"loss": 0.06277574700295763}, "30": {"loss": 0.060288099242166215}, "31": {"loss": 0.0620308948797491}, "32": {"loss": 0.06053087172131447}, "33": {"loss": 0.05763243524515012}, "34": {"loss": 0.061689027973351754}, "35": {"loss": 0.05922436129494649}, "36": {"loss": 0.05752657544710331}, "37": {"loss": 0.0605995063885681}, "38": {"loss": 0.05738094522127988}, "39": {"loss": 0.05581522247771801}, "40": {"loss": 0.05922425020618075}, "41": {"loss": 0.055441061222585734}, "42": {"loss": 0.05693451780064554}, "43": {"loss": 0.05682859108948253}, "44": {"loss": 0.05513999442638429}, "45": {"loss": 0.05581350872237286}, "46": {"loss": 0.05584607072357261}, "47": {"loss": 0.0539645011808307}, "48": {"loss": 0.05446067622961725}, "49": {"loss": 0.052412099344528985}, "50": {"loss": 0.05284194335625672}, "51": {"loss": 0.05495984287937591}, "52": {"loss": 0.0547441812562033}, "53": {"loss": 0.0544885010420464}, "54": {"loss": 0.05104754796145073}, "55": {"loss": 0.05344630002325822}, "56": {"loss": 0.05374534253528397}, "57": {"loss": 0.056189327863646464}, "58": {"loss": 0.05586070910461592}, "59": {"loss": 0.054485921314042014}, "60": {"loss": 0.05293349868919934}, "61": {"loss": 0.05223961811949187}, "62": {"loss": 0.052282269059474855}, "63": {"loss": 0.05137074350985909}, "64": {"loss": 0.04954630022802535}, "65": {"loss": 0.05060239383895001}, "66": {"loss": 0.050543423244673806}, "67": {"loss": 0.05313325188140453}, "68": {"loss": 0.060383773304785955}, "69": {"loss": 0.05330048140128237}, "70": {"loss": 0.05248240683968775}, "71": {"loss": 0.05006258559162025}, "72": {"loss": 0.052547081939530955}, "73": {"loss": 0.047476907517019995}, "74": {"loss": 0.04770569645416509}, "75": {"loss": 0.05044731262269397}, "76": {"loss": 0.051623925201249705}, "77": {"loss": 0.05196644759632911}, "78": {"loss": 0.05043402224860334}, "79": {"loss": 0.05003382334592232}, "80": {"loss": 0.05336570869674475}, "81": {"loss": 0.05044545724541355}, "82": {"loss": 0.04808095170626523}, "83": {"loss": 0.048716856933094826}, "84": {"loss": 0.05048724740987253}, "85": {"loss": 0.0517033419751991}, "86": {"loss": 0.05091744872464796}, "87": {"loss": 0.055053084033061764}, "88": {"loss": 0.05397756872774795}, "89": {"loss": 0.05252881660773254}, "90": {"loss": 0.048772066100741605}, "91": {"loss": 0.05119218943229488}, "92": {"loss": 0.05280938135505697}, "93": {"loss": 0.049737945239615375}, "94": {"loss": 0.05110049182777509}, "95": {"loss": 0.048353861723024125}, "96": {"loss": 0.05089899174848759}, "97": {"loss": 0.05172097195721452}, "98": {"loss": 0.0501171028906383}, "99": {"loss": 0.04894908052699118}}