{"7": {"loss": 2.2909162521362303}, "8": {"loss": 1.8419029235839843}, "9": {"loss": 1.537998580932617}, "10": {"loss": 1.1597298622131347}, "11": {"loss": 0.8301734924316406}, "12": {"loss": 0.5457141876220704}, "13": {"loss": 0.339492654800415}, "14": {"loss": 0.16836347579956054}, "15": {"loss": 0.12127048969268799}, "16": {"loss": 0.08224277496337891}, "17": {"loss": 0.05627354383468628}, "18": {"loss": 0.036210757493972776}, "19": {"loss": 0.025008246302604675}, "20": {"loss": 0.019176690280437468}, "21": {"loss": 0.016089411079883577}, "22": {"loss": 0.011600668728351592}, "23": {"loss": 0.015890873968601227}, "24": {"loss": 0.019887126982212067}, "25": {"loss": 0.012539978325366973}, "26": {"loss": 0.0113395556807518}, "27": {"loss": 0.008013685047626496}, "28": {"loss": 0.007068035006523132}, "29": {"loss": 0.006414695829153061}, "30": {"loss": 0.005876391008496284}, "31": {"loss": 0.0077026478946208956}, "32": {"loss": 0.0068775653839111325}, "33": {"loss": 0.006141195446252823}, "34": {"loss": 0.005824767053127289}, "35": {"loss": 0.00738038718700409}, "36": {"loss": 0.0067185737192630764}, "37": {"loss": 0.005869117751717568}, "38": {"loss": 0.007116840779781341}, "39": {"loss": 0.0063458472490310665}, "40": {"loss": 0.005938004702329636}, "41": {"loss": 0.005751517415046692}, "42": {"loss": 0.005304447561502457}, "43": {"loss": 0.006015070900321007}, "44": {"loss": 0.005480340123176575}, "45": {"loss": 0.006318267434835434}, "46": {"loss": 0.005622837319970131}, "47": {"loss": 0.006227929890155792}, "48": {"loss": 0.005999425798654557}, "49": {"loss": 0.005490319430828094}, "50": {"loss": 0.0061362642794847485}, "51": {"loss": 0.006105349585413933}, "52": {"loss": 0.005296041816473007}, "53": {"loss": 0.0053586259484291075}, "54": {"loss": 0.005503115057945251}, "55": {"loss": 0.005780724436044693}, "56": {"loss": 0.005509091168642044}, "57": {"loss": 0.005624213069677353}, "58": {"loss": 0.005406175553798675}, "59": {"loss": 0.005561165511608124}, "60": {"loss": 0.0056186821311712265}, "61": {"loss": 0.005454754829406739}, "62": {"loss": 0.005470874905586243}, "63": {"loss": 0.005598332732915878}, "64": {"loss": 0.005255509540438652}, "65": {"loss": 0.005041780322790146}, "66": {"loss": 0.005337470769882202}, "67": {"loss": 0.005470873787999153}, "68": {"loss": 0.0054137326776981355}, "69": {"loss": 0.005640298128128052}, "70": {"loss": 0.005697942525148392}, "71": {"loss": 0.005355237051844597}, "72": {"loss": 0.005325449630618095}, "73": {"loss": 0.005217855423688888}, "74": {"loss": 0.005395137891173363}, "75": {"loss": 0.005461285263299942}, "76": {"loss": 0.005638033151626587}, "77": {"loss": 0.005591851100325585}, "78": {"loss": 0.005580726265907288}, "79": {"loss": 0.00572734959423542}, "80": {"loss": 0.005200390890240669}, "81": {"loss": 0.005304323881864548}, "82": {"loss": 0.00545918196439743}, "83": {"loss": 0.005579952895641327}, "84": {"loss": 0.005696278065443039}, "85": {"loss": 0.005620333179831505}, "86": {"loss": 0.005670956149697304}, "87": {"loss": 0.00557883158326149}, "88": {"loss": 0.00571165531873703}, "89": {"loss": 0.005259692668914795}, "90": {"loss": 0.005264092981815338}, "91": {"loss": 0.005054930225014687}, "92": {"loss": 0.005486521124839783}, "93": {"loss": 0.00545649528503418}, "94": {"loss": 0.005525992065668106}, "95": {"loss": 0.005073432624340057}, "96": {"loss": 0.0053163919597864154}, "97": {"loss": 0.005514367669820786}, "98": {"loss": 0.0053815823048353195}, "99": {"loss": 0.006000715494155884}}