{"5": {"loss": 2.333070845831008}, "6": {"loss": 1.8685740516299294}, "7": {"loss": 1.2987979707263766}, "8": {"loss": 0.7006064369564965}, "9": {"loss": 0.3507186117626372}, "11": {"loss": 0.2228074754987444}, "12": {"loss": 0.14571142196655273}, "13": {"loss": 0.10327749025254022}, "14": {"loss": 0.08119025684538342}, "15": {"loss": 0.06452708017258417}, "16": {"loss": 0.06046149276551746}, "17": {"loss": 0.0607299009958903}, "18": {"loss": 0.05328806809016636}, "19": {"loss": 0.048887230101085845}, "21": {"loss": 0.04580452044804891}, "22": {"loss": 0.040714087940397714}, "23": {"loss": 0.04464944771357945}, "24": {"loss": 0.11567463193620954}, "25": {"loss": 0.08531364372798375}, "26": {"loss": 0.03487602302006313}, "27": {"loss": 0.03363881508509318}, "28": {"loss": 0.0334249564579555}, "29": {"loss": 0.03347453900745937}, "31": {"loss": 0.032591053417750766}, "32": {"loss": 0.03419375703448341}, "33": {"loss": 0.02816769906452724}, "34": {"loss": 0.02957586163566226}, "35": {"loss": 0.032433998017084034}, "36": {"loss": 0.03306949706304641}, "37": {"loss": 0.026527481419699534}, "38": {"loss": 0.026752738725571407}, "39": {"loss": 0.02793309802100772}, "41": {"loss": 0.026686532156808034}, "42": {"loss": 0.03397215264184134}, "43": {"loss": 0.027414182821909588}, "44": {"loss": 0.02733312334333147}, "45": {"loss": 0.02616425355275472}, "46": {"loss": 0.031055143901279995}, "47": {"loss": 0.030229046231224424}, "48": {"loss": 0.03144594601222447}, "49": {"loss": 0.03208536477315994}, "51": {"loss": 0.029959406171526228}, "52": {"loss": 0.03376640876134237}, "53": {"loss": 0.031272334711892266}, "54": {"loss": 0.03129503840491885}, "55": {"loss": 0.0394845065616426}, "56": {"loss": 0.0565957228342692}, "57": {"loss": 0.053510819162641256}, "58": {"loss": 0.04704696507680984}, "59": {"loss": 0.04762888522375198}, "60": {"loss": 0.043571182659694126}, "61": {"loss": 0.04575284889766148}, "62": {"loss": 0.045106779961358937}, "63": {"loss": 0.03745489461081369}, "64": {"loss": 0.045315535295577275}, "65": {"loss": 0.0450817516871861}, "66": {"loss": 0.030546736149560837}, "67": {"loss": 0.035014149688539054}, "68": {"loss": 0.029589042777106875}, "69": {"loss": 0.027195294698079426}, "70": {"loss": 0.03120091131755284}, "71": {"loss": 0.02995506070909046}, "72": {"loss": 0.027863908381689163}, "73": {"loss": 0.02448291437966483}, "74": {"loss": 0.025406073956262498}, "75": {"loss": 0.02869303169704619}, "76": {"loss": 0.027262667814890545}, "77": {"loss": 0.024581259205227808}, "78": {"loss": 0.02432196480887277}, "79": {"loss": 0.025394879636310395}, "80": {"loss": 0.02483719303494408}, "81": {"loss": 0.024050153437114898}, "82": {"loss": 0.024529777822040376}, "83": {"loss": 0.02810726279304141}, "84": {"loss": 0.026552319526672363}, "85": {"loss": 0.025287852400825137}, "86": {"loss": 0.02546059517633347}, "87": {"loss": 0.02666903393609183}, "88": {"loss": 0.024870418366931733}, "89": {"loss": 0.026008997644696916}, "90": {"loss": 0.02869877644947597}, "91": {"loss": 0.02509000471660069}, "92": {"loss": 0.025430406842912947}, "93": {"loss": 0.024425560519808813}, "94": {"loss": 0.023892291954585483}, "95": {"loss": 0.0233623655069442}, "96": {"loss": 0.023930157933916365}, "97": {"loss": 0.023219944465728032}, "98": {"loss": 0.023425015665235974}, "99": {"loss": 0.023186209655943372}}{"5": {"loss": 2.330598377046131}, "6": {"loss": 1.8594176882789248}, "7": {"loss": 1.2718734741210938}, "8": {"loss": 0.6723824455624535}, "9": {"loss": 0.3327129227774484}, "11": {"loss": 0.20595191773914157}, "12": {"loss": 0.1260454881758917}, "13": {"loss": 0.09343276705060687}, "14": {"loss": 0.06754984174455915}, "15": {"loss": 0.05820155711401077}, "16": {"loss": 0.0529087952205113}, "17": {"loss": 0.05123899096534366}, "18": {"loss": 0.04697165602729434}, "19": {"loss": 0.0534500451315017}, "21": {"loss": 0.04467191866465977}, "22": {"loss": 0.04306310699099586}, "23": {"loss": 0.03940707445144653}, "24": {"loss": 0.03478078898929414}, "25": {"loss": 0.03389095124744233}, "26": {"loss": 0.034781416257222496}, "27": {"loss": 0.03795012973603748}, "28": {"loss": 0.02972079458690825}, "29": {"loss": 0.03167864254542759}, "31": {"loss": 0.028178391002473376}, "32": {"loss": 0.02831853571392241}, "33": {"loss": 0.029326504185086207}, "34": {"loss": 0.04030181680406843}, "35": {"loss": 0.03871689523969378}, "36": {"loss": 0.031757689657665435}, "37": {"loss": 0.04425820282527378}, "38": {"loss": 0.027516665912809827}, "39": {"loss": 0.03183576038905552}, "41": {"loss": 0.0313474592708406}, "42": {"loss": 0.038797080516815186}, "43": {"loss": 0.0367336216427031}, "44": {"loss": 0.04279285669326782}, "45": {"loss": 0.03713779790060861}, "46": {"loss": 0.04381708587918963}, "47": {"loss": 0.03548491852624076}, "48": {"loss": 0.03270012140274048}, "49": {"loss": 0.040004449231284}, "51": {"loss": 0.04162672587803432}, "52": {"loss": 0.03389681237084525}, "53": {"loss": 0.03138386919384911}, "54": {"loss": 0.03707494906016758}, "55": {"loss": 0.030666808287302654}, "56": {"loss": 0.03153089114597866}, "57": {"loss": 0.027171660037267776}, "58": {"loss": 0.031318996633802144}, "59": {"loss": 0.033501434893835155}, "61": {"loss": 0.02885739008585612}, "62": {"loss": 0.034049865745362784}, "63": {"loss": 0.036370697475615}, "64": {"loss": 0.030098937806629}, "65": {"loss": 0.024872476146334692}, "66": {"loss": 0.02732839754649571}, "67": {"loss": 0.027521391709645588}, "68": {"loss": 0.02552950098401024}, "69": {"loss": 0.02568031492687407}, "71": {"loss": 0.026272620473589216}, "72": {"loss": 0.02738378161475772}, "73": {"loss": 0.026210134937649683}, "74": {"loss": 0.024414803300585066}, "75": {"loss": 0.02474811531248547}, "76": {"loss": 0.02289795165970212}, "77": {"loss": 0.02431844813483102}, "78": {"loss": 0.025458253565288726}, "79": {"loss": 0.02442985205423264}, "81": {"loss": 0.02693641185760498}, "82": {"loss": 0.025343693438030425}, "83": {"loss": 0.02621780406861078}, "84": {"loss": 0.025611000401633128}, "85": {"loss": 0.024203456583477202}, "86": {"loss": 0.027751306692759197}, "87": {"loss": 0.027219590686616443}, "88": {"loss": 0.026415907201312837}, "89": {"loss": 0.0243072509765625}, "91": {"loss": 0.026349237986973355}, "92": {"loss": 0.02442043452035813}, "93": {"loss": 0.02494063831510998}, "94": {"loss": 0.02494003659202939}, "95": {"loss": 0.030971393698737734}, "96": {"loss": 0.0239987884249006}, "97": {"loss": 0.03020510503223964}, "98": {"loss": 0.03311672380992344}, "99": {"loss": 0.03733845267977033}}