{"0": {"loss": 2.476078578404018}, "1": {"loss": 1.753671373639788}, "2": {"loss": 1.3111508687337239}, "3": {"loss": 0.9324259985060919}, "4": {"loss": 0.7601740246727353}, "5": {"loss": 1.1166235605875652}, "6": {"loss": 0.6907591138567243}, "7": {"loss": 0.7437703722999209}, "8": {"loss": 0.5212854203723726}, "9": {"loss": 0.0}}