{"0": {"loss": 2.513714631398519}, "1": {"loss": 2.633599281311035}, "2": {"loss": 1.778093973795573}, "3": {"loss": 0.85711669921875}, "4": {"loss": 0.6230533917744955}, "5": {"loss": 0.9732161362965902}, "6": {"loss": 0.5665809313456217}, "7": {"loss": 0.2712082664171855}, "8": {"loss": 0.3605528275171916}, "9": {"loss": 0.2094656229019165}}