{"0": {"loss": 2.2469094594319663}, "1": {"loss": 1.8552303314208984}, "2": {"loss": 1.5656855901082356}, "3": {"loss": 1.2375948429107666}, "4": {"loss": 0.9735234578450521}, "5": {"loss": 0.686138391494751}, "6": {"loss": 0.4533669551213582}, "7": {"loss": 0.3099980552991231}, "8": {"loss": 0.2308096488316854}, "9": {"loss": 0.16626177231470743}, "10": {"loss": 0.11109899481137593}, "11": {"loss": 0.07214354475339253}, "12": {"loss": 0.048074538509051}, "13": {"loss": 0.02562163273493449}, "14": {"loss": 0.03078947216272354}, "15": {"loss": 0.029758823414643604}, "16": {"loss": 0.01247937356432279}, "17": {"loss": 0.03160532812277476}, "18": {"loss": 0.01724111537138621}, "19": {"loss": 0.0436026006937027}, "20": {"loss": 0.014174096286296844}, "21": {"loss": 0.008278990164399147}, "22": {"loss": 0.013644710183143616}, "23": {"loss": 0.41227583090464276}, "24": {"loss": 0.6561767260233561}, "25": {"loss": 0.43132543563842773}, "26": {"loss": 0.012026904771725336}, "27": {"loss": 0.06979528069496155}, "28": {"loss": 0.010208868111173311}, "29": {"loss": 0.007912023613850275}, "30": {"loss": 0.006990907713770866}, "31": {"loss": 0.006595082581043243}, "32": {"loss": 0.006871157015363376}, "33": {"loss": 0.006673417364557584}, "34": {"loss": 0.0072230082005262375}, "35": {"loss": 0.007475147023797035}, "36": {"loss": 0.007065913329521815}, "37": {"loss": 0.007108883932232857}, "38": {"loss": 0.006457063059012095}, "39": {"loss": 0.006418203314145406}, "40": {"loss": 0.006526508058110873}, "41": {"loss": 0.006730710466702779}, "42": {"loss": 0.006584078073501587}, "43": {"loss": 0.006703442583481471}, "44": {"loss": 0.00642718809346358}, "45": {"loss": 0.006653170411785443}, "46": {"loss": 0.006409627074996631}, "47": {"loss": 0.006439785783489545}, "48": {"loss": 0.006297898789246877}, "49": {"loss": 0.006432310988505681}, "50": {"loss": 0.006602595870693524}, "51": {"loss": 0.006491924325625102}, "52": {"loss": 0.006293419748544693}, "53": {"loss": 0.006712106987833977}, "54": {"loss": 0.006779182081421216}, "55": {"loss": 0.006671722357471784}, "56": {"loss": 0.006391777967413266}, "57": {"loss": 0.006322421133518219}, "58": {"loss": 0.006059402599930763}, "59": {"loss": 0.005948864544431369}, "60": {"loss": 0.0063117581109205885}, "61": {"loss": 0.0065016597509384155}, "62": {"loss": 0.00630355936785539}, "63": {"loss": 0.0065959542989730835}, "64": {"loss": 0.006027145932118098}, "65": {"loss": 0.00674424630900224}, "66": {"loss": 0.006798658519983292}, "67": {"loss": 0.007093459367752075}, "68": {"loss": 0.006258816147843997}, "69": {"loss": 0.00601608119904995}, "70": {"loss": 0.005991049110889435}, "71": {"loss": 0.0061823936800162}, "72": {"loss": 0.005977111558119456}, "73": {"loss": 0.006122699628273646}, "74": {"loss": 0.006647797301411629}, "75": {"loss": 0.006324082612991333}, "76": {"loss": 0.006082033117612203}, "77": {"loss": 0.006366760780413945}, "78": {"loss": 0.006913353378574054}, "79": {"loss": 0.006289425616463025}, "80": {"loss": 0.0063983214398225146}, "81": {"loss": 0.006405498832464218}, "82": {"loss": 0.006396640092134476}, "83": {"loss": 0.006449567154049873}, "84": {"loss": 0.006276142473022143}, "85": {"loss": 0.006289282813668251}, "86": {"loss": 0.006053629020849864}, "87": {"loss": 0.006256022801001866}, "88": {"loss": 0.006301768744985263}, "89": {"loss": 0.006179194276531537}, "90": {"loss": 0.006137968351443608}, "91": {"loss": 0.006283172095815341}, "92": {"loss": 0.006190928940971692}, "93": {"loss": 0.006230062494675319}, "94": {"loss": 0.006389852613210678}, "95": {"loss": 0.006500851362943649}, "96": {"loss": 0.006266048798958461}, "97": {"loss": 0.00665821631749471}, "98": {"loss": 0.006229843944311142}, "99": {"loss": 0.006287406509121259}}{"1": {"loss": 2.254462242126465}, "2": {"loss": 1.8099827766418457}, "3": {"loss": 1.4689801534016926}, "4": {"loss": 1.1204328536987305}, "5": {"loss": 0.7931021849314371}, "6": {"loss": 0.5394124190012614}, "7": {"loss": 0.6107683181762695}, "8": {"loss": 0.3225644826889038}, "9": {"loss": 0.1692518393198649}, "11": {"loss": 0.08851778507232666}, "12": {"loss": 0.0572513093551}, "13": {"loss": 0.030889712274074554}, "14": {"loss": 0.023941328128178913}, "15": {"loss": 0.024925718704859417}, "16": {"loss": 0.029489338397979736}, "17": {"loss": 0.01901475836833318}, "18": {"loss": 0.022122308611869812}, "19": {"loss": 0.014654432733853659}, "21": {"loss": 0.011320331444342932}, "22": {"loss": 0.0092748844375213}, "23": {"loss": 0.008287633458773295}, "24": {"loss": 0.007414546484748523}, "25": {"loss": 0.007878448193271955}, "26": {"loss": 0.008572297791639963}, "27": {"loss": 0.007677353297670682}, "28": {"loss": 0.006608520944913228}, "29": {"loss": 0.0070034414529800415}, "31": {"loss": 0.0069082969178756075}, "32": {"loss": 0.006623605266213417}, "33": {"loss": 0.006442582855621974}, "34": {"loss": 0.0063902586698532104}, "35": {"loss": 0.006944769372542699}, "36": {"loss": 0.006424366186062495}, "37": {"loss": 0.006851521010200183}, "38": {"loss": 0.006794288754463196}, "39": {"loss": 0.006702056775490443}, "41": {"loss": 0.006638934835791588}, "42": {"loss": 0.006865380331873894}, "43": {"loss": 0.006096160039305687}, "44": {"loss": 0.006519440561532974}, "45": {"loss": 0.007034777353207271}, "46": {"loss": 0.00746166209379832}, "47": {"loss": 0.006348678221305211}, "48": {"loss": 0.006483795742193858}, "49": {"loss": 0.005981486911575}, "51": {"loss": 0.00568011278907458}, "52": {"loss": 0.006406751771767934}, "53": {"loss": 0.006230559200048447}, "54": {"loss": 0.00657997839152813}, "55": {"loss": 0.006016382326682408}, "56": {"loss": 0.006696440279483795}, "57": {"loss": 0.006341214602192243}, "58": {"loss": 0.006572886059681575}, "59": {"loss": 0.006374247372150421}, "61": {"loss": 0.006325808043281238}, "62": {"loss": 0.006442063798507054}, "63": {"loss": 0.0060965437442064285}, "64": {"loss": 0.007004240527749062}, "65": {"loss": 0.00658015472193559}, "66": {"loss": 0.006039225806792577}, "67": {"loss": 0.0064735325674215955}, "68": {"loss": 0.006359426925579707}, "69": {"loss": 0.006350448355078697}, "71": {"loss": 0.0063192155212163925}, "72": {"loss": 0.006547572712103526}, "73": {"loss": 0.005866408348083496}, "74": {"loss": 0.007039874792098999}, "75": {"loss": 0.006550788879394531}, "76": {"loss": 0.0066291702290376025}, "77": {"loss": 0.006486725062131882}, "78": {"loss": 0.0066834719230731325}, "79": {"loss": 0.0076263633867104845}, "81": {"loss": 0.0061226487159729}, "82": {"loss": 0.006046451007326444}, "83": {"loss": 0.007040014490485191}, "84": {"loss": 0.006348902980486552}, "85": {"loss": 0.006698650618394216}, "86": {"loss": 0.006555398305257161}, "87": {"loss": 0.006254407887657483}, "88": {"loss": 0.006123078987002373}, "89": {"loss": 0.006645042449235916}, "91": {"loss": 0.006489739442865054}, "92": {"loss": 0.006403205295403798}, "93": {"loss": 0.006525177508592606}, "94": {"loss": 0.0064113034556309385}, "95": {"loss": 0.006284406408667564}, "96": {"loss": 0.005876397093137105}, "97": {"loss": 0.006285924464464188}, "98": {"loss": 0.006448887288570404}, "99": {"loss": 0.00672398383418719}}