{"0": {"loss": 2.2431473798353676}, "1": {"loss": 1.861112196450205}, "2": {"loss": 1.3383644997007094}, "3": {"loss": 0.8771832605479489}, "4": {"loss": 0.5438551260510212}, "5": {"loss": 0.35080868396796955}, "6": {"loss": 0.2354717595913775}, "7": {"loss": 0.1808633839870779}, "8": {"loss": 0.14639453900974267}, "9": {"loss": 0.12880586167690058}, "10": {"loss": 0.1179047303337226}, "11": {"loss": 0.10449609290771408}, "12": {"loss": 0.09755545587947308}, "13": {"loss": 0.09178509348429457}, "14": {"loss": 0.09009376837766431}, "15": {"loss": 0.08555166124112563}, "16": {"loss": 0.08392679952010956}, "17": {"loss": 0.08412218784124667}, "18": {"loss": 0.07998163527096241}, "19": {"loss": 0.07679583766232902}, "20": {"loss": 0.07265124489251472}, "21": {"loss": 0.07708565446420408}, "22": {"loss": 0.07421470153521353}, "23": {"loss": 0.0720172787518435}, "24": {"loss": 0.07093196369663148}, "25": {"loss": 0.06789903878928653}, "26": {"loss": 0.06853474442574897}, "27": {"loss": 0.06823499272642268}, "28": {"loss": 0.06875301278372171}, "29": {"loss": 0.06612201820073972}, "30": {"loss": 0.0642038179676291}, "31": {"loss": 0.06162617158581675}, "32": {"loss": 0.0636562271336201}, "33": {"loss": 0.06481545102999177}, "34": {"loss": 0.06267027233988343}, "35": {"loss": 0.06237939408948834}, "36": {"loss": 0.06404220163229682}, "37": {"loss": 0.060917068309859775}, "38": {"loss": 0.06268367449758541}, "39": {"loss": 0.06187478885439708}, "40": {"loss": 0.062170426070571654}, "41": {"loss": 0.06188375797589304}, "42": {"loss": 0.060260635632169886}, "43": {"loss": 0.05850116221260124}, "44": {"loss": 0.059451110675842106}, "45": {"loss": 0.05861166568387811}, "46": {"loss": 0.05681905790304332}, "47": {"loss": 0.05744189320217307}, "48": {"loss": 0.05812295041904298}, "49": {"loss": 0.05908715698282951}, "50": {"loss": 0.0587902741569648}, "51": {"loss": 0.059458628030230935}, "52": {"loss": 0.05983316732448327}, "53": {"loss": 0.06029930639693561}, "54": {"loss": 0.05614322302474179}, "55": {"loss": 0.059552101592420345}, "56": {"loss": 0.05745202925048813}, "57": {"loss": 0.05854193922539592}, "58": {"loss": 0.056882754708853206}, "59": {"loss": 0.05723449273801466}, "60": {"loss": 0.05563169587440567}, "61": {"loss": 0.05846567523052868}, "62": {"loss": 0.055883378708812874}, "63": {"loss": 0.055569060161620915}, "64": {"loss": 0.05607833422972241}, "65": {"loss": 0.05447864581351252}, "66": {"loss": 0.055407145003201236}, "67": {"loss": 0.0562715207487641}, "68": {"loss": 0.05389602277909311}, "69": {"loss": 0.05767004905827714}, "70": {"loss": 0.055919518883138244}, "71": {"loss": 0.05465125667290469}, "72": {"loss": 0.05524477232284622}, "73": {"loss": 0.054249720503511296}, "74": {"loss": 0.05399629592184518}, "75": {"loss": 0.05338809624403182}, "76": {"loss": 0.05516210245801725}, "77": {"loss": 0.05467433374278825}, "78": {"loss": 0.05426763510609242}, "79": {"loss": 0.05597327368159891}, "80": {"loss": 0.056492768420613786}, "81": {"loss": 0.05424579272924313}, "82": {"loss": 0.05599964026428359}, "83": {"loss": 0.05465566329880216}, "84": {"loss": 0.055072645780817414}, "85": {"loss": 0.05585890965421442}, "86": {"loss": 0.05277955437275335}, "87": {"loss": 0.052046570015949}, "88": {"loss": 0.05318139354229921}, "89": {"loss": 0.050561267134565005}, "90": {"loss": 0.052083063581828806}, "91": {"loss": 0.05703592330039614}, "92": {"loss": 0.05577911255847862}, "93": {"loss": 0.0581023081781613}, "94": {"loss": 0.05823482496008484}, "95": {"loss": 0.055994609552278196}, "96": {"loss": 0.06799274961469662}, "97": {"loss": 0.07224254040547441}, "98": {"loss": 0.10403608967722291}, "99": {"loss": 0.2090651594383816}}