{"0": {"loss": 3.6890385326286905}, "1": {"loss": 0.9507962448696493}, "2": {"loss": 0.0}}