{"0": {"loss": 2.2692057291666665}, "1": {"loss": 1.7912789060358416}, "2": {"loss": 1.220975909316749}, "3": {"loss": 0.6827689722964638}, "4": {"loss": 0.3453323297333299}, "5": {"loss": 0.1962805798179225}, "6": {"loss": 0.1421715083875154}, "7": {"loss": 0.10422042378208093}, "8": {"loss": 0.08183652476260536}, "9": {"loss": 0.07426794788293671}, "10": {"loss": 0.06639058129829273}, "11": {"loss": 0.053186730334633274}, "12": {"loss": 0.05153796129059373}, "13": {"loss": 0.04964602202699896}, "14": {"loss": 0.0394785906139173}, "15": {"loss": 0.03678705399496514}, "16": {"loss": 0.043248967120521946}, "17": {"loss": 0.038798972180015164}, "18": {"loss": 0.03884619160702354}, "19": {"loss": 0.04240211687589947}, "20": {"loss": 0.058062064020257244}, "21": {"loss": 0.046080752422935085}, "22": {"loss": 0.04398083686828613}, "23": {"loss": 0.038944403330485024}, "24": {"loss": 0.03412540126265141}, "25": {"loss": 0.035766162370380605}, "26": {"loss": 0.031091131662067614}, "27": {"loss": 0.034777434248673286}, "28": {"loss": 0.03057818245469478}, "29": {"loss": 0.0346592622890807}, "30": {"loss": 0.036713884587873495}, "31": {"loss": 0.02976808840768379}, "32": {"loss": 0.028967382615072687}, "33": {"loss": 0.031261810085229706}, "34": {"loss": 0.02969276277642501}, "35": {"loss": 0.029523901772080807}, "36": {"loss": 0.027014349636278655}, "37": {"loss": 0.028827433000531113}, "38": {"loss": 0.02854173643547192}, "39": {"loss": 0.029262088892752666}, "40": {"loss": 0.03145942771643923}, "41": {"loss": 0.04675950920372678}, "42": {"loss": 0.034127885835212576}, "43": {"loss": 0.03523279491223787}, "44": {"loss": 0.03508034505342182}, "45": {"loss": 0.03615849478202954}, "46": {"loss": 0.039412707613225566}, "47": {"loss": 0.03357356473019248}, "48": {"loss": 0.03966991524947317}, "49": {"loss": 0.03126409597564162}, "50": {"loss": 0.034600460738466496}, "51": {"loss": 0.033141247013158966}, "52": {"loss": 0.033526042051482616}, "53": {"loss": 0.03477506679401063}, "54": {"loss": 0.03320774488281785}, "55": {"loss": 0.03508134264695017}, "56": {"loss": 0.03320277992047762}, "57": {"loss": 0.03559754187600654}, "58": {"loss": 0.02870085783172072}, "59": {"loss": 0.027803170053582443}, "60": {"loss": 0.03448716172000818}, "61": {"loss": 0.03325265332272178}, "62": {"loss": 0.028588290800128067}, "63": {"loss": 0.026048982352541203}, "64": {"loss": 0.025815509913260478}, "65": {"loss": 0.02662199631071927}, "66": {"loss": 0.028134118046676905}, "67": {"loss": 0.02857241714209841}, "68": {"loss": 0.02759211314351935}, "69": {"loss": 0.02917125977967915}, "70": {"loss": 0.028135464902509722}, "71": {"loss": 0.02937944730122884}, "72": {"loss": 0.028994332280075343}, "73": {"loss": 0.03241709449834991}, "74": {"loss": 0.028311449184752348}, "75": {"loss": 0.02778184832188121}, "76": {"loss": 0.0313811134873775}, "77": {"loss": 0.0419071682712488}, "78": {"loss": 0.045587447651645595}, "79": {"loss": 0.03943506876627604}, "80": {"loss": 0.041296553193477165}, "81": {"loss": 0.037605925610190945}, "82": {"loss": 0.038849905917519016}, "83": {"loss": 0.0426636955194306}, "84": {"loss": 0.03950734724078262}, "85": {"loss": 0.039385402411745304}, "86": {"loss": 0.035093834525660464}, "87": {"loss": 0.030366075666327225}, "88": {"loss": 0.03629890241120991}, "89": {"loss": 0.029097500600312885}, "90": {"loss": 0.029259579223498963}, "91": {"loss": 0.029278650618436045}, "92": {"loss": 0.025943007385521605}, "93": {"loss": 0.026376960570352118}, "94": {"loss": 0.02627037073436536}, "95": {"loss": 0.029039633901495682}, "96": {"loss": 0.028681464362562747}, "97": {"loss": 0.03501922833292108}, "98": {"loss": 0.02805991340101811}, "99": {"loss": 0.0257038484539902}}