{"0": {"loss": 2.1905553340911865}, "1": {"loss": 1.8600616455078125}, "2": {"loss": 1.5249831676483154}, "3": {"loss": 1.187453269958496}, "4": {"loss": 0.8102453947067261}, "5": {"loss": 0.5493837594985962}, "6": {"loss": 0.3729841113090515}, "7": {"loss": 0.2587713301181793}, "8": {"loss": 0.16295450925827026}, "9": {"loss": 0.10556775331497192}, "10": {"loss": 0.09656085073947906}, "11": {"loss": 0.08958974480628967}, "12": {"loss": 0.05502995476126671}, "13": {"loss": 0.03345654532313347}, "14": {"loss": 0.025999361649155617}, "15": {"loss": 0.024136675521731377}, "16": {"loss": 0.015795085579156876}, "17": {"loss": 0.011858660727739334}, "18": {"loss": 0.016647716984152794}, "19": {"loss": 0.01176247838884592}, "20": {"loss": 0.028345473110675812}, "21": {"loss": 0.08678749948740005}, "22": {"loss": 0.029939938336610794}, "23": {"loss": 0.011452185921370983}, "24": {"loss": 0.01206155214458704}, "25": {"loss": 0.015135722234845161}, "26": {"loss": 0.009319298900663853}, "27": {"loss": 0.012884153053164482}, "28": {"loss": 0.020345492288470268}, "29": {"loss": 0.020991649478673935}, "30": {"loss": 0.012447486631572247}, "31": {"loss": 0.011522399261593819}, "32": {"loss": 0.010051109828054905}, "33": {"loss": 0.011963404715061188}, "34": {"loss": 0.008519359864294529}, "35": {"loss": 0.011039309203624725}, "36": {"loss": 0.014480877667665482}, "37": {"loss": 0.018050966784358025}, "38": {"loss": 0.03146275505423546}, "39": {"loss": 0.012767219915986061}, "40": {"loss": 0.009508022107183933}, "41": {"loss": 0.008423315361142159}, "42": {"loss": 0.0075052641332149506}, "43": {"loss": 0.00755334785208106}, "44": {"loss": 0.007710334844887257}, "45": {"loss": 0.007411402650177479}, "46": {"loss": 0.007690118160098791}, "47": {"loss": 0.008457386866211891}, "48": {"loss": 0.008197999559342861}, "49": {"loss": 0.007453873287886381}, "50": {"loss": 0.007680816110223532}, "51": {"loss": 0.0073561109602451324}, "52": {"loss": 0.007230428047478199}, "53": {"loss": 0.007469580043107271}, "54": {"loss": 0.00717040803283453}, "55": {"loss": 0.007052985019981861}, "56": {"loss": 0.007466583047062159}, "57": {"loss": 0.006768710911273956}, "58": {"loss": 0.007498810533434153}, "59": {"loss": 0.007291038054972887}, "60": {"loss": 0.007194763049483299}, "61": {"loss": 0.00729600852355361}, "62": {"loss": 0.007622603792697191}, "63": {"loss": 0.007309500128030777}, "64": {"loss": 0.0069924816489219666}, "65": {"loss": 0.007066365331411362}, "66": {"loss": 0.006960874889045954}, "67": {"loss": 0.007545468397438526}, "68": {"loss": 0.007043067831546068}, "69": {"loss": 0.007114947773516178}, "70": {"loss": 0.007323828991502523}, "71": {"loss": 0.007170573342591524}, "72": {"loss": 0.007054142653942108}, "73": {"loss": 0.007210814394056797}, "74": {"loss": 0.007251057308167219}, "75": {"loss": 0.006966413930058479}, "76": {"loss": 0.007165515795350075}, "77": {"loss": 0.007118167821317911}, "78": {"loss": 0.006894678808748722}, "79": {"loss": 0.006813170854002237}, "80": {"loss": 0.0071281385608017445}, "81": {"loss": 0.007447423413395882}, "82": {"loss": 0.007181704044342041}, "83": {"loss": 0.007185610476881266}, "84": {"loss": 0.007027002051472664}, "85": {"loss": 0.0070640225894749165}, "86": {"loss": 0.007305370178073645}, "87": {"loss": 0.0070683760568499565}, "88": {"loss": 0.007290527690201998}, "89": {"loss": 0.00712122768163681}, "90": {"loss": 0.007144871633499861}, "91": {"loss": 0.007113771513104439}, "92": {"loss": 0.007274701725691557}, "93": {"loss": 0.0071818227879703045}, "94": {"loss": 0.00710863433778286}, "95": {"loss": 0.006904417648911476}, "96": {"loss": 0.00756634958088398}, "97": {"loss": 0.006937562488019466}, "98": {"loss": 0.007254806347191334}, "99": {"loss": 0.006717498879879713}}