{"5": {"loss": 2.3136127026050124}, "6": {"loss": 1.8198357123833198}, "7": {"loss": 1.1785401183289368}, "8": {"loss": 0.6139517449713373}, "9": {"loss": 0.3341857117491883}, "10": {"loss": 0.18685645561713676}, "11": {"loss": 0.14394491369074042}, "12": {"loss": 0.0952942773893282}, "13": {"loss": 0.09232398441859654}, "14": {"loss": 0.09549387399252358}, "15": {"loss": 0.07565753490893871}, "16": {"loss": 0.06285899026053292}, "17": {"loss": 0.0622732856056907}, "18": {"loss": 0.05572514719777293}, "19": {"loss": 0.05135142958009398}, "20": {"loss": 0.0449213610066996}, "21": {"loss": 0.04481416553645939}, "22": {"loss": 0.05274911360307173}, "23": {"loss": 0.046310471249865245}, "24": {"loss": 0.04407176723727932}, "25": {"loss": 0.043470147368195766}, "26": {"loss": 0.04124761247015619}, "27": {"loss": 0.046489867297085846}, "28": {"loss": 0.04860312598092215}, "29": {"loss": 0.04544024343614454}, "30": {"loss": 0.03963354346040007}, "31": {"loss": 0.03605470409641018}, "32": {"loss": 0.034444877079554966}, "33": {"loss": 0.03235866806723855}, "34": {"loss": 0.03140012319985922}, "35": {"loss": 0.03537910325186593}, "36": {"loss": 0.03201959969161393}, "37": {"loss": 0.0349749620858725}, "38": {"loss": 0.03294447490147182}, "39": {"loss": 0.03314424180365228}, "40": {"loss": 0.03528569271038105}, "41": {"loss": 0.03512460844857352}, "42": {"loss": 0.039075278616570806}, "43": {"loss": 0.0448952681058413}, "44": {"loss": 0.05452175264234667}, "45": {"loss": 0.05498713951606255}, "46": {"loss": 0.05924149302693157}, "47": {"loss": 0.05285237671492936}, "48": {"loss": 0.04867959022521973}, "49": {"loss": 0.04573287901940284}, "50": {"loss": 0.04270494758308708}, "51": {"loss": 0.045819338265951574}, "52": {"loss": 0.04338068466681939}, "53": {"loss": 0.04859541608141614}, "54": {"loss": 0.038453225965623734}, "55": {"loss": 0.03759750143274084}, "56": {"loss": 0.03632336777526063}, "57": {"loss": 0.03968289920261928}, "58": {"loss": 0.03753476947933048}, "59": {"loss": 0.03851583406522677}, "60": {"loss": 0.036061915484341706}, "61": {"loss": 0.033654943689123376}, "62": {"loss": 0.03247738503790521}, "63": {"loss": 0.034835979535982206}, "64": {"loss": 0.036733051399131876}, "65": {"loss": 0.04332665344337364}, "66": {"loss": 0.03927205754564954}, "67": {"loss": 0.04486739790284788}, "68": {"loss": 0.04414886623233944}, "69": {"loss": 0.04027284275401722}, "70": {"loss": 0.04083663147765321}, "71": {"loss": 0.04100999894080224}, "72": {"loss": 0.037451951534717115}, "73": {"loss": 0.0321807861328125}, "74": {"loss": 0.03954364417435287}, "75": {"loss": 0.03658216030566723}, "76": {"loss": 0.03339701503902286}, "77": {"loss": 0.03898498609468534}, "78": {"loss": 0.04037486732780159}, "79": {"loss": 0.03457376554414823}, "80": {"loss": 0.03378891944885254}, "81": {"loss": 0.035048299021535105}, "82": {"loss": 0.03442328316824777}, "83": {"loss": 0.037240065537489854}, "84": {"loss": 0.03078818940497064}, "85": {"loss": 0.028768291721096288}, "86": {"loss": 0.029538040037279004}, "87": {"loss": 0.02937087145718661}, "88": {"loss": 0.029504837927880227}, "89": {"loss": 0.03549241710018802}, "90": {"loss": 0.03361453328813825}, "91": {"loss": 0.03966640497182871}, "92": {"loss": 0.039127260059505314}, "93": {"loss": 0.04576199085681469}, "94": {"loss": 0.05211077108011617}, "95": {"loss": 0.07769331374725738}, "96": {"loss": 0.04330303452231667}, "97": {"loss": 0.04417760650832932}, "98": {"loss": 0.04518060250715776}, "99": {"loss": 0.04517562358410328}}