{"0": {"loss": 2.2161773681640624}, "1": {"loss": 1.8697566986083984}, "2": {"loss": 1.5469138145446777}, "3": {"loss": 1.1824373245239257}, "4": {"loss": 0.7817399024963378}, "5": {"loss": 0.4402751445770264}, "6": {"loss": 0.21824562549591064}, "7": {"loss": 0.1209275484085083}, "8": {"loss": 0.08663256168365478}, "9": {"loss": 0.053720897436141966}, "10": {"loss": 0.03311365842819214}, "11": {"loss": 0.0253013014793396}, "12": {"loss": 0.022893235087394714}, "13": {"loss": 0.02294938564300537}, "14": {"loss": 0.017147383093833922}, "15": {"loss": 0.012796571850776673}, "16": {"loss": 0.016203249990940093}, "17": {"loss": 0.013745111227035523}, "18": {"loss": 0.010612071305513383}, "19": {"loss": 0.010391778498888015}, "20": {"loss": 0.00927370712161064}, "21": {"loss": 0.010269301384687424}, "22": {"loss": 0.009325256198644638}, "23": {"loss": 0.009350761026144027}, "24": {"loss": 0.009756463766098022}, "25": {"loss": 0.008546322584152222}, "26": {"loss": 0.00991545245051384}, "27": {"loss": 0.010498985648155212}, "28": {"loss": 0.008947581052780151}, "29": {"loss": 0.008353831619024277}, "30": {"loss": 0.008751348406076432}, "31": {"loss": 0.009136556088924408}, "32": {"loss": 0.008333522826433182}, "33": {"loss": 0.008599086850881576}, "34": {"loss": 0.008980236202478408}, "35": {"loss": 0.008271202445030212}, "36": {"loss": 0.00869794487953186}, "37": {"loss": 0.008501265197992325}, "38": {"loss": 0.008366642147302627}, "39": {"loss": 0.008370323479175568}, "40": {"loss": 0.009079424291849136}, "41": {"loss": 0.008332526683807373}, "42": {"loss": 0.00835588276386261}, "43": {"loss": 0.009367239475250245}, "44": {"loss": 0.008540104329586028}, "45": {"loss": 0.008492593467235566}, "46": {"loss": 0.008650607615709304}, "47": {"loss": 0.008006993681192398}, "48": {"loss": 0.008050791174173354}, "49": {"loss": 0.008507777750492097}, "50": {"loss": 0.008246218413114547}, "51": {"loss": 0.00830114632844925}, "52": {"loss": 0.00816420018672943}, "53": {"loss": 0.008487062156200409}, "54": {"loss": 0.008028427511453629}, "55": {"loss": 0.00811765417456627}, "56": {"loss": 0.008358251303434372}, "57": {"loss": 0.008027812838554383}, "58": {"loss": 0.008820289373397827}, "59": {"loss": 0.008556831628084183}, "60": {"loss": 0.0081385038793087}, "61": {"loss": 0.008121253550052642}, "62": {"loss": 0.008130136132240295}, "63": {"loss": 0.008596670627593995}, "64": {"loss": 0.008394494652748108}, "65": {"loss": 0.0079802505671978}, "66": {"loss": 0.008633197844028473}, "67": {"loss": 0.008417966216802597}, "68": {"loss": 0.008092001825571061}, "69": {"loss": 0.008586443960666656}, "70": {"loss": 0.008829128742218018}, "71": {"loss": 0.008266802132129668}, "72": {"loss": 0.008067106455564499}, "73": {"loss": 0.008199136704206467}, "74": {"loss": 0.007935206592082977}, "75": {"loss": 0.008188541978597641}, "76": {"loss": 0.00839739516377449}, "77": {"loss": 0.0085262231528759}, "78": {"loss": 0.00791872814297676}, "79": {"loss": 0.007874035090208054}, "80": {"loss": 0.007961885631084442}, "81": {"loss": 0.008580876886844635}, "82": {"loss": 0.008491255342960358}, "83": {"loss": 0.008450710028409959}, "84": {"loss": 0.00813140645623207}, "85": {"loss": 0.008458580076694488}, "86": {"loss": 0.008356823772192}, "87": {"loss": 0.008261065930128098}, "88": {"loss": 0.007967294752597808}, "89": {"loss": 0.008495466411113739}, "90": {"loss": 0.007813870161771774}, "91": {"loss": 0.008412487059831619}, "92": {"loss": 0.007905928790569306}, "93": {"loss": 0.007906787097454071}, "94": {"loss": 0.007977943122386932}, "95": {"loss": 0.007901144027709962}, "96": {"loss": 0.008190423250198364}, "97": {"loss": 0.007692402601242066}, "98": {"loss": 0.008109734952449798}, "99": {"loss": 0.007922400534152985}}