{"0": {"loss": 2.6496119499206543}, "1": {"loss": 2.6152546405792236}, "2": {"loss": 1.9343338012695312}, "3": {"loss": 2.3907933235168457}, "4": {"loss": 3.048276424407959}}