{"0": {"loss": 2.483060836791992}, "1": {"loss": 2.4313190460205076}, "2": {"loss": 2.0570133209228514}, "3": {"loss": 1.2012600898742676}, "4": {"loss": 1.227095127105713}}