{"0": {"loss": 2.0353782971700034}, "1": {"loss": 3.0162906646728516}, "2": {"loss": 2.7815014521280923}, "3": {"loss": 2.757744471232096}, "4": {"loss": 3.404320398966471}}