{"0": {"loss": 3.0269988377889}, "1": {"loss": 2.6794163386027017}, "2": {"loss": 1.8794062932332356}, "3": {"loss": 1.145946979522705}, "4": {"loss": 2.051270325978597}}