{"0": {"loss": 2.730713367462158}, "1": {"loss": 3.1454710960388184}, "2": {"loss": 3.9916086196899414}, "3": {"loss": 4.011380672454834}, "4": {"loss": 4.0116987228393555}}