{"0": {"loss": 2.3321423530578613}, "1": {"loss": 2.5387444496154785}, "2": {"loss": 2.2497968673706055}, "3": {"loss": 3.362002690633138}, "4": {"loss": 2.2104550997416177}}