{"0": {"loss": 2.2642542521158853}, "1": {"loss": 2.097316265106201}, "2": {"loss": 1.6602455774943035}, "3": {"loss": 1.3990370432535808}, "4": {"loss": 1.2026583353678386}}