{"0": {"loss": 3.123185475667318}, "1": {"loss": 3.3473265965779624}, "2": {"loss": 1.5390836397806804}, "3": {"loss": 1.6947096188863118}, "4": {"loss": 0.8971049785614014}}