{"0": {"loss": 2.465716600418091}, "1": {"loss": 2.465716600418091}, "2": {"loss": 2.786905288696289}, "3": {"loss": 2.810600519180298}, "4": {"loss": 2.8013131618499756}}