{"0": {"loss": 1.9585049947102864}, "1": {"loss": 1.9303830464680989}, "2": {"loss": 1.6763232549031575}, "3": {"loss": 2.5828487078348794}, "4": {"loss": 3.5516621271769204}}