{"0": {"loss": 2.298137664794922}, "1": {"loss": 3.7836139678955076}, "2": {"loss": 3.610819625854492}, "3": {"loss": 3.5129367828369142}, "4": {"loss": 2.2798295974731446}}