{"0": {"loss": 2.295405387878418}, "1": {"loss": 2.867896397908529}, "2": {"loss": 2.5808869997660318}, "3": {"loss": 1.7521785100301106}, "4": {"loss": 1.4625345865885417}}