{"0": {"loss": 3.3556301593780518}, "1": {"loss": 3.4207406044006348}, "2": {"loss": 3.2646288871765137}, "3": {"loss": 2.230518102645874}, "4": {"loss": 2.586181640625}}