{"0": {"loss": 2.3989994049072267}, "1": {"loss": 2.423075294494629}, "2": {"loss": 2.93652286529541}, "3": {"loss": 2.008156394958496}, "4": {"loss": 1.8812675476074219}}