{"0": {"loss": 3.8124707539876304}, "1": {"loss": 3.5922117233276367}, "2": {"loss": 2.192777633666992}, "3": {"loss": 1.4907220204671223}, "4": {"loss": 1.388694127400716}}