{"0": {"loss": 2.1791810989379883}, "1": {"loss": 3.190830707550049}, "2": {"loss": 2.7415921688079834}, "3": {"loss": 1.1187646389007568}, "4": {"loss": 0.8246699571609497}}