{"0": {"loss": 2.149903138478597}, "1": {"loss": 3.295993169148763}, "2": {"loss": 2.686422348022461}, "3": {"loss": 1.7463207244873047}, "4": {"loss": 2.649565060933431}}