{"0": {"loss": 2.4642181396484375}, "1": {"loss": 2.6327531814575194}, "2": {"loss": 2.3640817642211913}, "3": {"loss": 1.457977294921875}, "4": {"loss": 2.1177444458007812}}