{"0": {"loss": 2.021224703107561}, "1": {"loss": 2.6596085684640065}, "2": {"loss": 4.515839712960379}, "3": {"loss": 4.298705509730747}, "4": {"loss": 2.3459837777273997}}