{"0": {"loss": 3.3473706245422363}, "1": {"loss": 2.1529383659362793}, "2": {"loss": 2.040483236312866}, "3": {"loss": 3.184452533721924}, "4": {"loss": 1.94448721408844}}