{"0": {"loss": 3.1899017333984374}, "1": {"loss": 3.1979469299316405}, "2": {"loss": 2.1296274185180666}, "3": {"loss": 1.7952932357788085}, "4": {"loss": 1.474599552154541}}