{"0": {"loss": 2.022108268737793}, "1": {"loss": 2.4121023178100587}, "2": {"loss": 1.6040342330932618}, "3": {"loss": 1.259015941619873}, "4": {"loss": 1.0886655807495118}}