{"0": {"loss": 2.07080078125}, "1": {"loss": 3.7815242767333985}, "2": {"loss": 2.436536979675293}, "3": {"loss": 1.1030529022216797}, "4": {"loss": 2.447256088256836}}