{"0": {"loss": 2.5435314178466797}, "1": {"loss": 2.4212114334106447}, "2": {"loss": 1.6777894973754883}, "3": {"loss": 1.2660316467285155}, "4": {"loss": 1.0819592475891113}}