{"0": {"loss": 2.1289084752400718}, "1": {"loss": 2.1116250356038413}, "2": {"loss": 2.4682059288024902}, "3": {"loss": 1.997449556986491}, "4": {"loss": 0.9922418594360352}}