{"0": {"loss": 2.074681282043457}, "1": {"loss": 2.5470240116119385}, "2": {"loss": 1.9872407913208008}, "3": {"loss": 1.390939712524414}, "4": {"loss": 0.9058303236961365}}