{"0": {"loss": 1.8911937077840169}, "1": {"loss": 1.5439294179280598}, "2": {"loss": 2.8770669301350913}, "3": {"loss": 2.2338266372680664}, "4": {"loss": 1.5249196688334148}}