{"0": {"loss": 2.237624486287435}, "1": {"loss": 2.8718318939208984}, "2": {"loss": 3.1048291524251304}, "3": {"loss": 2.8668289184570312}, "4": {"loss": 3.3254877726236978}}