{"0": {"loss": 2.164898327418736}, "1": {"loss": 1.8890886306762695}, "2": {"loss": 3.030315671648298}, "3": {"loss": 4.148903710501535}, "4": {"loss": 2.5516417367117747}}