{"0": {"loss": 2.5155301094055176}, "1": {"loss": 2.6442339420318604}, "2": {"loss": 2.92209792137146}, "3": {"loss": 3.0699386596679688}, "4": {"loss": 2.0249834060668945}}