{"0": {"loss": 2.349312400817871}, "1": {"loss": 3.869707489013672}, "2": {"loss": 2.7966388702392577}, "3": {"loss": 1.762408447265625}, "4": {"loss": 1.762399673461914}}