{"0": {"loss": 2.317035675048828}, "1": {"loss": 2.234699249267578}, "2": {"loss": 1.2847871780395508}, "3": {"loss": 1.147179126739502}, "4": {"loss": 1.1424410343170166}}