{"0": {"loss": 1.9325527191162108}, "1": {"loss": 4.0025634765625}, "2": {"loss": 3.806564712524414}, "3": {"loss": 1.8348230361938476}, "4": {"loss": 1.5564334869384766}}