{"0": {"loss": 1.8552266359329224}, "1": {"loss": 1.8190842866897583}, "2": {"loss": 1.6850239038467407}, "3": {"loss": 2.409839630126953}, "4": {"loss": 2.4732892513275146}}