{"0": {"loss": 2.267388343811035}, "1": {"loss": 2.2819114685058595}, "2": {"loss": 3.2017963409423826}, "3": {"loss": 2.6302602767944334}, "4": {"loss": 2.450791931152344}}