{"0": {"loss": 2.1610291798909507}, "1": {"loss": 1.622448444366455}, "2": {"loss": 1.7034478187561035}, "3": {"loss": 0.909149964650472}, "4": {"loss": 0.7974468072255453}}