{"0": {"loss": 2.1611948013305664}, "1": {"loss": 1.6739647388458252}, "2": {"loss": 4.091860771179199}, "3": {"loss": 2.085510492324829}, "4": {"loss": 2.561161756515503}}