{"0": {"loss": 2.075214385986328}, "1": {"loss": 1.614275336265564}, "2": {"loss": 2.121262550354004}, "3": {"loss": 6.689704895019531}, "4": {"loss": 8.98617172241211}}