{"0": {"loss": 2.4120176315307615}, "1": {"loss": 2.040181350708008}, "2": {"loss": 1.3753973960876464}, "3": {"loss": 1.3798419952392578}, "4": {"loss": 0.8827483177185058}}