{"0": {"loss": 2.119732220967611}, "1": {"loss": 1.7231400807698567}, "2": {"loss": 1.6611215273539226}, "3": {"loss": 1.1464345455169678}, "4": {"loss": 0.6620083649953207}}