{"0": {"loss": 2.3105106353759766}, "1": {"loss": 2.1575632095336914}, "2": {"loss": 2.3591102600097655}, "3": {"loss": 2.1140201568603514}, "4": {"loss": 1.2235299110412599}}