{"0": {"loss": 1.9298639297485352}, "1": {"loss": 1.8683233261108398}, "2": {"loss": 2.329242706298828}, "3": {"loss": 1.7352622350056965}, "4": {"loss": 1.060495932896932}}