{"0": {"loss": 2.02625306447347}, "1": {"loss": 1.5842399597167969}, "2": {"loss": 2.1083423296610513}, "3": {"loss": 2.3841679890950522}, "4": {"loss": 1.477784792582194}}