{"0": {"loss": 1.8823143243789673}, "1": {"loss": 1.107695460319519}, "2": {"loss": 1.0928199291229248}, "3": {"loss": 1.1087284088134766}, "4": {"loss": 1.469462275505066}}