{"0": {"loss": 3.0138545989990235}, "1": {"loss": 2.9193464279174806}, "2": {"loss": 1.4601696968078612}, "3": {"loss": 1.654027557373047}, "4": {"loss": 1.5562918663024903}}