{"0": {"loss": 2.3060879707336426}, "1": {"loss": 3.329181671142578}, "2": {"loss": 3.6438851356506348}, "3": {"loss": 3.236283779144287}, "4": {"loss": 1.7900394201278687}}