{"0": {"loss": 2.356163660685221}, "1": {"loss": 2.187670866648356}, "2": {"loss": 2.2701780001322427}, "3": {"loss": 2.149954319000244}, "4": {"loss": 1.545862356821696}}