{"0": {"loss": 2.3516063690185547}, "1": {"loss": 1.6849502325057983}, "2": {"loss": 0.8175822496414185}, "3": {"loss": 0.5317654609680176}, "4": {"loss": 1.1392766237258911}}