{"0": {"loss": 2.1358019510904946}, "1": {"loss": 1.6842672030131023}, "2": {"loss": 1.1781593958536785}, "3": {"loss": 1.3209994633992512}, "4": {"loss": 1.408894379933675}}