{"0": {"loss": 2.3892006874084473}, "1": {"loss": 2.1922309398651123}, "2": {"loss": 1.9846796989440918}, "3": {"loss": 2.184328556060791}, "4": {"loss": 1.789038896560669}}