{"0": {"loss": 2.272145652770996}, "1": {"loss": 1.8791400909423828}, "2": {"loss": 1.6755691528320313}, "3": {"loss": 1.7925453186035156}, "4": {"loss": 1.4980785369873046}}