{"0": {"loss": 2.754130999247233}, "1": {"loss": 4.201560338338216}, "2": {"loss": 2.9339892069498696}, "3": {"loss": 1.6452836990356445}, "4": {"loss": 1.9334996541341145}}