{"0": {"loss": 2.571074962615967}, "1": {"loss": 2.275824546813965}, "2": {"loss": 2.0406692028045654}, "3": {"loss": 2.12460994720459}, "4": {"loss": 1.2564172744750977}}