{"0": {"loss": 2.8887362480163574}, "1": {"loss": 3.657111644744873}, "2": {"loss": 4.4799370765686035}, "3": {"loss": 4.474266052246094}, "4": {"loss": 4.451995849609375}}