{"0": {"loss": 1.8074876070022583}, "1": {"loss": 3.858422040939331}, "2": {"loss": 4.539455890655518}, "3": {"loss": 4.084634780883789}, "4": {"loss": 4.830289840698242}}