{"0": {"loss": 1.9130674997965496}, "1": {"loss": 2.3974059422810874}, "2": {"loss": 2.4172709782918296}, "3": {"loss": 2.6737518310546875}, "4": {"loss": 2.746334711710612}}