{"0": {"loss": 1.9313089847564697}, "1": {"loss": 3.2792646884918213}, "2": {"loss": 1.693081021308899}, "3": {"loss": 2.0013632774353027}, "4": {"loss": 1.4439643621444702}}