{"0": {"loss": 1.7936447461446126}, "1": {"loss": 4.262097994486491}, "2": {"loss": 3.461022694905599}, "3": {"loss": 1.7105484008789062}, "4": {"loss": 1.1707183519999187}}