{"0": {"loss": 2.3273048400878906}, "1": {"loss": 2.2398903710501537}, "2": {"loss": 2.2394845145089284}, "3": {"loss": 2.2215284620012556}, "4": {"loss": 2.8209291185651506}}