{"0": {"loss": 2.4252243041992188}, "1": {"loss": 2.2226314544677734}, "2": {"loss": 2.30326509475708}, "3": {"loss": 2.397857427597046}, "4": {"loss": 1.5986257791519165}}