{"0": {"loss": 2.342329819997152}, "1": {"loss": 2.0374579429626465}, "2": {"loss": 1.4728126525878906}, "3": {"loss": 1.4427773157755535}, "4": {"loss": 1.2195772329966228}}