{"0": {"loss": 3.0977203369140627}, "1": {"loss": 3.9546585083007812}, "2": {"loss": 2.0814985275268554}, "3": {"loss": 1.8069515228271484}, "4": {"loss": 1.3199156761169433}}