{"0": {"loss": 2.3216991424560547}, "1": {"loss": 2.3640467325846353}, "2": {"loss": 2.084308624267578}, "3": {"loss": 1.7846110661824544}, "4": {"loss": 1.8281065622965496}}