{"0": {"loss": 2.0682005201067244}, "1": {"loss": 1.9051801136561803}, "2": {"loss": 2.771990639822824}, "3": {"loss": 1.416114398411342}, "4": {"loss": 1.1605638776506697}}