{"0": {"loss": 2.1392245292663574}, "1": {"loss": 3.1691417694091797}, "2": {"loss": 1.5968992710113525}, "3": {"loss": 3.4040474891662598}, "4": {"loss": 1.5249944925308228}}