{"0": {"loss": 1.9063589572906494}, "1": {"loss": 1.554007649421692}, "2": {"loss": 1.696486234664917}, "3": {"loss": 1.0912121534347534}, "4": {"loss": 0.9407387971878052}}