{"0": {"loss": 2.0370665958949496}, "1": {"loss": 1.5692296709333147}, "2": {"loss": 1.4310498918805803}, "3": {"loss": 1.656796864100865}, "4": {"loss": 1.0106092180524553}}