{"0": {"loss": 2.5710628509521483}, "1": {"loss": 2.4932079315185547}, "2": {"loss": 2.1890533447265623}, "3": {"loss": 1.3694905281066894}, "4": {"loss": 1.1375630378723145}}