{"0": {"loss": 1.820209264755249}, "1": {"loss": 1.7654088735580444}, "2": {"loss": 1.1375495195388794}, "3": {"loss": 1.363915205001831}, "4": {"loss": 1.3723509311676025}}