{"0": {"loss": 2.1778640747070312}, "1": {"loss": 1.5864520072937012}, "2": {"loss": 1.0750807523727417}, "3": {"loss": 0.9396993517875671}, "4": {"loss": 1.2204291820526123}}