{"0": {"loss": 2.018416086832682}, "1": {"loss": 3.3557523091634116}, "2": {"loss": 3.54728635152181}, "3": {"loss": 2.3235368728637695}, "4": {"loss": 2.217289447784424}}