{"0": {"loss": 2.4811277389526367}, "1": {"loss": 2.249302864074707}, "2": {"loss": 1.8212107419967651}, "3": {"loss": 1.8052595853805542}, "4": {"loss": 0.9442898035049438}}