{"0": {"loss": 1.8949607213338215}, "1": {"loss": 4.386372248331706}, "2": {"loss": 4.330251693725586}, "3": {"loss": 2.138577461242676}, "4": {"loss": 2.612060070037842}}