{"0": {"loss": 2.98427791595459}, "1": {"loss": 2.9097545623779295}, "2": {"loss": 1.4065568923950196}, "3": {"loss": 0.7820131778717041}, "4": {"loss": 0.5682984352111816}}