{"0": {"loss": 2.396234130859375}, "1": {"loss": 1.9771760940551757}, "2": {"loss": 2.0395225524902343}, "3": {"loss": 1.9627687454223632}, "4": {"loss": 1.038510799407959}}