{"0": {"loss": 1.9450933933258057}, "1": {"loss": 4.139224052429199}, "2": {"loss": 4.146661758422852}, "3": {"loss": 4.128547191619873}, "4": {"loss": 1.9681568145751953}}