{"0": {"loss": 1.893863042195638}, "1": {"loss": 4.446253776550293}, "2": {"loss": 4.374349276224772}, "3": {"loss": 1.9289347330729167}, "4": {"loss": 1.8453632990519206}}