{"0": {"loss": 2.560163974761963}, "1": {"loss": 2.6871840953826904}, "2": {"loss": 2.8634214401245117}, "3": {"loss": 3.9292855262756348}, "4": {"loss": 6.765293598175049}}