{"0": {"loss": 2.275612640380859}, "1": {"loss": 3.986136627197266}, "2": {"loss": 3.9301578521728517}, "3": {"loss": 3.235006332397461}, "4": {"loss": 3.645826721191406}}