{"0": {"loss": 2.9890313148498535}, "1": {"loss": 3.9535815715789795}, "2": {"loss": 3.5087687969207764}, "3": {"loss": 6.39141845703125}, "4": {"loss": 4.771849155426025}}