{"0": {"loss": 1.861578345298767}, "1": {"loss": 1.5667290687561035}, "2": {"loss": 1.3449575901031494}, "3": {"loss": 1.8576338291168213}, "4": {"loss": 1.252695918083191}}