{"0": {"loss": 2.0719971656799316}, "1": {"loss": 1.416994571685791}, "2": {"loss": 1.4441710710525513}, "3": {"loss": 1.8158360719680786}, "4": {"loss": 0.970093846321106}}