{"0": {"loss": 2.38124942779541}, "1": {"loss": 2.0974597930908203}, "2": {"loss": 1.7278846740722655}, "3": {"loss": 1.287178134918213}, "4": {"loss": 1.3249142646789551}}