{"0": {"loss": 2.6434788703918457}, "1": {"loss": 2.9418811798095703}, "2": {"loss": 2.87101141611735}, "3": {"loss": 2.5768791834513345}, "4": {"loss": 1.771560827891032}}