{"0": {"loss": 2.3746747970581055}, "1": {"loss": 2.3285449345906577}, "2": {"loss": 2.0323694547017417}, "3": {"loss": 0.9180102348327637}, "4": {"loss": 0.5470490455627441}}