{"0": {"loss": 2.029737854003906}, "1": {"loss": 1.9859733581542969}, "2": {"loss": 1.9868734359741211}, "3": {"loss": 1.3028623580932617}, "4": {"loss": 0.9695167541503906}}