{"0": {"loss": 2.14182456334432}, "1": {"loss": 1.765550931294759}, "2": {"loss": 1.7442653973897297}, "3": {"loss": 1.5311522483825684}, "4": {"loss": 2.665173053741455}}