{"0": {"loss": 2.044926881790161}, "1": {"loss": 1.7357076406478882}, "2": {"loss": 2.0045528411865234}, "3": {"loss": 1.7673237323760986}, "4": {"loss": 1.1673471927642822}}