{"0": {"loss": 2.5421628952026367}, "1": {"loss": 2.3159127235412598}, "2": {"loss": 2.202183564503988}, "3": {"loss": 2.3033453623453775}, "4": {"loss": 1.734633445739746}}