{"0": {"loss": 3.328044891357422}, "1": {"loss": 2.68612003326416}, "2": {"loss": 2.6004589398701987}, "3": {"loss": 1.5048967997233074}, "4": {"loss": 1.418493111928304}}