{"0": {"loss": 2.196522903442383}, "1": {"loss": 1.471104907989502}, "2": {"loss": 1.0726631164550782}, "3": {"loss": 1.3522665977478028}, "4": {"loss": 0.49535188674926756}}