{"0": {"loss": 2.211430788040161}, "1": {"loss": 1.716706395149231}, "2": {"loss": 2.374476432800293}, "3": {"loss": 2.7896175384521484}, "4": {"loss": 1.6073634624481201}}