{"0": {"loss": 2.149334112803141}, "1": {"loss": 1.6257890065511067}, "2": {"loss": 1.4931484858194988}, "3": {"loss": 1.2590289910634358}, "4": {"loss": 0.6623744964599609}}