{"0": {"loss": 2.4149818420410156}, "1": {"loss": 2.2928174336751304}, "2": {"loss": 1.496681849161784}, "3": {"loss": 1.02485195795695}, "4": {"loss": 1.2566600640614827}}