{"0": {"loss": 2.159630457560221}, "1": {"loss": 1.8680413564046223}, "2": {"loss": 1.1037055651346843}, "3": {"loss": 1.5077756245930989}, "4": {"loss": 1.6665749549865723}}