{"0": {"loss": 2.2693262100219727}, "1": {"loss": 2.0762497584025064}, "2": {"loss": 1.7661091486612956}, "3": {"loss": 0.6702043215433756}, "4": {"loss": 0.40433986981709796}}