{"0": {"loss": 3.0390636920928955}, "1": {"loss": 3.249173164367676}, "2": {"loss": 3.2346363067626953}, "3": {"loss": 2.706657648086548}, "4": {"loss": 2.294750928878784}}