{"0": {"loss": 2.2717514038085938}, "1": {"loss": 2.0849763325282504}, "2": {"loss": 2.2212796892438615}, "3": {"loss": 3.183368682861328}, "4": {"loss": 5.006377628871372}}