{"0": {"loss": 1.8339519500732422}, "1": {"loss": 3.2962945302327475}, "2": {"loss": 2.8477678298950195}, "3": {"loss": 2.6023201942443848}, "4": {"loss": 9.081033706665039}}