{"0": {"loss": 2.2667109966278076}, "1": {"loss": 2.548105239868164}, "2": {"loss": 4.205134391784668}, "3": {"loss": 6.321864128112793}, "4": {"loss": 5.68796968460083}}