{"0": {"loss": 2.5039901733398438}, "1": {"loss": 3.0881345748901365}, "2": {"loss": 2.1395824432373045}, "3": {"loss": 2.283295249938965}, "4": {"loss": 1.7366695404052734}}