{"0": {"loss": 2.4690096378326416}, "1": {"loss": 2.4690096378326416}, "2": {"loss": 2.4690096378326416}, "3": {"loss": 1.6609758138656616}, "4": {"loss": 1.6422427892684937}}