{"0": {"loss": 2.366595904032389}, "1": {"loss": 2.246784528096517}, "2": {"loss": 1.8612430890401204}, "3": {"loss": 0.968209425608317}, "4": {"loss": 0.515233318010966}}