{"0": {"loss": 2.2786319732666014}, "1": {"loss": 1.8249240875244142}, "2": {"loss": 2.208803176879883}, "3": {"loss": 1.8340435028076172}, "4": {"loss": 0.9952740669250488}}