{"0": {"loss": 1.6882963180541992}, "1": {"loss": 2.4219846725463867}, "2": {"loss": 2.695675532023112}, "3": {"loss": 2.7343775431315103}, "4": {"loss": 5.137057940165202}}