{"0": {"loss": 2.2155773639678955}, "1": {"loss": 2.2167458534240723}, "2": {"loss": 1.2742488384246826}, "3": {"loss": 1.4039098024368286}, "4": {"loss": 1.2034738063812256}}