{"0": {"loss": 2.2789174715677896}, "1": {"loss": 1.9552919069925945}, "2": {"loss": 2.5154797236124673}, "3": {"loss": 2.1136720975240073}, "4": {"loss": 1.8354822794596355}}