{"0": {"loss": 2.036475976308187}, "1": {"loss": 2.924910227457682}, "2": {"loss": 2.6457958221435547}, "3": {"loss": 3.5183607737223306}, "4": {"loss": 1.904828707377116}}