{"0": {"loss": 1.9935077667236327}, "1": {"loss": 1.7040582656860352}, "2": {"loss": 1.883784866333008}, "3": {"loss": 1.0781594276428224}, "4": {"loss": 1.2078021049499512}}