{"0": {"loss": 2.1168785095214844}, "1": {"loss": 2.296097891671317}, "2": {"loss": 2.5541060311453685}, "3": {"loss": 3.0206334250313893}, "4": {"loss": 2.501666750226702}}