{"0": {"loss": 2.8606941223144533}, "1": {"loss": 3.423230743408203}, "2": {"loss": 1.883823776245117}, "3": {"loss": 1.7294790267944335}, "4": {"loss": 2.134640121459961}}