{"0": {"loss": 2.1839512416294644}, "1": {"loss": 2.010872023446219}, "2": {"loss": 2.7404447283063615}, "3": {"loss": 2.2328273228236606}, "4": {"loss": 2.734573636736189}}