{"0": {"loss": 1.9816266695658367}, "1": {"loss": 1.4738391240437825}, "2": {"loss": 1.3442068099975586}, "3": {"loss": 1.3819438616434734}, "4": {"loss": 1.3929656346638997}}