{"0": {"loss": 2.16745662689209}, "1": {"loss": 2.1267619132995605}, "2": {"loss": 1.8145852088928223}, "3": {"loss": 1.7378616333007812}, "4": {"loss": 0.8932775855064392}}