{"0": {"loss": 2.4130584716796877}, "1": {"loss": 3.71588134765625}, "2": {"loss": 2.906972122192383}, "3": {"loss": 2.038411331176758}, "4": {"loss": 1.7620559692382813}}