{"0": {"loss": 2.5210922241210936}, "1": {"loss": 2.680375862121582}, "2": {"loss": 2.0676883697509765}, "3": {"loss": 1.6073165893554688}, "4": {"loss": 2.007119369506836}}