{"0": {"loss": 2.6640424728393555}, "1": {"loss": 3.0817591349283853}, "2": {"loss": 1.7927988370259602}, "3": {"loss": 1.2964238325754802}, "4": {"loss": 1.4847819010416667}}