{"0": {"loss": 2.5190727710723877}, "1": {"loss": 2.462043046951294}, "2": {"loss": 2.1778781414031982}, "3": {"loss": 2.088761568069458}, "4": {"loss": 4.530131816864014}}