{"0": {"loss": 2.5670268535614014}, "1": {"loss": 2.1168675422668457}, "2": {"loss": 2.130634307861328}, "3": {"loss": 1.4748809337615967}, "4": {"loss": 1.2320756912231445}}