{"0": {"loss": 2.2005298137664795}, "1": {"loss": 2.2272915840148926}, "2": {"loss": 1.396950602531433}, "3": {"loss": 0.9735831618309021}, "4": {"loss": 0.9850000739097595}}