{"0": {"loss": 3.246539306640625}, "1": {"loss": 3.274153137207031}, "2": {"loss": 2.363693046569824}, "3": {"loss": 1.6108531951904297}, "4": {"loss": 1.1547161102294923}}