{"0": {"loss": 2.0467655181884767}, "1": {"loss": 1.62945556640625}, "2": {"loss": 1.2267386436462402}, "3": {"loss": 0.8770969390869141}, "4": {"loss": 0.6584152698516845}}