{"0": {"loss": 2.8803908030192056}, "1": {"loss": 2.144186814626058}, "2": {"loss": 1.1031724611918132}, "3": {"loss": 1.1247240702311199}, "4": {"loss": 1.6084378560384114}}