{"0": {"loss": 2.8085018157958985}, "1": {"loss": 3.095685577392578}, "2": {"loss": 1.801799201965332}, "3": {"loss": 1.172929286956787}, "4": {"loss": 0.8995644569396972}}