{"0": {"loss": 2.2002385457356772}, "1": {"loss": 2.079407056172689}, "2": {"loss": 1.6183700561523438}, "3": {"loss": 1.910998026529948}, "4": {"loss": 0.844960610071818}}