{"0": {"loss": 2.061593246459961}, "1": {"loss": 1.4997215270996094}, "2": {"loss": 1.9993913650512696}, "3": {"loss": 3.701377105712891}, "4": {"loss": 2.8138856887817383}}