{"0": {"loss": 2.3417211532592774}, "1": {"loss": 1.9280534744262696}, "2": {"loss": 1.5476718902587892}, "3": {"loss": 1.2668618202209472}, "4": {"loss": 1.2846077919006347}}