{"0": {"loss": 2.4214025224958147}, "1": {"loss": 2.3254912240164622}, "2": {"loss": 1.7938286917550224}, "3": {"loss": 1.7675271715436662}, "4": {"loss": 1.5393450600760323}}