{"0": {"loss": 2.1042494773864746}, "1": {"loss": 1.3892582654953003}, "2": {"loss": 1.481831669807434}, "3": {"loss": 1.275137186050415}, "4": {"loss": 1.8776018619537354}}