{"0": {"loss": 2.4781179428100586}, "1": {"loss": 3.2956788539886475}, "2": {"loss": 7.501314163208008}, "3": {"loss": 4.670690059661865}, "4": {"loss": 3.4368486404418945}}