{"0": {"loss": 1.946739912033081}, "1": {"loss": 1.9921529293060303}, "2": {"loss": 1.8559387922286987}, "3": {"loss": 1.8017055988311768}, "4": {"loss": 2.0339407920837402}}