{"0": {"loss": 2.5184404850006104}, "1": {"loss": 2.804835796356201}, "2": {"loss": 3.677112102508545}, "3": {"loss": 3.676874876022339}, "4": {"loss": 3.916934013366699}}