{"0": {"loss": 2.5087122917175293}, "1": {"loss": 2.3062281608581543}, "2": {"loss": 2.6566638946533203}, "3": {"loss": 2.3453307151794434}, "4": {"loss": 1.8850905895233154}}