{"0": {"loss": 2.1423239707946777}, "1": {"loss": 2.0722813606262207}, "2": {"loss": 1.7383490800857544}, "3": {"loss": 1.1916345357894897}, "4": {"loss": 2.055004596710205}}