{"0": {"loss": 2.0151329040527344}, "1": {"loss": 1.5326541264851887}, "2": {"loss": 1.396452267964681}, "3": {"loss": 2.455437501271566}, "4": {"loss": 2.643131732940674}}