{"0": {"loss": 2.2008155822753905}, "1": {"loss": 2.21616153717041}, "2": {"loss": 1.2389564514160156}, "3": {"loss": 0.7984137058258056}, "4": {"loss": 1.238938808441162}}