{"0": {"loss": 2.5040687561035155}, "1": {"loss": 2.374165725708008}, "2": {"loss": 2.286993980407715}, "3": {"loss": 1.7832496643066407}, "4": {"loss": 0.8647912979125977}}