{"0": {"loss": 3.452455997467041}, "1": {"loss": 4.484470367431641}, "2": {"loss": 3.3585045337677}, "3": {"loss": 2.6448028087615967}, "4": {"loss": 1.869698405265808}}