{"0": {"loss": 3.029073715209961}, "1": {"loss": 4.311303456624349}, "2": {"loss": 2.98162841796875}, "3": {"loss": 2.1905829111735025}, "4": {"loss": 2.220933755238851}}