{"0": {"loss": 2.2159038543701173}, "1": {"loss": 3.7820388793945314}, "2": {"loss": 3.4826793670654297}, "3": {"loss": 2.7686603546142576}, "4": {"loss": 2.264938545227051}}