{"0": {"loss": 2.159931500752767}, "1": {"loss": 2.1259407997131348}, "2": {"loss": 3.2318026224772134}, "3": {"loss": 2.1965049107869468}, "4": {"loss": 1.484856128692627}}