{"0": {"loss": 2.2198028564453125}, "1": {"loss": 1.7150595982869465}, "2": {"loss": 1.8226439158121746}, "3": {"loss": 1.9889140129089355}, "4": {"loss": 1.6717774073282878}}