{"0": {"loss": 2.4452627182006834}, "1": {"loss": 3.068982696533203}, "2": {"loss": 2.5094524383544923}, "3": {"loss": 2.2288259506225585}, "4": {"loss": 2.1027116775512695}}