{"0": {"loss": 2.6443098068237303}, "1": {"loss": 2.6641653060913084}, "2": {"loss": 1.700730323791504}, "3": {"loss": 1.448580837249756}, "4": {"loss": 1.1196362495422363}}