{"0": {"loss": 2.2718507448832193}, "1": {"loss": 2.0327820777893066}, "2": {"loss": 2.5638303756713867}, "3": {"loss": 1.1255772908528645}, "4": {"loss": 0.9505799611409506}}