{"0": {"loss": 2.318819522857666}, "1": {"loss": 2.1674955685933432}, "2": {"loss": 1.6534652709960938}, "3": {"loss": 1.4797463417053223}, "4": {"loss": 1.1787716547648113}}{"0": {"loss": 2.319339116414388}, "1": {"loss": 2.302330493927002}, "2": {"loss": 2.6858790715535483}, "3": {"loss": 3.2750012079874673}, "4": {"loss": 3.1654993693033853}}