{"0": {"loss": 2.262739658355713}, "1": {"loss": 2.446260452270508}, "2": {"loss": 2.9519710540771484}, "3": {"loss": 2.364921808242798}, "4": {"loss": 2.2515974044799805}}