{"0": {"loss": 1.8879567555018835}, "1": {"loss": 1.5317551749093192}, "2": {"loss": 1.6952250344412667}, "3": {"loss": 3.124201910836356}, "4": {"loss": 3.1128125871930803}}