{"0": {"loss": 2.333096504211426}, "1": {"loss": 3.0811665852864585}, "2": {"loss": 2.3098427454630532}, "3": {"loss": 2.938305219014486}, "4": {"loss": 3.0282090504964194}}