{"0": {"loss": 2.279703458150228}, "1": {"loss": 1.8633111317952473}, "2": {"loss": 1.1340253353118896}, "3": {"loss": 0.7112328211466471}, "4": {"loss": 1.934405008951823}}