{"0": {"loss": 1.9115701913833618}, "1": {"loss": 1.7560043334960938}, "2": {"loss": 2.0651063919067383}, "3": {"loss": 2.484506368637085}, "4": {"loss": 2.395292282104492}}