{"0": {"loss": 2.0734190940856934}, "1": {"loss": 1.685389757156372}, "2": {"loss": 1.439836859703064}, "3": {"loss": 2.034224271774292}, "4": {"loss": 1.4073214530944824}}