{"0": {"loss": 2.027592341105143}, "1": {"loss": 2.511547088623047}, "2": {"loss": 2.2756675084431968}, "3": {"loss": 2.0087855656941733}, "4": {"loss": 2.0362230936686196}}