{"0": {"loss": 2.7488272984822593}, "1": {"loss": 2.2202823956807456}, "2": {"loss": 2.626988728841146}, "3": {"loss": 2.6494315465291343}, "4": {"loss": 1.4466036160786946}}