{"0": {"loss": 2.6331162452697754}, "1": {"loss": 2.0841808319091797}, "2": {"loss": 2.424084186553955}, "3": {"loss": 1.8038275241851807}, "4": {"loss": 1.6336147785186768}}