{"0": {"loss": 2.496310806274414}, "1": {"loss": 2.0918182373046874}, "2": {"loss": 2.0722293853759766}, "3": {"loss": 2.69128532409668}, "4": {"loss": 2.085306739807129}}