{"0": {"loss": 2.0808157920837402}, "1": {"loss": 3.120995203653971}, "2": {"loss": 2.6651487350463867}, "3": {"loss": 1.5538018544514973}, "4": {"loss": 2.1123900413513184}}