{"0": {"loss": 2.1573662757873535}, "1": {"loss": 2.3604893684387207}, "2": {"loss": 2.347219944000244}, "3": {"loss": 2.7235469818115234}, "4": {"loss": 1.5646005868911743}}