{"0": {"loss": 2.013178825378418}, "1": {"loss": 2.300783157348633}, "2": {"loss": 1.9492961168289185}, "3": {"loss": 1.9402570724487305}, "4": {"loss": 2.0233254432678223}}