{"0": {"loss": 2.292179380144392}, "1": {"loss": 3.3448028564453125}, "2": {"loss": 3.3613074166434154}, "3": {"loss": 2.7533629281180247}, "4": {"loss": 2.168135779244559}}