{"0": {"loss": 2.9759620666503905}, "1": {"loss": 3.180668067932129}, "2": {"loss": 2.677489471435547}, "3": {"loss": 1.9875406265258788}, "4": {"loss": 2.2700809478759765}}