{"0": {"loss": 3.0669848124186196}, "1": {"loss": 2.347829818725586}, "2": {"loss": 1.963041623433431}, "3": {"loss": 1.4821230570475261}, "4": {"loss": 1.1784094174702961}}