{"0": {"loss": 2.9491968154907227}, "1": {"loss": 3.04133939743042}, "2": {"loss": 3.7973647117614746}, "3": {"loss": 3.799271583557129}, "4": {"loss": 3.7970030307769775}}