{"0": {"loss": 2.5019636154174805}, "1": {"loss": 2.6115236282348633}, "2": {"loss": 2.6693026224772134}, "3": {"loss": 2.13131046295166}, "4": {"loss": 1.4633857409159343}}