{"0": {"loss": 2.441948890686035}, "1": {"loss": 2.3667821884155273}, "2": {"loss": 2.2901638031005858}, "3": {"loss": 2.3630373001098635}, "4": {"loss": 1.6256933212280273}}