{"0": {"loss": 2.4932456016540527}, "1": {"loss": 2.4932456016540527}, "2": {"loss": 2.4932456016540527}, "3": {"loss": 1.6533533334732056}, "4": {"loss": 1.6401747465133667}}