{"0": {"loss": 2.5299336910247803}, "1": {"loss": 2.7793102264404297}, "2": {"loss": 3.5703461170196533}, "3": {"loss": 3.50620698928833}, "4": {"loss": 2.0727832317352295}}