{"0": {"loss": 1.9208555221557617}, "1": {"loss": 1.2971431414286296}, "2": {"loss": 1.408319632212321}, "3": {"loss": 0.8479827245076498}, "4": {"loss": 0.8828215599060059}}