{"0": {"loss": 2.4911768436431885}, "1": {"loss": 2.227612257003784}, "2": {"loss": 1.8027137517929077}, "3": {"loss": 1.9194921255111694}, "4": {"loss": 2.118344783782959}}