{"0": {"loss": 2.500865936279297}, "1": {"loss": 2.6411353747049966}, "2": {"loss": 2.7109063466389975}, "3": {"loss": 2.9240646362304688}, "4": {"loss": 2.1005714734395347}}