{"0": {"loss": 2.5632654825846353}, "1": {"loss": 2.547417481740316}, "2": {"loss": 2.873660087585449}, "3": {"loss": 2.435488700866699}, "4": {"loss": 2.066377321879069}}{"0": {"loss": 2.5632654825846353}, "1": {"loss": 2.538605054219564}, "2": {"loss": 2.822718938191732}, "3": {"loss": 2.428593476613363}, "4": {"loss": 2.8498128255208335}}