{"0": {"loss": 2.1059377670288084}, "1": {"loss": 3.0403446197509765}, "2": {"loss": 2.389434051513672}, "3": {"loss": 1.5804431915283204}, "4": {"loss": 0.9510105133056641}}