{"0": {"loss": 1.9311327934265137}, "1": {"loss": 3.070258378982544}, "2": {"loss": 3.198824882507324}, "3": {"loss": 1.597214698791504}, "4": {"loss": 1.2264388799667358}}