{"0": {"loss": 2.226475238800049}, "1": {"loss": 1.9010086059570312}, "2": {"loss": 1.8804248174031575}, "3": {"loss": 1.9336458841959636}, "4": {"loss": 1.042877991994222}}