{"0": {"loss": 2.2194162368774415}, "1": {"loss": 1.7630842208862305}, "2": {"loss": 1.9283697128295898}, "3": {"loss": 2.3064414978027346}, "4": {"loss": 0.6274423599243164}}