{"0": {"loss": 2.218487467084612}, "1": {"loss": 2.957259041922433}, "2": {"loss": 3.0617588588169644}, "3": {"loss": 2.999187741960798}, "4": {"loss": 3.551775796072824}}