{"0": {"loss": 2.201336224873861}, "1": {"loss": 1.9457001686096191}, "2": {"loss": 2.553164005279541}, "3": {"loss": 3.156274159749349}, "4": {"loss": 2.892628033955892}}