{"0": {"loss": 2.249715566635132}, "1": {"loss": 1.5778791904449463}, "2": {"loss": 1.662682294845581}, "3": {"loss": 3.4291844367980957}, "4": {"loss": 1.88813054561615}}