{"0": {"loss": 2.375849723815918}, "1": {"loss": 2.449272632598877}, "2": {"loss": 1.813552737236023}, "3": {"loss": 0.8278375864028931}, "4": {"loss": 0.524982750415802}}