{"0": {"loss": 2.1613929748535154}, "1": {"loss": 1.4797231674194335}, "2": {"loss": 1.536172866821289}, "3": {"loss": 0.8727392196655274}, "4": {"loss": 0.6707007884979248}}