{"0": {"loss": 2.1857316153390065}, "1": {"loss": 1.884822164263044}, "2": {"loss": 2.60007449558803}, "3": {"loss": 1.9045103618076868}, "4": {"loss": 1.464784894670759}}