{"0": {"loss": 2.0921902656555176}, "1": {"loss": 3.767965316772461}, "2": {"loss": 2.972318172454834}, "3": {"loss": 1.5234194993972778}, "4": {"loss": 1.0293017625808716}}