{"0": {"loss": 2.3954927921295166}, "1": {"loss": 2.5445384979248047}, "2": {"loss": 2.4232892990112305}, "3": {"loss": 2.50925350189209}, "4": {"loss": 2.6255736351013184}}