{"0": {"loss": 2.533000946044922}, "1": {"loss": 2.621790885925293}, "2": {"loss": 2.5823941230773926}, "3": {"loss": 3.056730270385742}, "4": {"loss": 3.639235019683838}}