{"0": {"loss": 2.535090208053589}, "1": {"loss": 2.7433791160583496}, "2": {"loss": 2.4260456562042236}, "3": {"loss": 2.7936019897460938}, "4": {"loss": 1.7825709581375122}}