{"0": {"loss": 2.0228657722473145}, "1": {"loss": 3.0635766983032227}, "2": {"loss": 3.5445151329040527}, "3": {"loss": 5.518855571746826}, "4": {"loss": 2.328627347946167}}