{"0": {"loss": 2.086944103240967}, "1": {"loss": 2.3274237314860025}, "2": {"loss": 1.5905523300170898}, "3": {"loss": 1.1853453318277996}, "4": {"loss": 2.375092029571533}}