{"0": {"loss": 2.125501823425293}, "1": {"loss": 3.6085887908935548}, "2": {"loss": 3.6127365112304686}, "3": {"loss": 1.4622543334960938}, "4": {"loss": 1.4749872207641601}}