{"0": {"loss": 2.423797130584717}, "1": {"loss": 2.795473575592041}, "2": {"loss": 3.334270477294922}, "3": {"loss": 2.5956101417541504}, "4": {"loss": 2.211087465286255}}{"0": {"loss": 2.423797130584717}, "1": {"loss": 3.1494457721710205}, "2": {"loss": 3.4704322814941406}, "3": {"loss": 3.5533056259155273}, "4": {"loss": 1.968526840209961}}