{"0": {"loss": 2.3973472118377686}, "1": {"loss": 2.169692277908325}, "2": {"loss": 1.731802225112915}, "3": {"loss": 1.9662854671478271}, "4": {"loss": 1.8680574893951416}}