{"0": {"loss": 1.969913125038147}, "1": {"loss": 1.5933279991149902}, "2": {"loss": 2.675048351287842}, "3": {"loss": 2.794332504272461}, "4": {"loss": 2.429800510406494}}