{"0": {"loss": 2.382208687918527}, "1": {"loss": 2.8341707502092635}, "2": {"loss": 8.32329341343471}, "3": {"loss": 10.272041320800781}, "4": {"loss": 0.0}}