{"0": {"loss": 2.0683929920196533}, "1": {"loss": 3.0605125427246094}, "2": {"loss": 3.4614243507385254}, "3": {"loss": 2.3862650394439697}, "4": {"loss": 1.4173479080200195}}