{"0": {"loss": 2.371981382369995}, "1": {"loss": 3.721613645553589}, "2": {"loss": 2.9773311614990234}, "3": {"loss": 2.3891143798828125}, "4": {"loss": 1.8671503067016602}}