{"0": {"loss": 1.9617934226989746}, "1": {"loss": 1.9481665293375652}, "2": {"loss": 1.658546765645345}, "3": {"loss": 0.8959699471791586}, "4": {"loss": 1.776252269744873}}