{"0": {"loss": 3.497884750366211}, "1": {"loss": 2.6845693588256836}, "2": {"loss": 2.072580337524414}, "3": {"loss": 1.502858320871989}, "4": {"loss": 1.5685203870137532}}