{"0": {"loss": 2.356457551320394}, "1": {"loss": 2.9741621017456055}, "2": {"loss": 2.4582699139912925}, "3": {"loss": 1.8643409411112468}, "4": {"loss": 1.517767111460368}}