{"0": {"loss": 3.1354049682617187}, "1": {"loss": 2.4561183929443358}, "2": {"loss": 1.9446624755859374}, "3": {"loss": 1.5949088096618653}, "4": {"loss": 2.9731170654296877}}