{"0": {"loss": 2.6416847705841064}, "1": {"loss": 2.270437002182007}, "2": {"loss": 2.15092134475708}, "3": {"loss": 2.0531108379364014}, "4": {"loss": 1.269507884979248}}