{"0": {"loss": 2.276313509259905}, "1": {"loss": 1.9387226104736328}, "2": {"loss": 2.5749879564557756}, "3": {"loss": 2.7616686139787947}, "4": {"loss": 2.8347385951450894}}