{"0": {"loss": 2.0070388317108154}, "1": {"loss": 1.8578641414642334}, "2": {"loss": 1.0667998790740967}, "3": {"loss": 1.1166256666183472}, "4": {"loss": 1.6770479679107666}}