{"0": {"loss": 2.919806480407715}, "1": {"loss": 3.7045249938964844}, "2": {"loss": 4.127341270446777}, "3": {"loss": 2.0369138717651367}, "4": {"loss": 1.8217118581136067}}