{"0": {"loss": 2.4176098505655923}, "1": {"loss": 2.441611925760905}, "2": {"loss": 2.6781088511149087}, "3": {"loss": 3.0481433868408203}, "4": {"loss": 3.144580841064453}}