{"0": {"loss": 2.4006474812825522}, "1": {"loss": 2.9691079457600913}, "2": {"loss": 2.720057487487793}, "3": {"loss": 2.6171107292175293}, "4": {"loss": 2.272242705027262}}