{"0": {"loss": 1.9588578939437866}, "1": {"loss": 1.9478681087493896}, "2": {"loss": 1.5492057800292969}, "3": {"loss": 1.0624014139175415}, "4": {"loss": 2.4826574325561523}}