{"0": {"loss": 2.510042190551758}, "1": {"loss": 2.106806755065918}, "2": {"loss": 2.010563691457113}, "3": {"loss": 2.5787270863850913}, "4": {"loss": 1.9759108225504558}}