{"0": {"loss": 2.5211753845214844}, "1": {"loss": 3.1032937367757163}, "2": {"loss": 2.1936758359273276}, "3": {"loss": 1.9263745943705242}, "4": {"loss": 2.7956066131591797}}