{"0": {"loss": 2.6323529879252114}, "1": {"loss": 2.2008233070373535}, "2": {"loss": 3.009807586669922}, "3": {"loss": 4.2328338623046875}, "4": {"loss": 3.3096755345662436}}