{"0": {"loss": 2.8699180603027346}, "1": {"loss": 2.8539838790893555}, "2": {"loss": 1.4420838356018066}, "3": {"loss": 1.0500965118408203}, "4": {"loss": 0.6001965045928955}}