{"0": {"loss": 1.9283855983189173}, "1": {"loss": 1.5306237084524972}, "2": {"loss": 1.9868439265659876}, "3": {"loss": 1.6504428046090263}, "4": {"loss": 1.0021028518676758}}