{"0": {"loss": 2.3153891563415527}, "1": {"loss": 2.599259376525879}, "2": {"loss": 2.604504108428955}, "3": {"loss": 2.6016831398010254}, "4": {"loss": 1.7327489852905273}}