{"0": {"loss": 2.382303237915039}, "1": {"loss": 2.186649703979492}, "2": {"loss": 3.0679815292358397}, "3": {"loss": 2.097490119934082}, "4": {"loss": 1.532946491241455}}