{"0": {"loss": 2.419759178161621}, "1": {"loss": 3.484674072265625}, "2": {"loss": 3.245371627807617}, "3": {"loss": 3.598643493652344}, "4": {"loss": 1.8749006271362305}}