{"0": {"loss": 2.656658172607422}, "1": {"loss": 2.602921962738037}, "2": {"loss": 1.9960616827011108}, "3": {"loss": 1.4708714485168457}, "4": {"loss": 1.1534788608551025}}