{"0": {"loss": 2.1214149475097654}, "1": {"loss": 1.926675033569336}, "2": {"loss": 2.1534170150756835}, "3": {"loss": 1.5756040573120118}, "4": {"loss": 1.118148136138916}}