{"0": {"loss": 1.9489293098449707}, "1": {"loss": 2.395556926727295}, "2": {"loss": 1.8130043745040894}, "3": {"loss": 1.77837073802948}, "4": {"loss": 1.0011086463928223}}