{"0": {"loss": 2.2805126190185545}, "1": {"loss": 1.9575887680053712}, "2": {"loss": 1.785924530029297}, "3": {"loss": 1.558124828338623}, "4": {"loss": 1.0859872817993164}}