{"0": {"loss": 2.4794812202453613}, "1": {"loss": 2.544455051422119}, "2": {"loss": 2.5545918941497803}, "3": {"loss": 2.315432071685791}, "4": {"loss": 1.906707763671875}}