{"0": {"loss": 2.352522713797433}, "1": {"loss": 8.045313698904854}, "2": {"loss": 9.248895917619977}, "3": {"loss": 8.084920610700335}, "4": {"loss": 7.889269692557199}}