{"0": {"loss": 2.852597236633301}, "1": {"loss": 2.822071838378906}, "2": {"loss": 1.578438663482666}, "3": {"loss": 0.9904972076416015}, "4": {"loss": 0.7742900371551513}}