{"0": {"loss": 2.4409545262654624}, "1": {"loss": 2.4979728062947593}, "2": {"loss": 2.606278419494629}, "3": {"loss": 2.8174571990966797}, "4": {"loss": 2.4233878453572593}}