{"0": {"loss": 2.3472323417663574}, "1": {"loss": 2.0858168601989746}, "2": {"loss": 2.042224645614624}, "3": {"loss": 3.291224956512451}, "4": {"loss": 3.2490668296813965}}