{"0": {"loss": 2.4706153869628906}, "1": {"loss": 3.1245798110961913}, "2": {"loss": 2.1380138397216797}, "3": {"loss": 1.8240921020507812}, "4": {"loss": 2.9223228454589845}}