{"0": {"loss": 2.2512192726135254}, "1": {"loss": 3.5564448038736978}, "2": {"loss": 3.5007603963216147}, "3": {"loss": 1.8697452545166016}, "4": {"loss": 3.6428658167521157}}