{"0": {"loss": 1.931451416015625}, "1": {"loss": 1.5403138160705567}, "2": {"loss": 1.2968840599060059}, "3": {"loss": 0.8426711082458496}, "4": {"loss": 1.8890953063964844}}