{"0": {"loss": 2.1561710357666017}, "1": {"loss": 4.669314575195313}, "2": {"loss": 3.7279144287109376}, "3": {"loss": 3.4135013580322267}, "4": {"loss": 2.737499809265137}}