{"0": {"loss": 1.6367430686950684}, "1": {"loss": 1.6043744087219238}, "2": {"loss": 1.235194444656372}, "3": {"loss": 1.3003977537155151}, "4": {"loss": 2.5430498123168945}}