{"0": {"loss": 2.4216028213500977}, "1": {"loss": 2.5750240325927733}, "2": {"loss": 2.8422311782836913}, "3": {"loss": 1.724564552307129}, "4": {"loss": 1.6192564010620116}}