{"0": {"loss": 2.7477296193440757}, "1": {"loss": 2.663557847340902}, "2": {"loss": 1.9073797861735027}, "3": {"loss": 1.9051068623860676}, "4": {"loss": 1.3102055390675862}}