{"0": {"loss": 2.199772834777832}, "1": {"loss": 2.029317855834961}, "2": {"loss": 1.612965742746989}, "3": {"loss": 1.4496030807495117}, "4": {"loss": 1.5055569012959797}}