{"0": {"loss": 2.3287397384643556}, "1": {"loss": 3.3407669067382812}, "2": {"loss": 2.892715263366699}, "3": {"loss": 2.435420799255371}, "4": {"loss": 2.2532169342041017}}