{"0": {"loss": 3.23355712890625}, "1": {"loss": 3.2601295471191407}, "2": {"loss": 2.493389701843262}, "3": {"loss": 1.6515487670898437}, "4": {"loss": 1.3127345085144042}}