{"0": {"loss": 1.9685449600219727}, "1": {"loss": 2.4282774925231934}, "2": {"loss": 2.0969955921173096}, "3": {"loss": 1.561837911605835}, "4": {"loss": 1.3686230182647705}}