{"0": {"loss": 2.292845916748047}, "1": {"loss": 2.528322219848633}, "2": {"loss": 2.074733352661133}, "3": {"loss": 1.367842197418213}, "4": {"loss": 0.9476489067077637}}