{"0": {"loss": 2.276089532034738}, "1": {"loss": 6.624397822788784}, "2": {"loss": 7.224230085100446}, "3": {"loss": 8.584739685058594}, "4": {"loss": 8.235430581229073}}