{"0": {"loss": 2.258755111694336}, "1": {"loss": 1.784573745727539}, "2": {"loss": 2.542799949645996}, "3": {"loss": 2.0775869369506834}, "4": {"loss": 1.5780832290649414}}