{"0": {"loss": 2.313444455464681}, "1": {"loss": 2.016389528910319}, "2": {"loss": 1.729172706604004}, "3": {"loss": 1.569521427154541}, "4": {"loss": 1.7087135314941406}}