{"0": {"loss": 2.2606576919555663}, "1": {"loss": 2.7266244888305664}, "2": {"loss": 1.502647304534912}, "3": {"loss": 0.8921345710754395}, "4": {"loss": 0.405759859085083}}