{"0": {"loss": 2.642381191253662}, "1": {"loss": 2.557578722635905}, "2": {"loss": 2.4046414693196616}, "3": {"loss": 1.927155335744222}, "4": {"loss": 1.360822359720866}}