{"0": {"loss": 2.088477611541748}, "1": {"loss": 2.0056257247924805}, "2": {"loss": 2.4530301094055176}, "3": {"loss": 1.6041749715805054}, "4": {"loss": 1.0763731002807617}}