{"0": {"loss": 2.932676633199056}, "1": {"loss": 3.0752487182617188}, "2": {"loss": 4.058915138244629}, "3": {"loss": 2.3838555018107095}, "4": {"loss": 1.7959874471028645}}