{"0": {"loss": 1.9446017742156982}, "1": {"loss": 2.1687440872192383}, "2": {"loss": 1.4937973022460938}, "3": {"loss": 2.1889615058898926}, "4": {"loss": 2.4338271617889404}}