{"0": {"loss": 3.4677774906158447}, "1": {"loss": 2.3981668949127197}, "2": {"loss": 1.992203950881958}, "3": {"loss": 1.9626903533935547}, "4": {"loss": 1.4022144079208374}}