{"0": {"loss": 1.9109644889831543}, "1": {"loss": 1.9021541277567546}, "2": {"loss": 1.3609601656595867}, "3": {"loss": 1.6448618570963542}, "4": {"loss": 1.230232795079549}}