{"0": {"loss": 2.3886877059936524}, "1": {"loss": 1.668385887145996}, "2": {"loss": 2.5261442184448244}, "3": {"loss": 2.2910146713256836}, "4": {"loss": 1.7562477111816406}}