{"0": {"loss": 2.317851702372233}, "1": {"loss": 1.9216408729553223}, "2": {"loss": 1.2896502017974854}, "3": {"loss": 2.046182632446289}, "4": {"loss": 1.9838083585103352}}