{"0": {"loss": 2.8129076957702637}, "1": {"loss": 3.8673882484436035}, "2": {"loss": 4.3923163414001465}, "3": {"loss": 2.7762374877929688}, "4": {"loss": 1.6262738704681396}}