{"0": {"loss": 2.609013319015503}, "1": {"loss": 2.1686394214630127}, "2": {"loss": 1.5535240173339844}, "3": {"loss": 1.4080207347869873}, "4": {"loss": 1.668455958366394}}