{"0": {"loss": 2.1177988052368164}, "1": {"loss": 3.049558162689209}, "2": {"loss": 6.2350640296936035}, "3": {"loss": 2.326188564300537}, "4": {"loss": 1.9882421493530273}}