{"0": {"loss": 3.078491528828939}, "1": {"loss": 2.131098906199137}, "2": {"loss": 1.5838584899902344}, "3": {"loss": 1.35915740331014}, "4": {"loss": 1.122773011525472}}