{"0": {"loss": 2.2217159271240234}, "1": {"loss": 1.946357318333217}, "2": {"loss": 1.8798577444893974}, "3": {"loss": 1.3257134301321847}, "4": {"loss": 1.2570394788469588}}