{"0": {"loss": 2.3230506352015903}, "1": {"loss": 1.791684968130929}, "2": {"loss": 1.552414894104004}, "3": {"loss": 1.5688649586268835}, "4": {"loss": 1.7661710466657365}}