{"0": {"loss": 2.1727399826049805}, "1": {"loss": 1.8084306716918945}, "2": {"loss": 1.3115955591201782}, "3": {"loss": 1.5076282024383545}, "4": {"loss": 1.4592193365097046}}