{"0": {"loss": 2.329153537750244}, "1": {"loss": 2.233301877975464}, "2": {"loss": 1.4375615119934082}, "3": {"loss": 1.2036433219909668}, "4": {"loss": 2.287846565246582}}