{"0": {"loss": 2.145732879638672}, "1": {"loss": 3.168203115463257}, "2": {"loss": 3.4828133583068848}, "3": {"loss": 2.3782777786254883}, "4": {"loss": 1.289276123046875}}