{"0": {"loss": 1.9375749588012696}, "1": {"loss": 1.3282855987548827}, "2": {"loss": 1.1220069885253907}, "3": {"loss": 0.8075876235961914}, "4": {"loss": 3.2220829010009764}}