{"0": {"loss": 1.999212106068929}, "1": {"loss": 1.6374600728352864}, "2": {"loss": 2.6003076235453286}, "3": {"loss": 2.1543453534444175}, "4": {"loss": 1.599413553873698}}