{"0": {"loss": 1.9754672050476074}, "1": {"loss": 1.8882395426432292}, "2": {"loss": 2.4250450134277344}, "3": {"loss": 2.6061989466349282}, "4": {"loss": 2.940868377685547}}