{"0": {"loss": 2.344654846191406}, "1": {"loss": 2.0306064605712892}, "2": {"loss": 2.177314567565918}, "3": {"loss": 2.378331184387207}, "4": {"loss": 7.565647888183594}}