{"0": {"loss": 2.4535505771636963}, "1": {"loss": 2.1769466400146484}, "2": {"loss": 2.5095949172973633}, "3": {"loss": 2.310117721557617}, "4": {"loss": 2.0745670795440674}}