{"0": {"loss": 2.5574189821879068}, "1": {"loss": 3.1192429860432944}, "2": {"loss": 2.7836195627848306}, "3": {"loss": 1.6347195307413738}, "4": {"loss": 1.2062390645345051}}