{"0": {"loss": 2.198401314871652}, "1": {"loss": 1.958916391645159}, "2": {"loss": 2.2858826773507253}, "3": {"loss": 2.2440344946725026}, "4": {"loss": 1.7179031372070312}}