{"0": {"loss": 2.0035831451416017}, "1": {"loss": 1.9914878845214843}, "2": {"loss": 1.6482677459716797}, "3": {"loss": 2.740883636474609}, "4": {"loss": 1.45968017578125}}