{"0": {"loss": 2.4547805786132812}, "1": {"loss": 2.456713104248047}, "2": {"loss": 1.6896621704101562}, "3": {"loss": 1.46065092086792}, "4": {"loss": 1.0402923583984376}}