{"0": {"loss": 2.1576298077901206}, "1": {"loss": 2.969671885172526}, "2": {"loss": 1.8701904614766438}, "3": {"loss": 1.5120326677958171}, "4": {"loss": 1.5289513270060222}}