{"0": {"loss": 2.169898441859654}, "1": {"loss": 2.3247274671282088}, "2": {"loss": 2.5102955954415456}, "3": {"loss": 1.5989390781947546}, "4": {"loss": 1.7504623958042689}}