{"0": {"loss": 2.7972132364908853}, "1": {"loss": 2.2339261372884116}, "2": {"loss": 2.5044406255086265}, "3": {"loss": 2.8707504272460938}, "4": {"loss": 1.7811001141866047}}