{"0": {"loss": 3.2879228591918945}, "1": {"loss": 2.45538067817688}, "2": {"loss": 2.3300271034240723}, "3": {"loss": 2.7821850776672363}, "4": {"loss": 2.0229854583740234}}