{"0": {"loss": 2.5094711780548096}, "1": {"loss": 2.1901214122772217}, "2": {"loss": 2.5019757747650146}, "3": {"loss": 1.9119621515274048}, "4": {"loss": 3.226956367492676}}