{"0": {"loss": 2.3756931849888394}, "1": {"loss": 6.00487300327846}, "2": {"loss": 2.828852789742606}, "3": {"loss": 2.2175704411097934}, "4": {"loss": 2.822985512869699}}