{"0": {"loss": 3.2653026580810547}, "1": {"loss": 2.4753189086914062}, "2": {"loss": 2.536848545074463}, "3": {"loss": 2.8356947898864746}, "4": {"loss": 2.1975197792053223}}