{"0": {"loss": 3.054469585418701}, "1": {"loss": 3.1053340435028076}, "2": {"loss": 2.482149600982666}, "3": {"loss": 1.336458683013916}, "4": {"loss": 1.0047407150268555}}