{"0": {"loss": 2.8571243286132812}, "1": {"loss": 2.367534955342611}, "2": {"loss": 2.2191362380981445}, "3": {"loss": 2.5209070841471353}, "4": {"loss": 3.012948989868164}}