{"0": {"loss": 2.467363119125366}, "1": {"loss": 2.426753520965576}, "2": {"loss": 2.4310436248779297}, "3": {"loss": 1.9726799726486206}, "4": {"loss": 1.4475640058517456}}