{"0": {"loss": 2.4266178131103517}, "1": {"loss": 2.3691505432128905}, "2": {"loss": 2.4235416412353517}, "3": {"loss": 1.9467639923095703}, "4": {"loss": 1.5169090270996093}}