{"0": {"loss": 1.8962055842081706}, "1": {"loss": 1.588921070098877}, "2": {"loss": 1.3232245445251465}, "3": {"loss": 2.472894032796224}, "4": {"loss": 2.6493166287740073}}