{"0": {"loss": 2.029315948486328}, "1": {"loss": 1.5132294654846192}, "2": {"loss": 0.8958658218383789}, "3": {"loss": 0.6204109191894531}, "4": {"loss": 0.759636402130127}}