{"0": {"loss": 2.0525934219360353}, "1": {"loss": 3.8166648864746096}, "2": {"loss": 3.8770233154296876}, "3": {"loss": 1.8856937408447265}, "4": {"loss": 1.1417986869812011}}