{"0": {"loss": 2.3066848119099936}, "1": {"loss": 1.611940860748291}, "2": {"loss": 1.7568868001302083}, "3": {"loss": 2.2593100865681968}, "4": {"loss": 0.9874464670817057}}