{"0": {"loss": 2.467718760172526}, "1": {"loss": 2.330271561940511}, "2": {"loss": 1.5685656865437825}, "3": {"loss": 1.8440977732340496}, "4": {"loss": 1.9137719472249348}}