{"0": {"loss": 1.964730943952288}, "1": {"loss": 1.7262273515973772}, "2": {"loss": 1.8114598137991769}, "3": {"loss": 2.219923564365932}, "4": {"loss": 1.1121937888009208}}