{"0": {"loss": 2.523874521255493}, "1": {"loss": 2.1384425163269043}, "2": {"loss": 2.656738042831421}, "3": {"loss": 3.0322537422180176}, "4": {"loss": 3.9024386405944824}}