{"0": {"loss": 2.0536075592041017}, "1": {"loss": 2.5069881439208985}, "2": {"loss": 1.7502616882324218}, "3": {"loss": 2.524066352844238}, "4": {"loss": 2.0637516021728515}}