{"0": {"loss": 2.112766456604004}, "1": {"loss": 2.858652114868164}, "2": {"loss": 1.7144689559936523}, "3": {"loss": 2.7812429428100587}, "4": {"loss": 1.9224456787109374}}