{"0": {"loss": 2.7637532552083335}, "1": {"loss": 3.9932003021240234}, "2": {"loss": 5.282222747802734}, "3": {"loss": 8.513360341389975}, "4": {"loss": 8.359392801920572}}