{"0": {"loss": 1.991676139831543}, "1": {"loss": 3.602603530883789}, "2": {"loss": 4.548908233642578}, "3": {"loss": 2.983495330810547}, "4": {"loss": 1.9476362228393556}}