{"0": {"loss": 2.105560541152954}, "1": {"loss": 2.4359779357910156}, "2": {"loss": 1.4170944690704346}, "3": {"loss": 1.202179193496704}, "4": {"loss": 2.1410293579101562}}