{"0": {"loss": 2.0195137659708657}, "1": {"loss": 1.5956238110860188}, "2": {"loss": 1.7195507685343425}, "3": {"loss": 1.5726954142252605}, "4": {"loss": 2.6906582514444985}}