{"0": {"loss": 2.559041404724121}, "1": {"loss": 2.1902320861816404}, "2": {"loss": 1.9310741424560547}, "3": {"loss": 1.3737646102905274}, "4": {"loss": 1.0402355194091797}}