{"0": {"loss": 2.522958278656006}, "1": {"loss": 2.758357365926107}, "2": {"loss": 4.0031735102335615}, "3": {"loss": 4.52339235941569}, "4": {"loss": 5.839527765909831}}