{"0": {"loss": 2.787108612060547}, "1": {"loss": 1.9934581756591796}, "2": {"loss": 1.683894157409668}, "3": {"loss": 1.044938850402832}, "4": {"loss": 0.8135820388793945}}