{"0": {"loss": 2.4878792762756348}, "1": {"loss": 2.2114174365997314}, "2": {"loss": 2.425713300704956}, "3": {"loss": 1.8746564388275146}, "4": {"loss": 1.4442137479782104}}