{"0": {"loss": 1.9141651789347331}, "1": {"loss": 2.3706671396891275}, "2": {"loss": 2.7887255350748696}, "3": {"loss": 2.9294764200846353}, "4": {"loss": 2.4485772450764975}}