{"0": {"loss": 1.9062767028808594}, "1": {"loss": 1.9020315806070964}, "2": {"loss": 2.2059402465820312}, "3": {"loss": 1.2524530092875164}, "4": {"loss": 2.36604913075765}}