{"0": {"loss": 2.6131694316864014}, "1": {"loss": 2.0975754261016846}, "2": {"loss": 3.1308741569519043}, "3": {"loss": 2.977376937866211}, "4": {"loss": 2.477216958999634}}