{"0": {"loss": 2.391429138183594}, "1": {"loss": 2.031601905822754}, "2": {"loss": 2.905464935302734}, "3": {"loss": 3.4612503051757812}, "4": {"loss": 10.769515228271484}}