{"0": {"loss": 2.4130365371704103}, "1": {"loss": 1.8809803009033204}, "2": {"loss": 1.4746780395507812}, "3": {"loss": 1.2705699920654296}, "4": {"loss": 2.1844886779785155}}