{"0": {"loss": 2.2952990531921387}, "1": {"loss": 2.5626257260640464}, "2": {"loss": 2.4080252647399902}, "3": {"loss": 2.426812489827474}, "4": {"loss": 2.7010275522867837}}