{"0": {"loss": 2.651557445526123}, "1": {"loss": 2.219501813252767}, "2": {"loss": 2.2281726201375327}, "3": {"loss": 3.513620694478353}, "4": {"loss": 4.07338015238444}}