{"0": {"loss": 2.2247865200042725}, "1": {"loss": 3.181520700454712}, "2": {"loss": 1.7270909547805786}, "3": {"loss": 2.354217052459717}, "4": {"loss": 3.3015928268432617}}