{"0": {"loss": 2.225522518157959}, "1": {"loss": 2.225522518157959}, "2": {"loss": 2.2975125312805176}, "3": {"loss": 3.522618055343628}, "4": {"loss": 3.531522750854492}}