{"0": {"loss": 2.4554836750030518}, "1": {"loss": 2.535393476486206}, "2": {"loss": 2.1807377338409424}, "3": {"loss": 2.120668649673462}, "4": {"loss": 3.1353931427001953}}