{"0": {"loss": 2.340008544921875}, "1": {"loss": 2.3412406921386717}, "2": {"loss": 2.090180587768555}, "3": {"loss": 1.7827648162841796}, "4": {"loss": 1.311407470703125}}