{"0": {"loss": 2.175184631347656}, "1": {"loss": 2.668147659301758}, "2": {"loss": 2.651311492919922}, "3": {"loss": 1.9975086212158204}, "4": {"loss": 1.1820916175842284}}