{"0": {"loss": 1.9373397827148438}, "1": {"loss": 1.7876334190368652}, "2": {"loss": 1.4740587870279949}, "3": {"loss": 0.8399899005889893}, "4": {"loss": 0.8191439310709635}}