{"0": {"loss": 2.105869770050049}, "1": {"loss": 1.9360926151275635}, "2": {"loss": 2.0066206455230713}, "3": {"loss": 2.478518009185791}, "4": {"loss": 1.84702467918396}}