{"0": {"loss": 2.3420356114705405}, "1": {"loss": 1.747197945912679}, "2": {"loss": 1.6587375005086262}, "3": {"loss": 2.413240432739258}, "4": {"loss": 1.9141483306884766}}