{"0": {"loss": 1.8128493626912434}, "1": {"loss": 2.0038062731424966}, "2": {"loss": 1.9861863454182942}, "3": {"loss": 2.644105911254883}, "4": {"loss": 2.5724099477132163}}