{"0": {"loss": 3.4932122230529785}, "1": {"loss": 2.2419018745422363}, "2": {"loss": 1.6139230728149414}, "3": {"loss": 1.7812554836273193}, "4": {"loss": 1.817223072052002}}