{"0": {"loss": 2.3896143436431885}, "1": {"loss": 2.1863088607788086}, "2": {"loss": 1.2615039348602295}, "3": {"loss": 0.9706424474716187}, "4": {"loss": 2.074188709259033}}