{"0": {"loss": 1.8618276913960774}, "1": {"loss": 1.3340657552083333}, "2": {"loss": 1.5026000340779622}, "3": {"loss": 1.1950977643330891}, "4": {"loss": 1.073868989944458}}