{"0": {"loss": 2.1285595893859863}, "1": {"loss": 4.276231288909912}, "2": {"loss": 4.262167930603027}, "3": {"loss": 4.265294075012207}, "4": {"loss": 2.291828155517578}}