{"0": {"loss": 2.9736440658569334}, "1": {"loss": 2.9731525421142577}, "2": {"loss": 1.3724699020385742}, "3": {"loss": 0.9059267044067383}, "4": {"loss": 0.4636296272277832}}