{"0": {"loss": 2.4149673779805503}, "1": {"loss": 2.1463170051574707}, "2": {"loss": 1.5768500963846843}, "3": {"loss": 1.3841304779052734}, "4": {"loss": 1.2521527608235676}}