{"0": {"loss": 2.148327350616455}, "1": {"loss": 1.6931432485580444}, "2": {"loss": 0.8601934313774109}, "3": {"loss": 0.6711525917053223}, "4": {"loss": 1.091113567352295}}