{"0": {"loss": 1.9829483032226562}, "1": {"loss": 2.2062325477600098}, "2": {"loss": 2.605692148208618}, "3": {"loss": 2.1135475635528564}, "4": {"loss": 1.2990471124649048}}