{"0": {"loss": 2.1302061080932617}, "1": {"loss": 2.1157302856445312}, "2": {"loss": 3.67179012298584}, "3": {"loss": 3.5672950744628906}, "4": {"loss": 2.6677675247192383}}