{"0": {"loss": 2.3900707244873045}, "1": {"loss": 3.106144332885742}, "2": {"loss": 2.7452018737792967}, "3": {"loss": 1.743324089050293}, "4": {"loss": 1.8967681884765626}}