{"0": {"loss": 1.9768893718719482}, "1": {"loss": 1.7715468406677246}, "2": {"loss": 1.4978629350662231}, "3": {"loss": 1.9061051607131958}, "4": {"loss": 1.6123733520507812}}