{"0": {"loss": 2.4381035396030972}, "1": {"loss": 2.930978775024414}, "2": {"loss": 4.096676690237863}, "3": {"loss": 3.0542616162981306}, "4": {"loss": 2.6549895150320872}}