{"0": {"loss": 2.2483363151550293}, "1": {"loss": 2.3332977294921875}, "2": {"loss": 3.018681764602661}, "3": {"loss": 6.00473690032959}, "4": {"loss": 5.489212512969971}}