{"0": {"loss": 2.008570988972982}, "1": {"loss": 1.6981267929077148}, "2": {"loss": 2.4066295623779297}, "3": {"loss": 1.1717778046925862}, "4": {"loss": 0.7308870156606039}}