{"0": {"loss": 2.6231765747070312}, "1": {"loss": 2.8639698028564453}, "2": {"loss": 2.798856735229492}, "3": {"loss": 6.144358317057292}, "4": {"loss": 4.788979848225911}}