{"0": {"loss": 2.2748786381312778}, "1": {"loss": 2.216261182512556}, "2": {"loss": 2.02953679221017}, "3": {"loss": 2.260138511657715}, "4": {"loss": 1.5192480087280273}}