{"0": {"loss": 2.099430561065674}, "1": {"loss": 3.1513965129852295}, "2": {"loss": 1.4005101919174194}, "3": {"loss": 1.0113134384155273}, "4": {"loss": 1.4978461265563965}}