{"0": {"loss": 2.8847217559814453}, "1": {"loss": 3.752012252807617}, "2": {"loss": 1.658715057373047}, "3": {"loss": 1.28192138671875}, "4": {"loss": 1.5701128005981446}}