{"0": {"loss": 2.1407270431518555}, "1": {"loss": 3.385054270426432}, "2": {"loss": 3.5158843994140625}, "3": {"loss": 1.6549633344014485}, "4": {"loss": 1.4139903386433919}}