{"0": {"loss": 2.2700395584106445}, "1": {"loss": 1.9555253982543945}, "2": {"loss": 3.1854349772135415}, "3": {"loss": 2.269413471221924}, "4": {"loss": 1.0963736375172932}}