{"0": {"loss": 2.186968667166574}, "1": {"loss": 2.6340664454868863}, "2": {"loss": 3.190990720476423}, "3": {"loss": 3.444924763270787}, "4": {"loss": 2.8403328486851285}}