{"0": {"loss": 2.453777631123861}, "1": {"loss": 2.292638142903646}, "2": {"loss": 1.7553318341573079}, "3": {"loss": 1.264555295308431}, "4": {"loss": 1.9279069900512695}}