{"0": {"loss": 2.5161046981811523}, "1": {"loss": 2.1203866004943848}, "2": {"loss": 1.9661327600479126}, "3": {"loss": 2.7320761680603027}, "4": {"loss": 2.331833839416504}}