{"0": {"loss": 2.400270250108507}, "1": {"loss": 2.1445880466037326}, "2": {"loss": 1.7816530863444011}, "3": {"loss": 1.5638176600138347}, "4": {"loss": 1.1454463534884982}}