{"0": {"loss": 2.2612473169962564}, "1": {"loss": 1.6279389063517253}, "2": {"loss": 1.368290106455485}, "3": {"loss": 1.245198090871175}, "4": {"loss": 1.7691299120585124}}