{"0": {"loss": 2.2999250094095864}, "1": {"loss": 1.9971604347229004}, "2": {"loss": 2.2775160471598306}, "3": {"loss": 1.4786437352498372}, "4": {"loss": 7.7660566965738935}}