{"0": {"loss": 2.563357671101888}, "1": {"loss": 2.2503366470336914}, "2": {"loss": 1.9446913401285808}, "3": {"loss": 1.4538901646931965}, "4": {"loss": 1.9514935811360676}}