{"0": {"loss": 1.9605840682983398}, "1": {"loss": 3.3285980224609375}, "2": {"loss": 4.413510131835937}, "3": {"loss": 1.885844612121582}, "4": {"loss": 1.3960908889770507}}