{"0": {"loss": 2.185938262939453}, "1": {"loss": 2.8524330139160154}, "2": {"loss": 2.076982307434082}, "3": {"loss": 4.294654464721679}, "4": {"loss": 4.306770324707031}}