{"0": {"loss": 2.191809813181559}, "1": {"loss": 1.9396135012308757}, "2": {"loss": 1.8321987787882488}, "3": {"loss": 1.8052482604980469}, "4": {"loss": 1.2513937950134277}}