{"0": {"loss": 2.2929699420928955}, "1": {"loss": 2.735661745071411}, "2": {"loss": 2.604041337966919}, "3": {"loss": 3.2199058532714844}, "4": {"loss": 2.116631031036377}}