{"0": {"loss": 1.9834426641464233}, "1": {"loss": 3.0382933616638184}, "2": {"loss": 3.6993613243103027}, "3": {"loss": 2.216599225997925}, "4": {"loss": 1.3983205556869507}}