{"0": {"loss": 2.2929814656575522}, "1": {"loss": 1.7028581301371257}, "2": {"loss": 1.1898303031921387}, "3": {"loss": 1.178874174753825}, "4": {"loss": 1.7840315500895183}}