{"0": {"loss": 2.4735992749532065}, "1": {"loss": 2.3697948455810547}, "2": {"loss": 1.685752232869466}, "3": {"loss": 1.2435226440429688}, "4": {"loss": 1.1503439744313557}}