{"0": {"loss": 2.105968475341797}, "1": {"loss": 1.961611339024135}, "2": {"loss": 1.770827293395996}, "3": {"loss": 1.6933134623936243}, "4": {"loss": 1.577768325805664}}