{"0": {"loss": 2.229679822921753}, "1": {"loss": 1.8573323488235474}, "2": {"loss": 2.1409802436828613}, "3": {"loss": 2.2386293411254883}, "4": {"loss": 1.211645245552063}}