{"0": {"loss": 1.850998306274414}, "1": {"loss": 1.229312038421631}, "2": {"loss": 2.377358245849609}, "3": {"loss": 1.0948875427246094}, "4": {"loss": 2.2938310623168947}}