{"0": {"loss": 1.8599605560302734}, "1": {"loss": 1.3515913486480713}, "2": {"loss": 1.5817408561706543}, "3": {"loss": 2.3128139972686768}, "4": {"loss": 1.724388599395752}}