{"0": {"loss": 2.624274253845215}, "1": {"loss": 2.8638248443603516}, "2": {"loss": 6.420124053955078}, "3": {"loss": 7.609181722005208}, "4": {"loss": 4.172316551208496}}