{"0": {"loss": 2.322402318318685}, "1": {"loss": 2.746891657511393}, "2": {"loss": 3.3069324493408203}, "3": {"loss": 3.6638819376627603}, "4": {"loss": 2.160874366760254}}