{"0": {"loss": 2.2037854875837053}, "1": {"loss": 2.0582057407924106}, "2": {"loss": 2.2533093861171176}, "3": {"loss": 2.303581510271345}, "4": {"loss": 1.5602832521711076}}