{"0": {"loss": 2.4854536056518555}, "1": {"loss": 2.9698280334472655}, "2": {"loss": 3.7525123596191405}, "3": {"loss": 3.63734130859375}, "4": {"loss": 2.1416820526123046}}