{"0": {"loss": 3.1409308115641275}, "1": {"loss": 2.446566581726074}, "2": {"loss": 1.6616756121317546}, "3": {"loss": 1.52127472559611}, "4": {"loss": 1.7612732251485188}}