{"0": {"loss": 2.069103240966797}, "1": {"loss": 1.4577094078063966}, "2": {"loss": 1.9965829849243164}, "3": {"loss": 1.3274115562438964}, "4": {"loss": 0.6411879539489747}}