{"0": {"loss": 2.058723290761312}, "1": {"loss": 3.329012870788574}, "2": {"loss": 2.0708168347676597}, "3": {"loss": 0.8472524483998617}, "4": {"loss": 0.8352076212565104}}