{"0": {"loss": 2.405413055419922}, "1": {"loss": 2.320857620239258}, "2": {"loss": 2.452126121520996}, "3": {"loss": 2.1210329055786135}, "4": {"loss": 1.2837059020996093}}