{"0": {"loss": 2.0569586753845215}, "1": {"loss": 1.5311384201049805}, "2": {"loss": 1.3813858032226562}, "3": {"loss": 1.8416064580281575}, "4": {"loss": 1.5500272115071614}}