{"0": {"loss": 2.343085289001465}, "1": {"loss": 3.357795079549154}, "2": {"loss": 2.691557248433431}, "3": {"loss": 2.060798168182373}, "4": {"loss": 1.496358076731364}}