{"0": {"loss": 2.494631290435791}, "1": {"loss": 2.2145321369171143}, "2": {"loss": 1.8450937271118164}, "3": {"loss": 2.701907157897949}, "4": {"loss": 2.266416549682617}}