{"0": {"loss": 2.0165505409240723}, "1": {"loss": 1.8283612728118896}, "2": {"loss": 2.261192798614502}, "3": {"loss": 2.441706895828247}, "4": {"loss": 2.541092872619629}}