{"0": {"loss": 3.0597105026245117}, "1": {"loss": 2.306376298268636}, "2": {"loss": 2.3282413482666016}, "3": {"loss": 1.6079998016357422}, "4": {"loss": 1.9749973615010579}}