{"0": {"loss": 2.2704238891601562}, "1": {"loss": 2.54552427927653}, "2": {"loss": 2.083224137624105}, "3": {"loss": 3.1509710947672525}, "4": {"loss": 2.4434645970662436}}