{"0": {"loss": 2.1810339291890464}, "1": {"loss": 3.299687067667643}, "2": {"loss": 3.2193724314371743}, "3": {"loss": 1.8616778055826824}, "4": {"loss": 2.9692713419596353}}