{"0": {"loss": 1.7914023399353027}, "1": {"loss": 1.7914023399353027}, "2": {"loss": 1.7914023399353027}, "3": {"loss": 4.9129157066345215}, "4": {"loss": 4.932868957519531}}