{"0": {"loss": 2.6878185272216797}, "1": {"loss": 2.7159341176350913}, "2": {"loss": 3.8593737284342446}, "3": {"loss": 3.0682665506998696}, "4": {"loss": 2.039128303527832}}