{"0": {"loss": 2.1254262924194336}, "1": {"loss": 1.8246983289718628}, "2": {"loss": 2.1576602458953857}, "3": {"loss": 1.6614054441452026}, "4": {"loss": 1.4379315376281738}}