{"0": {"loss": 2.3042798042297363}, "1": {"loss": 2.0077266693115234}, "2": {"loss": 2.8105885982513428}, "3": {"loss": 3.4143593311309814}, "4": {"loss": 2.9406487941741943}}