{"0": {"loss": 2.684931993484497}, "1": {"loss": 2.214827537536621}, "2": {"loss": 2.0013463497161865}, "3": {"loss": 1.8671338558197021}, "4": {"loss": 1.5577926635742188}}