{"0": {"loss": 2.45944766998291}, "1": {"loss": 2.2018314361572267}, "2": {"loss": 2.1585309982299803}, "3": {"loss": 3.9786808013916017}, "4": {"loss": 1.3067338943481446}}