{"0": {"loss": 3.010653813680013}, "1": {"loss": 2.229142983754476}, "2": {"loss": 1.8831289609273274}, "3": {"loss": 2.9124832153320312}, "4": {"loss": 1.7725593249003093}}