{"0": {"loss": 2.4441543579101563}, "1": {"loss": 1.9772218704223632}, "2": {"loss": 2.3553810119628906}, "3": {"loss": 1.3429341316223145}, "4": {"loss": 0.9162778854370117}}