{"0": {"loss": 2.350754165649414}, "1": {"loss": 2.065572738647461}, "2": {"loss": 2.3590408325195313}, "3": {"loss": 1.7707098007202149}, "4": {"loss": 1.4071117401123048}}