{"0": {"loss": 2.2443195978800454}, "1": {"loss": 2.271956443786621}, "2": {"loss": 2.509369373321533}, "3": {"loss": 1.9469159444173176}, "4": {"loss": 1.2194695472717285}}