{"0": {"loss": 2.4540274143218994}, "1": {"loss": 2.71964955329895}, "2": {"loss": 2.2003426551818848}, "3": {"loss": 2.155547857284546}, "4": {"loss": 1.830613374710083}}