{"0": {"loss": 2.432939052581787}, "1": {"loss": 2.243967294692993}, "2": {"loss": 2.28617787361145}, "3": {"loss": 1.296318531036377}, "4": {"loss": 0.9776699542999268}}