{"0": {"loss": 1.9849303563435872}, "1": {"loss": 1.285919189453125}, "2": {"loss": 1.125210126241048}, "3": {"loss": 2.2050387064615884}, "4": {"loss": 2.20618470509847}}