{"0": {"loss": 3.052828311920166}, "1": {"loss": 2.5526955127716064}, "2": {"loss": 2.4945037364959717}, "3": {"loss": 2.498231887817383}, "4": {"loss": 3.328918933868408}}