{"0": {"loss": 2.88656005859375}, "1": {"loss": 2.3298290252685545}, "2": {"loss": 1.9878509521484375}, "3": {"loss": 1.8599132537841796}, "4": {"loss": 2.688311004638672}}