{"0": {"loss": 2.130052185058594}, "1": {"loss": 1.4117080688476562}, "2": {"loss": 2.18679141998291}, "3": {"loss": 1.609921646118164}, "4": {"loss": 0.6835087776184082}}