{"0": {"loss": 2.3119809286934987}, "1": {"loss": 2.2530839102608815}, "2": {"loss": 2.3802686418805803}, "3": {"loss": 2.987499237060547}, "4": {"loss": 2.417029789515904}}