{"0": {"loss": 2.192267656326294}, "1": {"loss": 1.8353561162948608}, "2": {"loss": 2.144573211669922}, "3": {"loss": 1.4039783477783203}, "4": {"loss": 2.047161340713501}}