{"0": {"loss": 2.198326587677002}, "1": {"loss": 3.325007200241089}, "2": {"loss": 3.0780892372131348}, "3": {"loss": 1.5074437856674194}, "4": {"loss": 0.7819201946258545}}