{"0": {"loss": 3.1394904454549155}, "1": {"loss": 2.879657745361328}, "2": {"loss": 2.6207429567972818}, "3": {"loss": 2.646509806315104}, "4": {"loss": 2.422714869181315}}