{"0": {"loss": 2.384360154469808}, "1": {"loss": 2.3350559870402017}, "2": {"loss": 2.1254067420959473}, "3": {"loss": 1.7189874649047852}, "4": {"loss": 1.686083157857259}}