{"0": {"loss": 2.0359946886698403}, "1": {"loss": 2.0933376948038735}, "2": {"loss": 2.0638488133748374}, "3": {"loss": 0.7943956057230631}, "4": {"loss": 1.0695722103118896}}