{"0": {"loss": 3.0247474670410157}, "1": {"loss": 2.9117835998535155}, "2": {"loss": 1.5241500854492187}, "3": {"loss": 1.4322757720947266}, "4": {"loss": 3.1559677124023438}}