{"0": {"loss": 2.0676958560943604}, "1": {"loss": 3.098909854888916}, "2": {"loss": 2.032184600830078}, "3": {"loss": 1.344116449356079}, "4": {"loss": 2.355401039123535}}