{"0": {"loss": 2.957188606262207}, "1": {"loss": 2.8837966918945312}, "2": {"loss": 2.28340482711792}, "3": {"loss": 2.1873720486958823}, "4": {"loss": 1.4695868492126465}}