{"0": {"loss": 1.9688724279403687}, "1": {"loss": 4.031193733215332}, "2": {"loss": 4.32411003112793}, "3": {"loss": 4.250490665435791}, "4": {"loss": 2.770580291748047}}