{"0": {"loss": 2.2738399505615234}, "1": {"loss": 2.571298054286412}, "2": {"loss": 3.5081400190080916}, "3": {"loss": 2.9593042646135603}, "4": {"loss": 2.2523766926356723}}