{"0": {"loss": 3.040710210800171}, "1": {"loss": 3.099393844604492}, "2": {"loss": 3.9453649520874023}, "3": {"loss": 3.9459526538848877}, "4": {"loss": 3.5929386615753174}}