{"0": {"loss": 2.75956122080485}, "1": {"loss": 3.2008097966512046}, "2": {"loss": 2.1118432680765786}, "3": {"loss": 1.2842415968577068}, "4": {"loss": 1.7105871836344402}}