{"0": {"loss": 2.331820487976074}, "1": {"loss": 2.172953414916992}, "2": {"loss": 2.3030481338500977}, "3": {"loss": 1.7849685668945312}, "4": {"loss": 1.3202128410339355}}