{"0": {"loss": 1.9010654449462892}, "1": {"loss": 1.4543775558471679}, "2": {"loss": 1.9388362884521484}, "3": {"loss": 2.0758588790893553}, "4": {"loss": 3.1134592056274415}}