{"0": {"loss": 2.2440831661224365}, "1": {"loss": 1.8699089288711548}, "2": {"loss": 1.9130470752716064}, "3": {"loss": 1.3034040927886963}, "4": {"loss": 0.7029357552528381}}