{"0": {"loss": 2.60743408203125}, "1": {"loss": 2.7468807220458986}, "2": {"loss": 2.0562421798706056}, "3": {"loss": 1.6554378509521483}, "4": {"loss": 1.4540816307067872}}