{"0": {"loss": 2.9271578788757324}, "1": {"loss": 4.018153190612793}, "2": {"loss": 2.6386451721191406}, "3": {"loss": 1.2270348072052002}, "4": {"loss": 0.9949002265930176}}