{"0": {"loss": 2.4832255840301514}, "1": {"loss": 2.783963918685913}, "2": {"loss": 2.2180075645446777}, "3": {"loss": 3.9268202781677246}, "4": {"loss": 3.2397825717926025}}