{"0": {"loss": 2.2969430923461913}, "1": {"loss": 1.9272125244140625}, "2": {"loss": 2.643514060974121}, "3": {"loss": 2.498309326171875}, "4": {"loss": 1.741428756713867}}