{"0": {"loss": 2.0598209698994956}, "1": {"loss": 1.9089206059773762}, "2": {"loss": 1.4372056325276692}, "3": {"loss": 1.4747368494669597}, "4": {"loss": 1.0850366751352947}}