{"0": {"loss": 2.072488212585449}, "1": {"loss": 1.5989264488220214}, "2": {"loss": 1.4381781578063966}, "3": {"loss": 0.9781791687011718}, "4": {"loss": 0.44365644454956055}}