{"0": {"loss": 2.1629109382629395}, "1": {"loss": 1.9802571932474773}, "2": {"loss": 2.226191679636637}, "3": {"loss": 1.9908164342244465}, "4": {"loss": 2.1151253382364907}}