{"0": {"loss": 2.5679216384887695}, "1": {"loss": 2.281757354736328}, "2": {"loss": 2.3373043537139893}, "3": {"loss": 2.219707727432251}, "4": {"loss": 1.8395828008651733}}