{"0": {"loss": 2.0604405403137207}, "1": {"loss": 1.353804588317871}, "2": {"loss": 1.1224325895309448}, "3": {"loss": 0.6476468443870544}, "4": {"loss": 2.1677968502044678}}