{"0": {"loss": 3.217584991455078}, "1": {"loss": 2.860061454772949}, "2": {"loss": 2.0729564666748046}, "3": {"loss": 1.6852344512939452}, "4": {"loss": 2.0967369079589844}}