{"0": {"loss": 2.276094436645508}, "1": {"loss": 2.665105183919271}, "2": {"loss": 2.529918829600016}, "3": {"loss": 2.2591403325398765}, "4": {"loss": 2.0792627334594727}}