{"0": {"loss": 2.0386927127838135}, "1": {"loss": 2.0386927127838135}, "2": {"loss": 3.6019606590270996}, "3": {"loss": 3.0371522903442383}, "4": {"loss": 2.0602684020996094}}