{"0": {"loss": 2.7880369822184243}, "1": {"loss": 2.6330788930257163}, "2": {"loss": 2.095149199167887}, "3": {"loss": 2.037771224975586}, "4": {"loss": 2.555051326751709}}