{"0": {"loss": 2.3195861180623374}, "1": {"loss": 2.8539390563964844}, "2": {"loss": 2.572208881378174}, "3": {"loss": 1.4916623433430989}, "4": {"loss": 1.9585132598876953}}