{"0": {"loss": 2.786596934000651}, "1": {"loss": 3.5678138732910156}, "2": {"loss": 3.4824911753336587}, "3": {"loss": 2.099098046620687}, "4": {"loss": 3.2362778981526694}}