{"0": {"loss": 2.7891343434651694}, "1": {"loss": 2.620063304901123}, "2": {"loss": 2.6969728469848633}, "3": {"loss": 1.9630365371704102}, "4": {"loss": 1.5221808751424153}}