{"0": {"loss": 1.9250341415405274}, "1": {"loss": 2.423127365112305}, "2": {"loss": 1.8498096466064453}, "3": {"loss": 1.897924041748047}, "4": {"loss": 0.8695706367492676}}