{"0": {"loss": 2.314763387044271}, "1": {"loss": 2.1788047154744468}, "2": {"loss": 1.539426326751709}, "3": {"loss": 1.235582987467448}, "4": {"loss": 1.1125075817108154}}