{"0": {"loss": 2.21533997853597}, "1": {"loss": 2.189406077067057}, "2": {"loss": 2.517851193745931}, "3": {"loss": 1.9011907577514648}, "4": {"loss": 2.275456110636393}}