{"0": {"loss": 2.171130895614624}, "1": {"loss": 2.083552360534668}, "2": {"loss": 1.2977992296218872}, "3": {"loss": 0.9448298215866089}, "4": {"loss": 2.5163516998291016}}