{"0": {"loss": 2.393593152364095}, "1": {"loss": 1.9191842079162598}, "2": {"loss": 1.4709362983703613}, "3": {"loss": 2.4086939493815103}, "4": {"loss": 2.5627406438191733}}