{"0": {"loss": 2.360762596130371}, "1": {"loss": 2.3115649223327637}, "2": {"loss": 1.4716322422027588}, "3": {"loss": 0.5974135994911194}, "4": {"loss": 0.5310816764831543}}