{"0": {"loss": 2.5457088470458986}, "1": {"loss": 2.6928789138793947}, "2": {"loss": 1.8561111450195313}, "3": {"loss": 1.6218297958374024}, "4": {"loss": 1.3280251502990723}}