{"0": {"loss": 2.068622350692749}, "1": {"loss": 1.7512576580047607}, "2": {"loss": 2.350342035293579}, "3": {"loss": 2.201838254928589}, "4": {"loss": 1.9652230739593506}}