{"0": {"loss": 2.9224353790283204}, "1": {"loss": 2.280442237854004}, "2": {"loss": 1.6530086517333984}, "3": {"loss": 1.0822690963745116}, "4": {"loss": 1.2629291534423828}}