{"0": {"loss": 1.826533317565918}, "1": {"loss": 4.282074928283691}, "2": {"loss": 4.577813148498535}, "3": {"loss": 3.1117560863494873}, "4": {"loss": 4.264706134796143}}