{"0": {"loss": 2.701906681060791}, "1": {"loss": 3.1564881801605225}, "2": {"loss": 3.9513351917266846}, "3": {"loss": 3.9567086696624756}, "4": {"loss": 3.067066192626953}}