{"0": {"loss": 1.7947659492492676}, "1": {"loss": 1.7192580699920654}, "2": {"loss": 1.4604301452636719}, "3": {"loss": 1.344906210899353}, "4": {"loss": 1.3386101722717285}}