{"0": {"loss": 1.9624860286712646}, "1": {"loss": 1.6574459075927734}, "2": {"loss": 2.0486321449279785}, "3": {"loss": 2.200504779815674}, "4": {"loss": 1.3890239000320435}}