{"0": {"loss": 2.0477064677647183}, "1": {"loss": 2.1410903930664062}, "2": {"loss": 1.734015601021903}, "3": {"loss": 2.634946823120117}, "4": {"loss": 0.8724618639264788}}