{"0": {"loss": 2.054655075073242}, "1": {"loss": 1.7515910466512044}, "2": {"loss": 1.20711088180542}, "3": {"loss": 1.2711883385976155}, "4": {"loss": 0.645848274230957}}