{"0": {"loss": 1.9530112743377686}, "1": {"loss": 1.3764357566833496}, "2": {"loss": 2.440735101699829}, "3": {"loss": 2.5564470291137695}, "4": {"loss": 2.140557289123535}}