{"0": {"loss": 1.9760730743408204}, "1": {"loss": 1.4531522750854493}, "2": {"loss": 0.9884116172790527}, "3": {"loss": 1.1277979850769042}, "4": {"loss": 0.7584540843963623}}