{"0": {"loss": 2.1717958450317383}, "1": {"loss": 2.1832680021013533}, "2": {"loss": 2.5095427376883372}, "3": {"loss": 1.4339302607945033}, "4": {"loss": 1.4360782078334264}}