{"0": {"loss": 2.1638425827026366}, "1": {"loss": 1.347674560546875}, "2": {"loss": 1.9034164428710938}, "3": {"loss": 2.0496679306030274}, "4": {"loss": 1.0109663963317872}}