{"0": {"loss": 3.518095016479492}, "1": {"loss": 3.585092067718506}, "2": {"loss": 3.5144851207733154}, "3": {"loss": 2.279632806777954}, "4": {"loss": 2.48327898979187}}