{"0": {"loss": 2.0977280139923096}, "1": {"loss": 1.6194663047790527}, "2": {"loss": 1.6827449798583984}, "3": {"loss": 2.237133026123047}, "4": {"loss": 1.9099040031433105}}