{"0": {"loss": 2.4123380978902182}, "1": {"loss": 2.153580665588379}, "2": {"loss": 1.8608207702636719}, "3": {"loss": 1.567212740580241}, "4": {"loss": 1.3013183275858562}}