{"0": {"loss": 2.463714599609375}, "1": {"loss": 2.4982190132141113}, "2": {"loss": 2.3960349559783936}, "3": {"loss": 1.8800888061523438}, "4": {"loss": 1.2909839153289795}}