{"0": {"loss": 2.5594200134277343}, "1": {"loss": 1.9155075073242187}, "2": {"loss": 1.6206571578979492}, "3": {"loss": 1.8033382415771484}, "4": {"loss": 1.7608448028564454}}