{"0": {"loss": 2.375661087036133}, "1": {"loss": 3.3750560760498045}, "2": {"loss": 2.3150562286376952}, "3": {"loss": 2.0085369110107423}, "4": {"loss": 1.8557371139526366}}