{"0": {"loss": 2.481143569946289}, "1": {"loss": 2.2640060424804687}, "2": {"loss": 2.0807289123535155}, "3": {"loss": 2.1421092987060546}, "4": {"loss": 1.2722042083740235}}