{"0": {"loss": 2.046501398086548}, "1": {"loss": 2.363933563232422}, "2": {"loss": 1.7526195049285889}, "3": {"loss": 1.587846040725708}, "4": {"loss": 2.2465221881866455}}