{"0": {"loss": 2.695146083831787}, "1": {"loss": 2.32114839553833}, "2": {"loss": 2.236691951751709}, "3": {"loss": 2.726912021636963}, "4": {"loss": 2.1928014755249023}}