{"0": {"loss": 3.026090621948242}, "1": {"loss": 3.0710768699645996}, "2": {"loss": 1.9326008558273315}, "3": {"loss": 1.7091848850250244}, "4": {"loss": 0.8424769639968872}}