{"0": {"loss": 2.1723019736153737}, "1": {"loss": 2.1323209490094865}, "2": {"loss": 2.446515219552176}, "3": {"loss": 3.547865186418806}, "4": {"loss": 5.000383649553571}}