{"0": {"loss": 2.6634016036987305}, "1": {"loss": 2.9896027247111}, "2": {"loss": 1.959849198659261}, "3": {"loss": 1.3968238830566406}, "4": {"loss": 1.163465102513631}}