{"0": {"loss": 2.346824804941813}, "1": {"loss": 2.5954100290934243}, "2": {"loss": 2.3367152214050293}, "3": {"loss": 2.7868897120157876}, "4": {"loss": 2.06784725189209}}