{"0": {"loss": 2.069049835205078}, "1": {"loss": 2.5065885543823243}, "2": {"loss": 1.5916728973388672}, "3": {"loss": 0.8341358184814454}, "4": {"loss": 0.5538863182067871}}