{"0": {"loss": 2.8945877075195314}, "1": {"loss": 2.890290641784668}, "2": {"loss": 1.5168877601623536}, "3": {"loss": 1.6039813995361327}, "4": {"loss": 0.720888614654541}}