{"0": {"loss": 2.1937453406197682}, "1": {"loss": 3.246610369001116}, "2": {"loss": 4.229715074811663}, "3": {"loss": 3.8718373434884206}, "4": {"loss": 2.6754629952566966}}