{"0": {"loss": 1.4244701862335205}, "1": {"loss": 1.4244701862335205}, "2": {"loss": 1.4244701862335205}, "3": {"loss": 1.1539217233657837}, "4": {"loss": 1.1331920623779297}}