{"0": {"loss": 2.1098127365112305}, "1": {"loss": 1.6055819193522136}, "2": {"loss": 1.121024449666341}, "3": {"loss": 2.643367290496826}, "4": {"loss": 2.5463485717773438}}