{"0": {"loss": 2.2452616691589355}, "1": {"loss": 1.864857832590739}, "2": {"loss": 1.6965312957763672}, "3": {"loss": 1.7691373825073242}, "4": {"loss": 1.6896615028381348}}