{"0": {"loss": 1.6079362630844116}, "1": {"loss": 2.0741147994995117}, "2": {"loss": 1.9437739849090576}, "3": {"loss": 1.5798943042755127}, "4": {"loss": 1.5971225500106812}}