{"0": {"loss": 2.4286904335021973}, "1": {"loss": 3.2305994033813477}, "2": {"loss": 5.459799766540527}, "3": {"loss": 5.694632530212402}, "4": {"loss": 5.013308525085449}}