{"0": {"loss": 2.498443921407064}, "1": {"loss": 2.49550453821818}, "2": {"loss": 2.188809871673584}, "3": {"loss": 1.5666074752807617}, "4": {"loss": 1.5096643765767415}}