{"0": {"loss": 2.2444448471069336}, "1": {"loss": 2.244863510131836}, "2": {"loss": 1.6058573722839355}, "3": {"loss": 3.8455803394317627}, "4": {"loss": 1.6580448150634766}}