{"0": {"loss": 2.8780970573425293}, "1": {"loss": 2.2944936752319336}, "2": {"loss": 1.567643404006958}, "3": {"loss": 1.4488579034805298}, "4": {"loss": 2.026292562484741}}