{"0": {"loss": 3.1559324264526367}, "1": {"loss": 2.5256175994873047}, "2": {"loss": 1.5778334935506184}, "3": {"loss": 1.8724080721537273}, "4": {"loss": 2.477691650390625}}