{"0": {"loss": 2.473087787628174}, "1": {"loss": 2.5036449432373047}, "2": {"loss": 2.0365420977274575}, "3": {"loss": 1.5333178838094075}, "4": {"loss": 1.8554800351460774}}