{"0": {"loss": 2.2470985412597657}, "1": {"loss": 3.7450183868408202}, "2": {"loss": 2.8862960815429686}, "3": {"loss": 2.1518035888671876}, "4": {"loss": 1.6654220581054688}}