{"0": {"loss": 2.4490024566650392}, "1": {"loss": 2.98937873840332}, "2": {"loss": 2.223684883117676}, "3": {"loss": 1.5530525207519532}, "4": {"loss": 2.1715240478515625}}