{"0": {"loss": 2.3774962425231934}, "1": {"loss": 2.3774962425231934}, "2": {"loss": 1.481971025466919}, "3": {"loss": 1.2070043087005615}, "4": {"loss": 3.7656099796295166}}