{"0": {"loss": 2.231433391571045}, "1": {"loss": 3.212653160095215}, "2": {"loss": 2.9151840209960938}, "3": {"loss": 1.7270255088806152}, "4": {"loss": 0.9587081670761108}}