{"0": {"loss": 2.752927780151367}, "1": {"loss": 3.532851791381836}, "2": {"loss": 3.091686248779297}, "3": {"loss": 1.7080133438110352}, "4": {"loss": 1.0476041793823243}}