{"0": {"loss": 1.8349069595336913}, "1": {"loss": 1.8986183166503907}, "2": {"loss": 1.500013828277588}, "3": {"loss": 1.1403602600097655}, "4": {"loss": 0.8415656089782715}}