{"0": {"loss": 2.3544726371765137}, "1": {"loss": 2.436216115951538}, "2": {"loss": 2.6088647842407227}, "3": {"loss": 3.3749732971191406}, "4": {"loss": 1.968044638633728}}