{"0": {"loss": 2.242042859395345}, "1": {"loss": 1.8410077095031738}, "2": {"loss": 1.512272040049235}, "3": {"loss": 1.7786041895548503}, "4": {"loss": 0.8655085563659668}}