{"0": {"loss": 2.4821971893310546}, "1": {"loss": 2.000876235961914}, "2": {"loss": 2.066558074951172}, "3": {"loss": 3.2905235290527344}, "4": {"loss": 2.667746734619141}}