{"0": {"loss": 3.199822425842285}, "1": {"loss": 3.1434438228607178}, "2": {"loss": 1.6009107828140259}, "3": {"loss": 0.9567790627479553}, "4": {"loss": 0.7396079301834106}}