{"0": {"loss": 2.582469940185547}, "1": {"loss": 2.7881876627604165}, "2": {"loss": 2.842262585957845}, "3": {"loss": 3.340124766031901}, "4": {"loss": 3.945194880167643}}