{"0": {"loss": 2.3314563751220705}, "1": {"loss": 2.0799875259399414}, "2": {"loss": 1.1710084915161132}, "3": {"loss": 0.8989752769470215}, "4": {"loss": 1.3846247673034668}}