{"0": {"loss": 2.4069029490152993}, "1": {"loss": 1.8888848622639973}, "2": {"loss": 1.2731610933939617}, "3": {"loss": 0.4727210998535156}, "4": {"loss": 0.4868369499842326}}