{"0": {"loss": 2.858222007751465}, "1": {"loss": 2.304474194844564}, "2": {"loss": 2.1787964502970376}, "3": {"loss": 2.309520880381266}, "4": {"loss": 1.600313663482666}}