{"0": {"loss": 2.1861953735351562}, "1": {"loss": 4.063907623291016}, "2": {"loss": 5.525443649291992}, "3": {"loss": 4.143370056152344}, "4": {"loss": 2.688236045837402}}