{"0": {"loss": 1.9782320261001587}, "1": {"loss": 1.965673804283142}, "2": {"loss": 3.4639923572540283}, "3": {"loss": 2.282203197479248}, "4": {"loss": 2.028961658477783}}