{"0": {"loss": 1.8924485445022583}, "1": {"loss": 1.9715187549591064}, "2": {"loss": 2.2368123531341553}, "3": {"loss": 2.63079833984375}, "4": {"loss": 1.4502367973327637}}