{"0": {"loss": 3.191043472290039}, "1": {"loss": 3.719894790649414}, "2": {"loss": 2.4420265197753905}, "3": {"loss": 1.837455940246582}, "4": {"loss": 1.9064516067504882}}