{"0": {"loss": 2.4736990928649902}, "1": {"loss": 3.268551508585612}, "2": {"loss": 1.7493319511413574}, "3": {"loss": 1.151027997334798}, "4": {"loss": 0.8025498390197754}}