{"0": {"loss": 2.3269007205963135}, "1": {"loss": 2.0894665718078613}, "2": {"loss": 1.9983519315719604}, "3": {"loss": 2.437657356262207}, "4": {"loss": 1.7470415830612183}}