{"0": {"loss": 2.30558713277181}, "1": {"loss": 2.2456132570902505}, "2": {"loss": 2.4377670288085938}, "3": {"loss": 1.6364870071411133}, "4": {"loss": 1.185280481974284}}