{"0": {"loss": 3.6124107837677}, "1": {"loss": 3.6124107837677}, "2": {"loss": 3.6124107837677}, "3": {"loss": 5.219590663909912}, "4": {"loss": 5.2134785652160645}}