{"0": {"loss": 2.3768847783406577}, "1": {"loss": 2.8895861307779946}, "2": {"loss": 2.3917872111002603}, "3": {"loss": 2.949570973714193}, "4": {"loss": 1.799332618713379}}