{"0": {"loss": 2.6854214668273926}, "1": {"loss": 2.701192855834961}, "2": {"loss": 2.2991535663604736}, "3": {"loss": 2.6637463569641113}, "4": {"loss": 2.2494618892669678}}