{"0": {"loss": 3.01138916015625}, "1": {"loss": 2.5523452758789062}, "2": {"loss": 1.7745159149169922}, "3": {"loss": 2.938836669921875}, "4": {"loss": 2.229740333557129}}