{"0": {"loss": 2.064609909057617}, "1": {"loss": 1.5043627738952636}, "2": {"loss": 1.9244388580322265}, "3": {"loss": 2.537875175476074}, "4": {"loss": 1.1227771759033203}}{"0": {"loss": 2.06518669128418}, "1": {"loss": 1.9086891174316407}, "2": {"loss": 2.1337108612060547}, "3": {"loss": 1.464309310913086}, "4": {"loss": 1.0488082885742187}}