{"0": {"loss": 2.18213160832723}, "1": {"loss": 3.252928098042806}, "2": {"loss": 2.62091334660848}, "3": {"loss": 1.4401286443074544}, "4": {"loss": 1.8838996887207031}}