{"0": {"loss": 2.6011024475097657}, "1": {"loss": 2.419428253173828}, "2": {"loss": 3.070393180847168}, "3": {"loss": 1.259084701538086}, "4": {"loss": 0.954378604888916}}