{"0": {"loss": 2.7569058736165366}, "1": {"loss": 2.1675028800964355}, "2": {"loss": 2.7935155232747397}, "3": {"loss": 3.18302313486735}, "4": {"loss": 2.703511873881022}}