{"0": {"loss": 2.4177379608154297}, "1": {"loss": 2.081221103668213}, "2": {"loss": 2.590576410293579}, "3": {"loss": 1.9233639240264893}, "4": {"loss": 1.7707363367080688}}