{"0": {"loss": 1.9167293310165405}, "1": {"loss": 3.16802716255188}, "2": {"loss": 1.426797866821289}, "3": {"loss": 1.0667026042938232}, "4": {"loss": 1.0703113079071045}}