{"0": {"loss": 2.6391754150390625}, "1": {"loss": 3.9827122688293457}, "2": {"loss": 2.8703441619873047}, "3": {"loss": 2.118833303451538}, "4": {"loss": 1.8265799283981323}}