{"0": {"loss": 2.1839232444763184}, "1": {"loss": 2.5433173179626465}, "2": {"loss": 6.1170654296875}, "3": {"loss": 7.077574729919434}, "4": {"loss": 1.9397635459899902}}