{"0": {"loss": 1.9351600011189778}, "1": {"loss": 2.913076400756836}, "2": {"loss": 2.88440736134847}, "3": {"loss": 2.397306442260742}, "4": {"loss": 1.8341798782348633}}