{"0": {"loss": 2.3630847930908203}, "1": {"loss": 2.2341373761494956}, "2": {"loss": 1.94711701075236}, "3": {"loss": 1.6741307576497395}, "4": {"loss": 1.7167638142903645}}