{"0": {"loss": 2.3682026863098145}, "1": {"loss": 2.492115020751953}, "2": {"loss": 2.152196168899536}, "3": {"loss": 1.8661220073699951}, "4": {"loss": 1.2010639905929565}}