{"0": {"loss": 2.159012794494629}, "1": {"loss": 2.022521734237671}, "2": {"loss": 1.649106502532959}, "3": {"loss": 1.3195823431015015}, "4": {"loss": 1.6755410432815552}}