{"0": {"loss": 1.8631518681844075}, "1": {"loss": 1.5966175397237141}, "2": {"loss": 1.5300795237223308}, "3": {"loss": 2.5731385548909507}, "4": {"loss": 2.523782730102539}}