{"0": {"loss": 2.374692644391741}, "1": {"loss": 2.6841828482491628}, "2": {"loss": 2.713141850062779}, "3": {"loss": 3.217268262590681}, "4": {"loss": 2.766130174909319}}