{"0": {"loss": 2.0861310958862305}, "1": {"loss": 1.5404126644134521}, "2": {"loss": 2.548525810241699}, "3": {"loss": 2.4056200981140137}, "4": {"loss": 1.4715608358383179}}