{"0": {"loss": 2.218499755859375}, "1": {"loss": 2.0933374404907226}, "2": {"loss": 2.4356441497802734}, "3": {"loss": 1.9565017700195313}, "4": {"loss": 1.624951171875}}