{"0": {"loss": 2.0435554504394533}, "1": {"loss": 1.854589080810547}, "2": {"loss": 2.4749183654785156}, "3": {"loss": 2.8524478912353515}, "4": {"loss": 1.910287094116211}}