{"0": {"loss": 2.250121593475342}, "1": {"loss": 3.4834957122802734}, "2": {"loss": 3.422121047973633}, "3": {"loss": 1.9407231012980144}, "4": {"loss": 3.274311065673828}}{"0": {"loss": 2.250121593475342}, "1": {"loss": 3.4737281799316406}, "2": {"loss": 3.4124279022216797}, "3": {"loss": 1.8280256589253743}, "4": {"loss": 4.953441301981608}}