{"0": {"loss": 2.100020249684652}, "1": {"loss": 2.005521774291992}, "2": {"loss": 1.8532419204711914}, "3": {"loss": 2.0781453450520835}, "4": {"loss": 1.7126434644063313}}