{"0": {"loss": 1.8531564076741536}, "1": {"loss": 2.2604246139526367}, "2": {"loss": 2.3516289393107095}, "3": {"loss": 2.304142475128174}, "4": {"loss": 2.4185314178466797}}