{"0": {"loss": 2.377533721923828}, "1": {"loss": 1.924745750427246}, "2": {"loss": 1.2711685180664063}, "3": {"loss": 1.0792123794555664}, "4": {"loss": 1.018094825744629}}