{"0": {"loss": 3.121840476989746}, "1": {"loss": 2.5364964803059897}, "2": {"loss": 2.149378776550293}, "3": {"loss": 1.6537847518920898}, "4": {"loss": 1.290585199991862}}