{"0": {"loss": 2.0674996376037598}, "1": {"loss": 1.925497055053711}, "2": {"loss": 1.7044777870178223}, "3": {"loss": 1.6836987733840942}, "4": {"loss": 1.653611421585083}}