{"0": {"loss": 2.118908166885376}, "1": {"loss": 2.558307409286499}, "2": {"loss": 1.8121598958969116}, "3": {"loss": 1.173121690750122}, "4": {"loss": 1.4176137447357178}}