{"0": {"loss": 2.93852965037028}, "1": {"loss": 3.1313400268554688}, "2": {"loss": 3.0156733194986978}, "3": {"loss": 2.856093724568685}, "4": {"loss": 2.2663695017496743}}