{"0": {"loss": 2.408121109008789}, "1": {"loss": 2.188478469848633}, "2": {"loss": 2.037935733795166}, "3": {"loss": 1.9663562774658203}, "4": {"loss": 1.7224410772323608}}