{"0": {"loss": 2.2240833282470702}, "1": {"loss": 2.8248159408569338}, "2": {"loss": 1.5587361335754395}, "3": {"loss": 0.9280185699462891}, "4": {"loss": 0.4821164131164551}}