{"0": {"loss": 2.472511863708496}, "1": {"loss": 2.0542270660400392}, "2": {"loss": 1.3516480445861816}, "3": {"loss": 1.0924983978271485}, "4": {"loss": 0.8607603073120117}}