{"0": {"loss": 1.8490160703659058}, "1": {"loss": 1.8490160703659058}, "2": {"loss": 1.8490160703659058}, "3": {"loss": 1.095837116241455}, "4": {"loss": 1.0940736532211304}}