{"0": {"loss": 2.1700329780578613}, "1": {"loss": 1.372807502746582}, "2": {"loss": 2.1023693084716797}, "3": {"loss": 1.7408115863800049}, "4": {"loss": 2.9874067306518555}}