{"0": {"loss": 1.9452604293823241}}{"0": {"loss": 1.9452604293823241}, "1": {"loss": 1.9083854675292968}}{"0": {"loss": 1.9452604293823241}, "1": {"loss": 1.9083854675292968}, "2": {"loss": 1.8489313125610352}}{"0": {"loss": 1.9447708129882812}}