{"0": {"loss": 2.109959602355957}}{"0": {"loss": 2.109959602355957}, "1": {"loss": 2.046101379394531}}{"0": {"loss": 2.109959602355957}, "1": {"loss": 2.046101379394531}, "2": {"loss": 1.9723943710327148}}{"0": {"loss": 2.109959602355957}, "1": {"loss": 2.046101379394531}, "2": {"loss": 1.9723943710327148}, "3": {"loss": 1.8990306854248047}}{"0": {"loss": 2.109959602355957}, "1": {"loss": 2.046101379394531}, "2": {"loss": 1.9723943710327148}, "3": {"loss": 1.8990306854248047}, "4": {"loss": 1.8357099533081054}}{"0": {"loss": 2.109959602355957}, "1": {"loss": 2.046101379394531}, "2": {"loss": 1.9723943710327148}, "3": {"loss": 1.8990306854248047}, "4": {"loss": 1.8357099533081054}, "5": {"loss": 1.7629867553710938}}{"0": {"loss": 2.109959602355957}, "1": {"loss": 2.046101379394531}, "2": {"loss": 1.9723943710327148}, "3": {"loss": 1.8990306854248047}, "4": {"loss": 1.8357099533081054}, "5": {"loss": 1.7629867553710938}, "6": {"loss": 1.6993616104125977}}{"0": {"loss": 2.109959602355957}, "1": {"loss": 2.046101379394531}, "2": {"loss": 1.9723943710327148}, "3": {"loss": 1.8990306854248047}, "4": {"loss": 1.8357099533081054}, "5": {"loss": 1.7629867553710938}, "6": {"loss": 1.6993616104125977}, "7": {"loss": 1.6336492538452148}}{"0": {"loss": 2.109959602355957}, "1": {"loss": 2.046101379394531}, "2": {"loss": 1.9723943710327148}, "3": {"loss": 1.8990306854248047}, "4": {"loss": 1.8357099533081054}, "5": {"loss": 1.7629867553710938}, "6": {"loss": 1.6993616104125977}, "7": {"loss": 1.6336492538452148}, "8": {"loss": 1.5639321327209472}}{"0": {"loss": 2.109959602355957}, "1": {"loss": 2.046101379394531}, "2": {"loss": 1.9723943710327148}, "3": {"loss": 1.8990306854248047}, "4": {"loss": 1.8357099533081054}, "5": {"loss": 1.7629867553710938}, "6": {"loss": 1.6993616104125977}, "7": {"loss": 1.6336492538452148}, "8": {"loss": 1.5639321327209472}, "9": {"loss": 1.484684371948242}}