{"0": {"loss": 2.109904479980469}}{"0": {"loss": 2.109904479980469}, "1": {"loss": 2.041498374938965}}{"0": {"loss": 2.109904479980469}, "1": {"loss": 2.041498374938965}, "2": {"loss": 1.9628843307495116}}{"0": {"loss": 2.109904479980469}, "1": {"loss": 2.041498374938965}, "2": {"loss": 1.9628843307495116}, "3": {"loss": 1.893533706665039}}{"0": {"loss": 2.109904479980469}, "1": {"loss": 2.041498374938965}, "2": {"loss": 1.9628843307495116}, "3": {"loss": 1.893533706665039}, "4": {"loss": 1.8201353073120117}}{"0": {"loss": 2.109904479980469}, "1": {"loss": 2.041498374938965}, "2": {"loss": 1.9628843307495116}, "3": {"loss": 1.893533706665039}, "4": {"loss": 1.8201353073120117}, "5": {"loss": 1.756852912902832}}{"0": {"loss": 2.109904479980469}, "1": {"loss": 2.041498374938965}, "2": {"loss": 1.9628843307495116}, "3": {"loss": 1.893533706665039}, "4": {"loss": 1.8201353073120117}, "5": {"loss": 1.756852912902832}, "6": {"loss": 1.6943046569824218}}{"0": {"loss": 2.110409164428711}}{"0": {"loss": 2.110409164428711}, "1": {"loss": 2.0450370788574217}}