{"0": {"loss": 2.111311340332031}}{"0": {"loss": 2.111311340332031}, "1": {"loss": 2.0882942199707033}}{"0": {"loss": 2.111311340332031}, "1": {"loss": 2.0882942199707033}, "2": {"loss": 2.0618457794189453}}{"0": {"loss": 2.111311340332031}, "1": {"loss": 2.0882942199707033}, "2": {"loss": 2.0618457794189453}, "3": {"loss": 2.0355316162109376}}{"0": {"loss": 2.111311340332031}, "1": {"loss": 2.0882942199707033}, "2": {"loss": 2.0618457794189453}, "3": {"loss": 2.0355316162109376}, "4": {"loss": 2.007050704956055}}{"0": {"loss": 2.111311340332031}, "1": {"loss": 2.0882942199707033}, "2": {"loss": 2.0618457794189453}, "3": {"loss": 2.0355316162109376}, "4": {"loss": 2.007050704956055}, "5": {"loss": 1.9779548645019531}}{"0": {"loss": 2.111311340332031}, "1": {"loss": 2.0882942199707033}, "2": {"loss": 2.0618457794189453}, "3": {"loss": 2.0355316162109376}, "4": {"loss": 2.007050704956055}, "5": {"loss": 1.9779548645019531}, "6": {"loss": 1.9466842651367187}}{"0": {"loss": 2.111311340332031}, "1": {"loss": 2.0882942199707033}, "2": {"loss": 2.0618457794189453}, "3": {"loss": 2.0355316162109376}, "4": {"loss": 2.007050704956055}, "5": {"loss": 1.9779548645019531}, "6": {"loss": 1.9466842651367187}, "7": {"loss": 1.9186763763427734}}{"0": {"loss": 2.111311340332031}, "1": {"loss": 2.0882942199707033}, "2": {"loss": 2.0618457794189453}, "3": {"loss": 2.0355316162109376}, "4": {"loss": 2.007050704956055}, "5": {"loss": 1.9779548645019531}, "6": {"loss": 1.9466842651367187}, "7": {"loss": 1.9186763763427734}, "8": {"loss": 1.8907047271728517}}{"0": {"loss": 2.111311340332031}, "1": {"loss": 2.0882942199707033}, "2": {"loss": 2.0618457794189453}, "3": {"loss": 2.0355316162109376}, "4": {"loss": 2.007050704956055}, "5": {"loss": 1.9779548645019531}, "6": {"loss": 1.9466842651367187}, "7": {"loss": 1.9186763763427734}, "8": {"loss": 1.8907047271728517}, "9": {"loss": 1.8659366607666015}}