{"0": {"loss": 1.9793560028076171}}{"0": {"loss": 1.9793560028076171}, "1": {"loss": 1.9363790512084962}}{"0": {"loss": 1.9793560028076171}, "1": {"loss": 1.9363790512084962}, "2": {"loss": 1.8796819686889648}}{"0": {"loss": 1.9793560028076171}, "1": {"loss": 1.9363790512084962}, "2": {"loss": 1.8796819686889648}, "3": {"loss": 1.8142333984375}}{"0": {"loss": 1.9793560028076171}, "1": {"loss": 1.9363790512084962}, "2": {"loss": 1.8796819686889648}, "3": {"loss": 1.8142333984375}, "4": {"loss": 1.753799057006836}}{"0": {"loss": 1.9793560028076171}, "1": {"loss": 1.9363790512084962}, "2": {"loss": 1.8796819686889648}, "3": {"loss": 1.8142333984375}, "4": {"loss": 1.753799057006836}, "5": {"loss": 1.6886817932128906}}