{"0": {"loss": 2.1095571517944336}}{"0": {"loss": 2.1095571517944336}, "1": {"loss": 2.043848991394043}}{"0": {"loss": 2.1095571517944336}, "1": {"loss": 2.043848991394043}, "2": {"loss": 1.9680799484252929}}{"0": {"loss": 2.1095571517944336}, "1": {"loss": 2.043848991394043}, "2": {"loss": 1.9680799484252929}, "3": {"loss": 1.894383430480957}}{"0": {"loss": 2.1095571517944336}, "1": {"loss": 2.043848991394043}, "2": {"loss": 1.9680799484252929}, "3": {"loss": 1.894383430480957}, "4": {"loss": 1.8305538177490235}}{"0": {"loss": 2.1095571517944336}, "1": {"loss": 2.043848991394043}, "2": {"loss": 1.9680799484252929}, "3": {"loss": 1.894383430480957}, "4": {"loss": 1.8305538177490235}, "5": {"loss": 1.7572914123535157}}{"0": {"loss": 2.1095571517944336}, "1": {"loss": 2.043848991394043}, "2": {"loss": 1.9680799484252929}, "3": {"loss": 1.894383430480957}, "4": {"loss": 1.8305538177490235}, "5": {"loss": 1.7572914123535157}, "6": {"loss": 1.6931838989257812}}{"0": {"loss": 2.1095571517944336}, "1": {"loss": 2.043848991394043}, "2": {"loss": 1.9680799484252929}, "3": {"loss": 1.894383430480957}, "4": {"loss": 1.8305538177490235}, "5": {"loss": 1.7572914123535157}, "6": {"loss": 1.6931838989257812}, "7": {"loss": 1.6268169403076171}}{"0": {"loss": 2.1095571517944336}, "1": {"loss": 2.043848991394043}, "2": {"loss": 1.9680799484252929}, "3": {"loss": 1.894383430480957}, "4": {"loss": 1.8305538177490235}, "5": {"loss": 1.7572914123535157}, "6": {"loss": 1.6931838989257812}, "7": {"loss": 1.6268169403076171}, "8": {"loss": 1.5565990447998046}}{"0": {"loss": 2.1095571517944336}, "1": {"loss": 2.043848991394043}, "2": {"loss": 1.9680799484252929}, "3": {"loss": 1.894383430480957}, "4": {"loss": 1.8305538177490235}, "5": {"loss": 1.7572914123535157}, "6": {"loss": 1.6931838989257812}, "7": {"loss": 1.6268169403076171}, "8": {"loss": 1.5565990447998046}, "9": {"loss": 1.4830513000488281}}