{"0": {"loss": 2.109726142883301}}{"0": {"loss": 2.109726142883301}, "1": {"loss": 2.051852989196777}}{"0": {"loss": 2.109726142883301}, "1": {"loss": 2.051852989196777}, "2": {"loss": 1.979151153564453}}{"0": {"loss": 2.109726142883301}, "1": {"loss": 2.051852989196777}, "2": {"loss": 1.979151153564453}, "3": {"loss": 1.9030349731445313}}{"0": {"loss": 2.109726142883301}, "1": {"loss": 2.051852989196777}, "2": {"loss": 1.979151153564453}, "3": {"loss": 1.9030349731445313}, "4": {"loss": 1.8269939422607422}}{"0": {"loss": 2.109726142883301}, "1": {"loss": 2.051852989196777}, "2": {"loss": 1.979151153564453}, "3": {"loss": 1.9030349731445313}, "4": {"loss": 1.8269939422607422}, "5": {"loss": 1.7694353103637694}}{"0": {"loss": 2.109726142883301}, "1": {"loss": 2.051852989196777}, "2": {"loss": 1.979151153564453}, "3": {"loss": 1.9030349731445313}, "4": {"loss": 1.8269939422607422}, "5": {"loss": 1.7694353103637694}, "6": {"loss": 1.704605484008789}}{"0": {"loss": 2.109726142883301}, "1": {"loss": 2.051852989196777}, "2": {"loss": 1.979151153564453}, "3": {"loss": 1.9030349731445313}, "4": {"loss": 1.8269939422607422}, "5": {"loss": 1.7694353103637694}, "6": {"loss": 1.704605484008789}, "7": {"loss": 1.6304405212402344}}{"0": {"loss": 2.109726142883301}, "1": {"loss": 2.051852989196777}, "2": {"loss": 1.979151153564453}, "3": {"loss": 1.9030349731445313}, "4": {"loss": 1.8269939422607422}, "5": {"loss": 1.7694353103637694}, "6": {"loss": 1.704605484008789}, "7": {"loss": 1.6304405212402344}, "8": {"loss": 1.5596298217773437}}{"0": {"loss": 2.109726142883301}, "1": {"loss": 2.051852989196777}, "2": {"loss": 1.979151153564453}, "3": {"loss": 1.9030349731445313}, "4": {"loss": 1.8269939422607422}, "5": {"loss": 1.7694353103637694}, "6": {"loss": 1.704605484008789}, "7": {"loss": 1.6304405212402344}, "8": {"loss": 1.5596298217773437}, "9": {"loss": 1.4840250968933106}}{"0": {"loss": 2.109726142883301}, "1": {"loss": 2.051852989196777}, "2": {"loss": 1.979151153564453}, "3": {"loss": 1.9030349731445313}, "4": {"loss": 1.8269939422607422}, "5": {"loss": 1.7694353103637694}, "6": {"loss": 1.704605484008789}, "7": {"loss": 1.6304405212402344}, "8": {"loss": 1.5596298217773437}, "9": {"loss": 1.4840250968933106}, "10": {"loss": 1.4024224281311035}}{"0": {"loss": 2.109726142883301}, "1": {"loss": 2.051852989196777}, "2": {"loss": 1.979151153564453}, "3": {"loss": 1.9030349731445313}, "4": {"loss": 1.8269939422607422}, "5": {"loss": 1.7694353103637694}, "6": {"loss": 1.704605484008789}, "7": {"loss": 1.6304405212402344}, "8": {"loss": 1.5596298217773437}, "9": {"loss": 1.4840250968933106}, "10": {"loss": 1.4024224281311035}, "11": {"loss": 1.3387643814086914}}{"0": {"loss": 2.109726142883301}, "1": {"loss": 2.051852989196777}, "2": {"loss": 1.979151153564453}, "3": {"loss": 1.9030349731445313}, "4": {"loss": 1.8269939422607422}, "5": {"loss": 1.7694353103637694}, "6": {"loss": 1.704605484008789}, "7": {"loss": 1.6304405212402344}, "8": {"loss": 1.5596298217773437}, "9": {"loss": 1.4840250968933106}, "10": {"loss": 1.4024224281311035}, "11": {"loss": 1.3387643814086914}, "12": {"loss": 1.2392483711242677}}{"0": {"loss": 2.109162521362305}}{"0": {"loss": 2.109162521362305}, "1": {"loss": 2.0447160720825197}}{"0": {"loss": 2.109162521362305}, "1": {"loss": 2.0447160720825197}, "2": {"loss": 1.9749370574951173}}{"0": {"loss": 2.109162521362305}, "1": {"loss": 2.0447160720825197}, "2": {"loss": 1.9749370574951173}, "3": {"loss": 1.9016515731811523}}{"0": {"loss": 2.109162521362305}, "1": {"loss": 2.0447160720825197}, "2": {"loss": 1.9749370574951173}, "3": {"loss": 1.9016515731811523}, "4": {"loss": 1.8307344436645507}}{"0": {"loss": 2.109162521362305}, "1": {"loss": 2.0447160720825197}, "2": {"loss": 1.9749370574951173}, "3": {"loss": 1.9016515731811523}, "4": {"loss": 1.8307344436645507}, "5": {"loss": 1.7732587814331056}}{"0": {"loss": 2.109162521362305}, "1": {"loss": 2.0447160720825197}, "2": {"loss": 1.9749370574951173}, "3": {"loss": 1.9016515731811523}, "4": {"loss": 1.8307344436645507}, "5": {"loss": 1.7732587814331056}, "6": {"loss": 1.7020387649536133}}{"0": {"loss": 2.109162521362305}, "1": {"loss": 2.0447160720825197}, "2": {"loss": 1.9749370574951173}, "3": {"loss": 1.9016515731811523}, "4": {"loss": 1.8307344436645507}, "5": {"loss": 1.7732587814331056}, "6": {"loss": 1.7020387649536133}, "7": {"loss": 1.632085418701172}}{"0": {"loss": 2.109162521362305}, "1": {"loss": 2.0447160720825197}, "2": {"loss": 1.9749370574951173}, "3": {"loss": 1.9016515731811523}, "4": {"loss": 1.8307344436645507}, "5": {"loss": 1.7732587814331056}, "6": {"loss": 1.7020387649536133}, "7": {"loss": 1.632085418701172}, "8": {"loss": 1.554177951812744}}{"0": {"loss": 2.109162521362305}, "1": {"loss": 2.0447160720825197}, "2": {"loss": 1.9749370574951173}, "3": {"loss": 1.9016515731811523}, "4": {"loss": 1.8307344436645507}, "5": {"loss": 1.7732587814331056}, "6": {"loss": 1.7020387649536133}, "7": {"loss": 1.632085418701172}, "8": {"loss": 1.554177951812744}, "9": {"loss": 1.474397850036621}}