{"0": {"loss": 1.9789857864379883}}{"0": {"loss": 1.9789857864379883}, "1": {"loss": 1.9292400360107422}}{"0": {"loss": 1.9789857864379883}, "1": {"loss": 1.9292400360107422}, "2": {"loss": 1.874953269958496}}{"0": {"loss": 1.9789857864379883}, "1": {"loss": 1.9292400360107422}, "2": {"loss": 1.874953269958496}, "3": {"loss": 1.8105583190917969}}{"0": {"loss": 1.9789857864379883}, "1": {"loss": 1.9292400360107422}, "2": {"loss": 1.874953269958496}, "3": {"loss": 1.8105583190917969}, "4": {"loss": 1.7443140029907227}}{"0": {"loss": 1.9789857864379883}, "1": {"loss": 1.9292400360107422}, "2": {"loss": 1.874953269958496}, "3": {"loss": 1.8105583190917969}, "4": {"loss": 1.7443140029907227}, "5": {"loss": 1.6875644683837892}}{"0": {"loss": 1.9789857864379883}, "1": {"loss": 1.9292400360107422}, "2": {"loss": 1.874953269958496}, "3": {"loss": 1.8105583190917969}, "4": {"loss": 1.7443140029907227}, "5": {"loss": 1.6875644683837892}, "6": {"loss": 1.6183917999267579}}{"0": {"loss": 1.9789857864379883}, "1": {"loss": 1.9292400360107422}, "2": {"loss": 1.874953269958496}, "3": {"loss": 1.8105583190917969}, "4": {"loss": 1.7443140029907227}, "5": {"loss": 1.6875644683837892}, "6": {"loss": 1.6183917999267579}, "7": {"loss": 1.5484192848205567}}{"0": {"loss": 1.9786943435668944}}{"0": {"loss": 1.9786943435668944}, "1": {"loss": 1.9298568725585938}}{"0": {"loss": 1.9786943435668944}, "1": {"loss": 1.9298568725585938}, "2": {"loss": 1.872286033630371}}{"0": {"loss": 1.9786943435668944}, "1": {"loss": 1.9298568725585938}, "2": {"loss": 1.872286033630371}, "3": {"loss": 1.8132244110107423}}{"0": {"loss": 1.9786943435668944}, "1": {"loss": 1.9298568725585938}, "2": {"loss": 1.872286033630371}, "3": {"loss": 1.8132244110107423}, "4": {"loss": 1.7417098999023437}}{"0": {"loss": 1.9786943435668944}, "1": {"loss": 1.9298568725585938}, "2": {"loss": 1.872286033630371}, "3": {"loss": 1.8132244110107423}, "4": {"loss": 1.7417098999023437}, "5": {"loss": 1.682370376586914}}{"0": {"loss": 1.9786943435668944}, "1": {"loss": 1.9298568725585938}, "2": {"loss": 1.872286033630371}, "3": {"loss": 1.8132244110107423}, "4": {"loss": 1.7417098999023437}, "5": {"loss": 1.682370376586914}, "6": {"loss": 1.6200654983520508}}{"0": {"loss": 1.9786943435668944}, "1": {"loss": 1.9298568725585938}, "2": {"loss": 1.872286033630371}, "3": {"loss": 1.8132244110107423}, "4": {"loss": 1.7417098999023437}, "5": {"loss": 1.682370376586914}, "6": {"loss": 1.6200654983520508}, "7": {"loss": 1.550070571899414}}{"0": {"loss": 1.9786943435668944}, "1": {"loss": 1.9298568725585938}, "2": {"loss": 1.872286033630371}, "3": {"loss": 1.8132244110107423}, "4": {"loss": 1.7417098999023437}, "5": {"loss": 1.682370376586914}, "6": {"loss": 1.6200654983520508}, "7": {"loss": 1.550070571899414}, "8": {"loss": 1.482771396636963}}