{"0": {"loss": 1.9450456619262695}}{"0": {"loss": 1.9450456619262695}, "1": {"loss": 1.9026464462280273}}{"0": {"loss": 1.9448484420776366}}{"0": {"loss": 1.9457096099853515}}