{"0": {"loss": 2.373029981340681}, "1": {"loss": 1.946805681501116}, "2": {"loss": 1.5165492466517858}, "3": {"loss": 0.823277337210519}, "4": {"loss": 0.7917943000793457}}