{"0": {"loss": 2.9763832092285156}, "1": {"loss": 2.3623712062835693}, "2": {"loss": 2.924104928970337}, "3": {"loss": 1.6214128732681274}, "4": {"loss": 1.110727071762085}}