{"0": {"loss": 2.85330867767334}, "1": {"loss": 3.3739800453186035}, "2": {"loss": 2.190824508666992}, "3": {"loss": 1.8803627490997314}, "4": {"loss": 2.009916305541992}}