{"0": {"loss": 2.1323889323643277}, "1": {"loss": 1.8098971503121513}, "2": {"loss": 1.4871820722307478}, "3": {"loss": 0.9562403815133231}, "4": {"loss": 1.329751968383789}}