{"0": {"loss": 1.891600489616394}, "1": {"loss": 1.8773356676101685}, "2": {"loss": 1.5557348728179932}, "3": {"loss": 1.2951178550720215}, "4": {"loss": 1.2499992847442627}}