{"0": {"loss": 2.6605287634808086}, "1": {"loss": 1.6768511896548064}, "2": {"loss": 1.3780842656674592}, "3": {"loss": 1.3493528780729875}, "4": {"loss": 1.0017407458761465}}