{"0": {"loss": 2.107699966430664}, "1": {"loss": 2.742588424682617}, "2": {"loss": 3.225407028198242}, "3": {"loss": 1.9804039001464844}, "4": {"loss": 2.225176239013672}}