{"0": {"loss": 2.5785634894120064}, "1": {"loss": 1.8090984946803044}, "2": {"loss": 1.069780249344675}, "3": {"loss": 0.6341887022319593}, "4": {"loss": 0.8402555365311472}}