{"0": {"loss": 2.231417448624321}, "1": {"loss": 2.147760805876359}, "2": {"loss": 2.4692875406016475}, "3": {"loss": 1.7229050346042798}, "4": {"loss": 1.6030865544858186}}