{"0": {"loss": 2.6609939999050565}, "1": {"loss": 2.4781010945638022}, "2": {"loss": 2.0246069166395397}, "3": {"loss": 1.8079410129123263}, "4": {"loss": 0.91312132941352}}