{"0": {"loss": 2.3509676456451416}, "1": {"loss": 2.3509676456451416}, "2": {"loss": 2.3509676456451416}, "3": {"loss": 2.3509676456451416}, "4": {"loss": 2.1157405376434326}}