{"0": {"loss": 3.9514178107766544}, "1": {"loss": 5.958010954015395}, "2": {"loss": 3.2746407003963696}, "3": {"loss": 1.9866303836598116}, "4": {"loss": 1.5971090653363396}}