{"0": {"loss": 2.367687225341797}, "1": {"loss": 2.0288014131433822}, "2": {"loss": 1.5503879995907055}, "3": {"loss": 2.182676876292509}, "4": {"loss": 1.254683999454274}}