{"0": {"loss": 2.339178721110026}, "1": {"loss": 2.565819846259223}, "2": {"loss": 1.7746881908840604}, "3": {"loss": 1.0193596945868597}, "4": {"loss": 1.5536698235405817}}