{"0": {"loss": 1.9979830980300903}, "1": {"loss": 2.682227611541748}, "2": {"loss": 3.185825824737549}, "3": {"loss": 2.2301063537597656}, "4": {"loss": 2.06011700630188}}