{"0": {"loss": 2.665499687194824}, "1": {"loss": 2.6118968963623046}, "2": {"loss": 2.07946891784668}, "3": {"loss": 1.3203142166137696}, "4": {"loss": 1.1697385787963868}}