{"0": {"loss": 2.180402543809679}, "1": {"loss": 2.1401405334472656}, "2": {"loss": 1.5861161549886067}, "3": {"loss": 1.0351759592692058}, "4": {"loss": 1.395257420010037}}