{"0": {"loss": 2.439762830734253}, "1": {"loss": 2.1794862747192383}, "2": {"loss": 1.7763097286224365}, "3": {"loss": 5.2734551429748535}, "4": {"loss": 3.6635642051696777}}