{"0": {"loss": 2.2524755795796714}, "1": {"loss": 2.7359094619750977}, "2": {"loss": 3.291062037150065}, "3": {"loss": 1.9932498931884766}, "4": {"loss": 2.0540239016215005}}