{"0": {"loss": 2.229616403579712}, "1": {"loss": 3.8982906341552734}, "2": {"loss": 2.2284765243530273}, "3": {"loss": 1.3932929039001465}, "4": {"loss": 1.109928011894226}}