{"0": {"loss": 2.1174092292785645}, "1": {"loss": 4.277051289876302}, "2": {"loss": 4.277747472127278}, "3": {"loss": 2.693452835083008}, "4": {"loss": 2.2320734659830728}}