{"0": {"loss": 3.159576177597046}, "1": {"loss": 3.159576177597046}, "2": {"loss": 3.159576177597046}, "3": {"loss": 3.159576177597046}, "4": {"loss": 1.4952038526535034}}