{"0": {"loss": 2.2759251227745643}, "1": {"loss": 2.1181121239295373}, "2": {"loss": 1.6631865868201623}, "3": {"loss": 0.8956931921151968}, "4": {"loss": 0.9864499018742487}}