{"0": {"loss": 2.0092967987060546}, "1": {"loss": 2.8985904693603515}, "2": {"loss": 1.3493144035339355}, "3": {"loss": 0.6862070083618164}, "4": {"loss": 0.3235282897949219}}