{"0": {"loss": 3.6814342298005758}, "1": {"loss": 3.4411444413034538}, "2": {"loss": 2.57938646015368}, "3": {"loss": 2.1863130268297697}, "4": {"loss": 1.661649503205952}}