{"0": {"loss": 2.1232004165649414}, "1": {"loss": 2.562709331512451}, "2": {"loss": 3.1305553913116455}, "3": {"loss": 1.6089091300964355}, "4": {"loss": 1.035727620124817}}