{"0": {"loss": 2.1853775751023066}, "1": {"loss": 2.0689290364583335}, "2": {"loss": 1.9354300726027716}, "3": {"loss": 2.0997832162039622}, "4": {"loss": 1.9870507376534599}}