{"0": {"loss": 2.61602783203125}, "1": {"loss": 1.975298429790296}, "2": {"loss": 3.6920294510690788}, "3": {"loss": 1.8775546425267269}, "4": {"loss": 0.7300575657894737}}