{"0": {"loss": 2.0753368030894888}, "1": {"loss": 1.9725754477761008}, "2": {"loss": 1.3261282660744407}, "3": {"loss": 1.3161019411954014}, "4": {"loss": 0.9489746960726652}}