{"0": {"loss": 2.0483086903889975}, "1": {"loss": 2.5372959772745767}, "2": {"loss": 1.8081315358479817}, "3": {"loss": 0.8727572758992513}, "4": {"loss": 0.5391350587209066}}