{"0": {"loss": 2.3176125919117645}, "1": {"loss": 2.0573591344496784}, "2": {"loss": 1.0593838411218979}, "3": {"loss": 0.8784618377685547}, "4": {"loss": 0.7823105419383329}}