{"0": {"loss": 2.5447372436523437}, "1": {"loss": 1.730065155029297}, "2": {"loss": 1.347271728515625}, "3": {"loss": 1.0717901865641275}, "4": {"loss": 0.9042449951171875}}