{"0": {"loss": 2.8049786216334294}, "1": {"loss": 2.6246430246453536}, "2": {"loss": 2.8931170011821545}, "3": {"loss": 2.3639134858783923}, "4": {"loss": 3.7083318609940377}}