{"0": {"loss": 2.439035752240349}, "1": {"loss": 1.8867770924287683}, "2": {"loss": 1.6463660071877873}, "3": {"loss": 1.2753065894631779}, "4": {"loss": 0.9421057981603286}}