{"0": {"loss": 2.1991859436035157}, "1": {"loss": 1.5060933430989583}, "2": {"loss": 1.1728622436523437}, "3": {"loss": 0.7705479939778646}, "4": {"loss": 1.2359483083089193}}