{"0": {"loss": 1.8825194040934246}, "1": {"loss": 1.896045207977295}, "2": {"loss": 1.9476385116577148}, "3": {"loss": 1.9963754018147786}, "4": {"loss": 1.0986213684082031}}