{"0": {"loss": 2.8556821823120115}, "1": {"loss": 3.2544265747070313}, "2": {"loss": 1.867434310913086}, "3": {"loss": 1.3865930557250976}, "4": {"loss": 0.9049517631530761}}