{"0": {"loss": 3.1392830439976285}, "1": {"loss": 3.1295253208705356}, "2": {"loss": 1.6960436957223075}, "3": {"loss": 1.2807460512433733}, "4": {"loss": 1.3637804303850447}}