{"0": {"loss": 2.6781511306762695}, "1": {"loss": 2.4862890243530273}, "2": {"loss": 2.220130443572998}, "3": {"loss": 1.8300355275472004}, "4": {"loss": 1.7766396204630535}}