{"0": {"loss": 2.232036763971502}, "1": {"loss": 2.2176801508123223}, "2": {"loss": 2.307722958651456}, "3": {"loss": 1.2156580144708806}, "4": {"loss": 0.9481851404363458}}