{"0": {"loss": 3.0909183025360107}, "1": {"loss": 2.6167714595794678}, "2": {"loss": 1.7396676540374756}, "3": {"loss": 1.4159213304519653}, "4": {"loss": 1.5033222436904907}}