{"0": {"loss": 2.688603314486417}, "1": {"loss": 2.2396500327370386}, "2": {"loss": 1.3644279133189807}, "3": {"loss": 1.265639218417081}, "4": {"loss": 1.5566125349564985}}