{"0": {"loss": 2.4212913513183594}, "1": {"loss": 1.5943907631768122}, "2": {"loss": 1.0666571723090277}, "3": {"loss": 0.7290578418307834}, "4": {"loss": 0.8185352749294705}}