{"0": {"loss": 2.1074905395507812}, "1": {"loss": 1.5844151633126395}, "2": {"loss": 1.2881859370640345}, "3": {"loss": 0.7660741124834333}, "4": {"loss": 0.6993927274431501}}