{"0": {"loss": 1.7701184749603271}, "1": {"loss": 1.7701184749603271}, "2": {"loss": 4.353264331817627}, "3": {"loss": 4.358129978179932}, "4": {"loss": 4.153006553649902}}