{"0": {"loss": 2.2972793579101562}, "1": {"loss": 1.9726009368896484}, "2": {"loss": 1.7099517822265624}, "3": {"loss": 1.1911385536193848}, "4": {"loss": 1.0339608192443848}}