{"0": {"loss": 2.7825703620910645}, "1": {"loss": 2.6113626956939697}, "2": {"loss": 1.5658507347106934}, "3": {"loss": 1.2523075342178345}, "4": {"loss": 2.030069351196289}}