{"0": {"loss": 2.603780508041382}, "1": {"loss": 2.579979419708252}, "2": {"loss": 2.8693835735321045}, "3": {"loss": 1.8594082593917847}, "4": {"loss": 1.6050009727478027}}