{"0": {"loss": 2.148207528250558}, "1": {"loss": 2.555595670427595}, "2": {"loss": 1.8797788619995117}, "3": {"loss": 1.0878719602312361}, "4": {"loss": 0.6997049195425851}}