{"0": {"loss": 2.20838991800944}, "1": {"loss": 1.8774664137098525}, "2": {"loss": 1.015922440422906}, "3": {"loss": 0.6485583517286513}, "4": {"loss": 1.3877538045247395}}