{"0": {"loss": 2.1490590572357178}, "1": {"loss": 2.242095947265625}, "2": {"loss": 1.7348582744598389}, "3": {"loss": 1.4953508377075195}, "4": {"loss": 0.6235641241073608}}