{"0": {"loss": 2.3887277603149415}, "1": {"loss": 2.9553741455078124}, "2": {"loss": 3.478781509399414}, "3": {"loss": 2.4053781509399412}, "4": {"loss": 1.975580596923828}}