{"0": {"loss": 3.497022247314453}, "1": {"loss": 2.6232505798339845}, "2": {"loss": 1.8518966674804687}, "3": {"loss": 1.323421573638916}, "4": {"loss": 1.7109092712402343}}