{"0": {"loss": 2.413611275809152}, "1": {"loss": 1.6531151362827845}, "2": {"loss": 0.9829440116882324}, "3": {"loss": 0.7582171303885323}, "4": {"loss": 1.3316662652151925}}