{"0": {"loss": 2.0775741128360523}, "1": {"loss": 1.7733640109791475}, "2": {"loss": 1.6880220525404985}, "3": {"loss": 1.7862717123592602}, "4": {"loss": 1.1741401447969324}}