{"0": {"loss": 3.062226486206055}, "1": {"loss": 4.0304004669189455}, "2": {"loss": 2.4593006134033204}, "3": {"loss": 3.151335334777832}, "4": {"loss": 1.6302509307861328}}