{"0": {"loss": 2.14861363949983}, "1": {"loss": 1.796048703400985}, "2": {"loss": 1.5885865584663723}, "3": {"loss": 0.4481883670972741}, "4": {"loss": 0.21240367060122284}}{"0": {"loss": 2.139452063519022}, "1": {"loss": 1.8229003574537195}, "2": {"loss": 2.4130764836850376}, "3": {"loss": 1.288569160129713}, "4": {"loss": 1.1748022825821587}}