{"0": {"loss": 2.410746383666992}, "1": {"loss": 1.6301471710205078}, "2": {"loss": 1.0563289642333984}, "3": {"loss": 2.3021364212036133}, "4": {"loss": 1.029264259338379}}