{"0": {"loss": 2.6240997314453125}, "1": {"loss": 2.133720066236413}, "2": {"loss": 5.563923047936481}, "3": {"loss": 0.0}, "4": {"loss": 0.0}}