{"0": {"loss": 2.5151942116873607}, "1": {"loss": 2.1413063321794783}, "2": {"loss": 1.5606415612357003}, "3": {"loss": 0.6399765014648438}, "4": {"loss": 0.7943453107561383}}