{"0": {"loss": 2.6186677614847818}, "1": {"loss": 1.6731774012247722}, "2": {"loss": 1.182682752609253}, "3": {"loss": 1.0828091303507488}, "4": {"loss": 1.1816904544830322}}