{"0": {"loss": 2.920596885681152}, "1": {"loss": 2.168173980712891}, "2": {"loss": 1.3844178199768067}, "3": {"loss": 1.2953516006469727}, "4": {"loss": 0.7024080276489257}}