{"0": {"loss": 2.424902598063151}, "1": {"loss": 2.034956614176432}, "2": {"loss": 1.4632059733072917}, "3": {"loss": 1.2259289423624675}, "4": {"loss": 2.2926981184217663}}