{"0": {"loss": 2.3417449951171876}, "1": {"loss": 1.975072733561198}, "2": {"loss": 1.345130411783854}, "3": {"loss": 1.2541319529215496}, "4": {"loss": 1.30535888671875}}