{"0": {"loss": 2.388857841491699}, "1": {"loss": 2.3266263008117676}, "2": {"loss": 1.6109719276428223}, "3": {"loss": 1.5766444206237793}, "4": {"loss": 1.0507330894470215}}