{"0": {"loss": 3.4544282393022017}, "1": {"loss": 1.8002308932217685}, "2": {"loss": 1.0581567937677556}, "3": {"loss": 0.8503674593838778}, "4": {"loss": 0.5628760077736594}}