{"0": {"loss": 2.6612784645774146}, "1": {"loss": 2.605933969671076}, "2": {"loss": 1.7975964979691939}, "3": {"loss": 1.1844287352128462}, "4": {"loss": 0.9594206376509233}}