{"0": {"loss": 2.4395190874735513}, "1": {"loss": 2.378962834676107}, "2": {"loss": 1.9985020955403645}, "3": {"loss": 1.3684825897216797}, "4": {"loss": 1.4604093233744304}}