{"0": {"loss": 2.7297056198120115}, "1": {"loss": 1.8987070083618165}, "2": {"loss": 1.40863094329834}, "3": {"loss": 1.4700976371765138}, "4": {"loss": 1.2405197143554687}}