{"0": {"loss": 3.1954776763916017}, "1": {"loss": 2.385308837890625}, "2": {"loss": 1.8244003295898437}, "3": {"loss": 1.4937275886535644}, "4": {"loss": 0.8510805130004883}}