{"0": {"loss": 2.8130964799360796}, "1": {"loss": 1.7715849442915483}, "2": {"loss": 1.2582299492575906}, "3": {"loss": 0.97907170382413}, "4": {"loss": 1.3808639699762517}}