{"0": {"loss": 2.256303151448568}, "1": {"loss": 2.2951554192437067}, "2": {"loss": 1.4978520075480144}, "3": {"loss": 1.4161368476019964}, "4": {"loss": 1.1609281963772244}}