{"0": {"loss": 2.429058074951172}, "1": {"loss": 2.942651112874349}, "2": {"loss": 2.4658940633138022}, "3": {"loss": 1.525937557220459}, "4": {"loss": 1.193708022435506}}