{"0": {"loss": 2.2373099327087402}, "1": {"loss": 2.1641643047332764}, "2": {"loss": 2.0846738815307617}, "3": {"loss": 1.6183242797851562}, "4": {"loss": 1.3175185918807983}}