{"0": {"loss": 2.2143197740827287}, "1": {"loss": 3.0416968209402904}, "2": {"loss": 2.3907683236258372}, "3": {"loss": 3.266845158168248}, "4": {"loss": 3.0954862322126115}}