{"0": {"loss": 2.1821161353069805}, "1": {"loss": 1.721166527789572}, "2": {"loss": 1.9597697050675102}, "3": {"loss": 2.473817742389181}, "4": {"loss": 1.5938369087550952}}