{"0": {"loss": 2.1504702360733696}, "1": {"loss": 2.264037256655486}, "2": {"loss": 1.9096901935079824}, "3": {"loss": 1.7914587933084238}, "4": {"loss": 1.269004075423531}}