{"0": {"loss": 2.937271390642439}, "1": {"loss": 2.3800762721470425}, "2": {"loss": 2.198318208966936}, "3": {"loss": 2.6586317334856306}, "4": {"loss": 1.2745020730154855}}