{"0": {"loss": 1.9957337152390253}, "1": {"loss": 1.531739734468006}, "2": {"loss": 1.033223379225958}, "3": {"loss": 0.9771335238502139}, "4": {"loss": 0.7669327145531064}}