{"0": {"loss": 2.0298133426242404}, "1": {"loss": 1.8609210120307074}, "2": {"loss": 1.9557543860541449}, "3": {"loss": 1.1197921964857314}, "4": {"loss": 0.6753763622707791}}