{"0": {"loss": 2.659167029640891}, "1": {"loss": 2.2394514950838955}, "2": {"loss": 2.5669090964577417}, "3": {"loss": 2.0485401153564453}, "4": {"loss": 1.3178596496582031}}