{"0": {"loss": 2.7313153403145924}, "1": {"loss": 2.0016998563494}, "2": {"loss": 1.529867444719587}, "3": {"loss": 1.3979087557111467}, "4": {"loss": 0.8242769922528949}}