{"0": {"loss": 2.4681379795074463}, "1": {"loss": 2.5083725452423096}, "2": {"loss": 3.209904193878174}, "3": {"loss": 4.693331718444824}, "4": {"loss": 1.5361113548278809}}