{"0": {"loss": 2.2175732488217563}, "1": {"loss": 2.88811559262483}, "2": {"loss": 2.2549120032269023}, "3": {"loss": 1.340412305748981}, "4": {"loss": 1.1456087361211362}}