{"0": {"loss": 2.7061226584694604}, "1": {"loss": 2.206607471812855}, "2": {"loss": 1.8257661299272017}, "3": {"loss": 1.4330503290349788}, "4": {"loss": 1.7403257543390447}}