{"0": {"loss": 2.2922140757242837}, "1": {"loss": 3.3340206146240234}, "2": {"loss": 2.8625739415486655}, "3": {"loss": 2.0056260426839194}, "4": {"loss": 1.9334789911905925}}