{"0": {"loss": 2.6959012349446616}, "1": {"loss": 2.695736355251736}, "2": {"loss": 1.611838976542155}, "3": {"loss": 1.184954113430447}, "4": {"loss": 1.2828411526150174}}