{"0": {"loss": 2.478248119354248}, "1": {"loss": 2.4420266151428223}, "2": {"loss": 2.409888982772827}, "3": {"loss": 3.6620895862579346}, "4": {"loss": 1.6792192459106445}}