{"0": {"loss": 2.083498273577009}, "1": {"loss": 1.4224952970232283}, "2": {"loss": 1.1296465737479073}, "3": {"loss": 0.7065770285470145}, "4": {"loss": 0.586749962397984}}