{"0": {"loss": 1.6877071857452393}, "1": {"loss": 2.376201629638672}, "2": {"loss": 3.153191089630127}, "3": {"loss": 2.4143786430358887}, "4": {"loss": 1.5745658874511719}}