{"0": {"loss": 2.9685864448547363}, "1": {"loss": 2.9799771308898926}, "2": {"loss": 3.836423635482788}, "3": {"loss": 3.8772175312042236}, "4": {"loss": 2.7251007556915283}}