{"0": {"loss": 2.287682619961825}, "1": {"loss": 1.8116058002818713}, "2": {"loss": 1.213863892988725}, "3": {"loss": 1.8976313851096414}, "4": {"loss": 1.1873631043867632}}