{"0": {"loss": 2.1647572724715523}, "1": {"loss": 1.936993640402089}, "2": {"loss": 1.641812863557235}, "3": {"loss": 1.4857046707816746}, "4": {"loss": 1.457833829133407}}