{"0": {"loss": 2.514475602370042}, "1": {"loss": 2.2425719041090746}, "2": {"loss": 1.1371365327101488}, "3": {"loss": 0.9228154695951022}, "4": {"loss": 2.468883514404297}}