{"0": {"loss": 2.0838099027934827}, "1": {"loss": 1.4876735084935238}, "2": {"loss": 1.415449242842825}, "3": {"loss": 1.00128173828125}, "4": {"loss": 0.9073637912147924}}