{"0": {"loss": 2.2673202090793185}, "1": {"loss": 1.5154998567369249}, "2": {"loss": 1.3617467880249023}, "3": {"loss": 1.2714557647705078}, "4": {"loss": 0.8047074211968316}}