{"0": {"loss": 2.3254488627115886}, "1": {"loss": 2.4128189086914062}, "2": {"loss": 2.3150960286458333}, "3": {"loss": 1.504995600382487}, "4": {"loss": 1.5269915262858074}}