{"0": {"loss": 2.4997872439297764}, "1": {"loss": 3.3966293334960938}, "2": {"loss": 2.7297018224542793}, "3": {"loss": 1.9834610332142224}, "4": {"loss": 1.4949881813742898}}