{"0": {"loss": 2.3570170402526855}, "1": {"loss": 2.327989101409912}, "2": {"loss": 1.40420401096344}, "3": {"loss": 0.9154720306396484}, "4": {"loss": 1.126413345336914}}