{"0": {"loss": 2.147183100382487}, "1": {"loss": 1.840939203898112}, "2": {"loss": 1.7933646308051214}, "3": {"loss": 1.6736928092108831}, "4": {"loss": 1.0023030175103083}}