{"0": {"loss": 2.1814845403035483}, "1": {"loss": 2.84128475189209}, "2": {"loss": 2.3037845293680825}, "3": {"loss": 1.875332196553548}, "4": {"loss": 2.1271891593933105}}