{"0": {"loss": 2.3623733520507812}, "1": {"loss": 2.2611181839652685}, "2": {"loss": 2.6259062393851904}, "3": {"loss": 1.8427094169284985}, "4": {"loss": 2.240493110988451}}