{"0": {"loss": 2.7446302686418806}, "1": {"loss": 3.5338742392403737}, "2": {"loss": 2.820798873901367}, "3": {"loss": 3.778559003557478}, "4": {"loss": 3.3168021610804965}}