{"0": {"loss": 2.0256049212287452}, "1": {"loss": 2.319958406336167}, "2": {"loss": 1.757252524880802}, "3": {"loss": 1.2209602804744946}, "4": {"loss": 1.4428825378417969}}