{"0": {"loss": 2.4183331807454427}, "1": {"loss": 2.0530967712402344}, "2": {"loss": 2.5754010518391928}, "3": {"loss": 1.9813626607259114}, "4": {"loss": 1.0339214324951171}}