{"0": {"loss": 2.0987472534179688}, "1": {"loss": 1.7780562314120205}, "2": {"loss": 1.742653413252397}, "3": {"loss": 1.361664425243031}, "4": {"loss": 0.9175899679010565}}