{"0": {"loss": 2.122938428606306}, "1": {"loss": 2.623307091849191}, "2": {"loss": 2.043425968715123}, "3": {"loss": 1.4047553198678153}, "4": {"loss": 1.1374356406075614}}