{"0": {"loss": 2.735044826160778}, "1": {"loss": 1.9489444385875354}, "2": {"loss": 1.9568774483420632}, "3": {"loss": 1.4842725233598189}, "4": {"loss": 0.8777609738436613}}