{"0": {"loss": 2.9599796641956675}, "1": {"loss": 2.3012608614834873}, "2": {"loss": 4.419403076171875}, "3": {"loss": 1.6548661318692295}, "4": {"loss": 1.184264356439764}}