{"0": {"loss": 2.0116721443507983}, "1": {"loss": 1.624293617580248}, "2": {"loss": 1.7709687274435293}, "3": {"loss": 1.0964852208676545}, "4": {"loss": 0.8576002535612687}}