{"0": {"loss": 4.615415096282959}, "1": {"loss": 2.9518308639526367}, "2": {"loss": 2.387014389038086}, "3": {"loss": 1.655051350593567}, "4": {"loss": 1.5029284954071045}}