{"0": {"loss": 2.136233859592014}, "1": {"loss": 2.229705386691623}, "2": {"loss": 4.253754085964626}, "3": {"loss": 2.263137605455187}, "4": {"loss": 1.4369513193766277}}