{"0": {"loss": 2.4498355263157894}, "1": {"loss": 1.7924379047594572}, "2": {"loss": 1.15424929167095}, "3": {"loss": 1.1627683137592517}, "4": {"loss": 1.365603898700915}}