{"0": {"loss": 2.5655380884806314}, "1": {"loss": 2.690651257832845}, "2": {"loss": 2.3205893834431968}, "3": {"loss": 1.5482970873514812}, "4": {"loss": 1.7008387247721355}}