{"0": {"loss": 3.586039733886719}, "1": {"loss": 2.941046142578125}, "2": {"loss": 1.668634033203125}, "3": {"loss": 1.0976716995239257}, "4": {"loss": 0.8713254928588867}}