{"0": {"loss": 2.6693126133510043}, "1": {"loss": 1.5230096181233723}, "2": {"loss": 1.3494146437872023}, "3": {"loss": 0.820989517938523}, "4": {"loss": 6.56436520531064}}