{"0": {"loss": 1.8993821144104004}, "1": {"loss": 1.8869463602701824}, "2": {"loss": 2.1932546297709146}, "3": {"loss": 2.094797134399414}, "4": {"loss": 1.1169420878092449}}