{"0": {"loss": 2.1510003407796225}, "1": {"loss": 1.7453727722167969}, "2": {"loss": 1.39093812306722}, "3": {"loss": 0.8442734612358941}, "4": {"loss": 2.3160317738850913}}