{"0": {"loss": 2.2383333841959634}, "1": {"loss": 1.958828820122613}, "2": {"loss": 1.3588520685831706}, "3": {"loss": 1.0805204179551866}, "4": {"loss": 0.8073217074076334}}