{"0": {"loss": 2.746068318684896}, "1": {"loss": 2.538003467378162}, "2": {"loss": 2.320144834972563}, "3": {"loss": 1.5239325023832775}, "4": {"loss": 1.3996873583112444}}