{"0": {"loss": 2.2686255318777904}, "1": {"loss": 3.2355905260358537}, "2": {"loss": 1.4270069939749581}, "3": {"loss": 0.7542736870901925}, "4": {"loss": 0.623269762311663}}