{"0": {"loss": 2.1611719131469727}, "1": {"loss": 2.0695140838623045}, "2": {"loss": 1.6751632690429688}, "3": {"loss": 0.9973545074462891}, "4": {"loss": 0.7163484573364258}}