{"0": {"loss": 2.2477309703826904}, "1": {"loss": 2.2477309703826904}, "2": {"loss": 2.741300106048584}, "3": {"loss": 2.6492323875427246}, "4": {"loss": 1.9074851274490356}}