{"0": {"loss": 1.9614430665969849}, "1": {"loss": 2.6934120655059814}, "2": {"loss": 2.0061891078948975}, "3": {"loss": 1.761897087097168}, "4": {"loss": 1.645014762878418}}