{"0": {"loss": 3.0425316946847096}, "1": {"loss": 2.4360455104282925}, "2": {"loss": 2.203037670680455}, "3": {"loss": 1.256064006260463}, "4": {"loss": 1.4137274878365653}}