{"0": {"loss": 2.477964401245117}, "1": {"loss": 2.5777972085135326}, "2": {"loss": 2.3816705431256975}, "3": {"loss": 1.5220794677734375}, "4": {"loss": 1.5310529981340681}}