{"0": {"loss": 2.529027779897054}, "1": {"loss": 2.5686338742574057}, "2": {"loss": 2.0931504567464194}, "3": {"loss": 1.622742493947347}, "4": {"loss": 1.5994035402933757}}