{"0": {"loss": 2.690397362960012}, "1": {"loss": 2.426448621247944}, "2": {"loss": 1.7689787212171053}, "3": {"loss": 1.5697474228708368}, "4": {"loss": 1.2338790893554688}}