{"0": {"loss": 2.442860794067383}, "1": {"loss": 3.3443840026855467}, "2": {"loss": 2.0828760147094725}, "3": {"loss": 1.8463932037353517}, "4": {"loss": 1.0373805046081543}}