{"0": {"loss": 2.4529992883855645}, "1": {"loss": 1.7056248404762961}, "2": {"loss": 1.10377329046076}, "3": {"loss": 0.9479260878129439}, "4": {"loss": 0.9014922055331144}}