{"0": {"loss": 2.321928787231445}, "1": {"loss": 2.3806203842163085}, "2": {"loss": 1.574777603149414}, "3": {"loss": 3.239400100708008}, "4": {"loss": 2.379537010192871}}