{"0": {"loss": 2.4320004272460936}, "1": {"loss": 2.2703260803222656}, "2": {"loss": 1.545447998046875}, "3": {"loss": 1.5647247314453125}, "4": {"loss": 1.5510897827148438}}