{"0": {"loss": 3.0132792790730796}, "1": {"loss": 2.3710859616597495}, "2": {"loss": 1.6387030283610027}, "3": {"loss": 1.3231480916341145}, "4": {"loss": 1.629411220550537}}