{"0": {"loss": 2.5479933420817056}, "1": {"loss": 2.366986380683051}, "2": {"loss": 1.4753185907999675}, "3": {"loss": 1.5724605984157987}, "4": {"loss": 0.8705330424838595}}