{"0": {"loss": 2.091907819112142}, "1": {"loss": 1.699124018351237}, "2": {"loss": 1.2133476734161377}, "3": {"loss": 1.1379155317942302}, "4": {"loss": 1.0537443955739338}}