{"0": {"loss": 2.6426268683539496}, "1": {"loss": 2.1406370798746743}, "2": {"loss": 1.3695144653320312}, "3": {"loss": 1.060463057623969}, "4": {"loss": 1.080428229437934}}