{"0": {"loss": 2.005610227584839}, "1": {"loss": 2.005610227584839}, "2": {"loss": 2.005610227584839}, "3": {"loss": 1.6580296754837036}, "4": {"loss": 1.6757484674453735}}