{"0": {"loss": 2.9037044525146483}, "1": {"loss": 3.7439895629882813}, "2": {"loss": 2.059016990661621}, "3": {"loss": 2.0556644439697265}, "4": {"loss": 2.7685663223266603}}