{"0": {"loss": 3.371926784515381}, "1": {"loss": 3.120236396789551}, "2": {"loss": 2.2109615802764893}, "3": {"loss": 1.729172945022583}, "4": {"loss": 5.880572319030762}}