{"0": {"loss": 1.9879318475723267}, "1": {"loss": 1.6326649188995361}, "2": {"loss": 1.120104193687439}, "3": {"loss": 0.9932124614715576}, "4": {"loss": 0.9948601126670837}}