{"0": {"loss": 2.8980280558268228}, "1": {"loss": 2.071765899658203}, "2": {"loss": 1.2111384868621826}, "3": {"loss": 1.0743614832560222}, "4": {"loss": 1.3602569897969563}}