{"0": {"loss": 2.474541187286377}, "1": {"loss": 3.976689577102661}, "2": {"loss": 2.8128600120544434}, "3": {"loss": 2.0976459980010986}, "4": {"loss": 2.3419535160064697}}