{"0": {"loss": 2.450169427054269}, "1": {"loss": 1.835193361554827}, "2": {"loss": 1.2073613575526647}, "3": {"loss": 0.7955867222377232}, "4": {"loss": 1.012289047241211}}