{"0": {"loss": 2.7927328745524087}, "1": {"loss": 3.060235341389974}, "2": {"loss": 2.125089486440023}, "3": {"loss": 1.7805185317993164}, "4": {"loss": 1.8069899876912434}}