{"0": {"loss": 2.4706859588623047}, "1": {"loss": 2.194535493850708}, "2": {"loss": 1.6567394733428955}, "3": {"loss": 1.6384100914001465}, "4": {"loss": 1.6822915077209473}}