{"0": {"loss": 2.1934730893089656}, "1": {"loss": 1.8131570361909413}, "2": {"loss": 2.355842771984282}, "3": {"loss": 3.81625002906436}, "4": {"loss": 2.675050281343006}}