{"0": {"loss": 2.694490114847819}, "1": {"loss": 2.082695960998535}, "2": {"loss": 1.3385130564371746}, "3": {"loss": 1.1627931594848633}, "4": {"loss": 1.113945484161377}}