{"0": {"loss": 3.0824896868537452}, "1": {"loss": 2.4970200482536766}, "2": {"loss": 1.318124210133272}, "3": {"loss": 1.1507683922262752}, "4": {"loss": 1.0299390905043657}}