{"0": {"loss": 2.752604540656595}, "1": {"loss": 2.0884480195886947}, "2": {"loss": 1.2282245860380285}, "3": {"loss": 1.1386817483340992}, "4": {"loss": 0.5991542479571175}}