{"0": {"loss": 2.696688175201416}, "1": {"loss": 2.103428840637207}, "2": {"loss": 2.8821065425872803}, "3": {"loss": 1.1533541679382324}, "4": {"loss": 1.0971653461456299}}