{"0": {"loss": 2.4236741065979004}, "1": {"loss": 3.3218960762023926}, "2": {"loss": 3.33451771736145}, "3": {"loss": 2.6441831588745117}, "4": {"loss": 1.8239909410476685}}