{"0": {"loss": 2.5065544976128473}, "1": {"loss": 2.182588365342882}, "2": {"loss": 2.7083969116210938}, "3": {"loss": 1.561621454026964}, "4": {"loss": 1.1495300928751628}}