{"0": {"loss": 2.445387753573331}, "1": {"loss": 2.016659476540305}, "2": {"loss": 1.4327978654341265}, "3": {"loss": 1.558690677989613}, "4": {"loss": 1.5747486461292615}}