{"0": {"loss": 2.1003209749857583}, "1": {"loss": 1.445375919342041}, "2": {"loss": 1.1101636091868083}, "3": {"loss": 1.4927981694539387}, "4": {"loss": 1.1800791422526042}}