{"0": {"loss": 2.5319900512695312}, "1": {"loss": 3.560713873969184}, "2": {"loss": 1.8394927978515625}, "3": {"loss": 1.140769322713216}, "4": {"loss": 0.8337471220228407}}