{"0": {"loss": 2.387219148523667}, "1": {"loss": 2.332113826976103}, "2": {"loss": 1.2958625344669117}, "3": {"loss": 1.5047353856703813}, "4": {"loss": 1.5399949690874886}}