{"0": {"loss": 2.2850859268851904}, "1": {"loss": 1.921889761219854}, "2": {"loss": 2.1176421124002207}, "3": {"loss": 1.22259463434634}, "4": {"loss": 0.8305874700131624}}