{"0": {"loss": 2.7040407089960006}, "1": {"loss": 1.8572451273600261}, "2": {"loss": 2.0211704799107144}, "3": {"loss": 1.4532128288632347}, "4": {"loss": 1.1428826649983723}}