{"0": {"loss": 2.1571592603410994}, "1": {"loss": 6.698924473353794}, "2": {"loss": 1.718510355268206}, "3": {"loss": 1.7720078059605189}, "4": {"loss": 0.8127392360142299}}