{"0": {"loss": 1.892183780670166}, "1": {"loss": 1.9350560903549194}, "2": {"loss": 1.3976686000823975}, "3": {"loss": 1.4440667629241943}, "4": {"loss": 1.4854309558868408}}