{"0": {"loss": 3.087633693919462}, "1": {"loss": 2.232515447279986}, "2": {"loss": 1.408310609705308}, "3": {"loss": 1.2045353160184973}, "4": {"loss": 3.132977653952206}}