{"0": {"loss": 2.5314106941223145}, "1": {"loss": 2.5561113357543945}, "2": {"loss": 1.7677323818206787}, "3": {"loss": 1.0614678859710693}, "4": {"loss": 0.9883556962013245}}