{"0": {"loss": 2.1444942951202393}, "1": {"loss": 2.1444942951202393}, "2": {"loss": 2.1444942951202393}, "3": {"loss": 2.1444942951202393}, "4": {"loss": 2.1444942951202393}}