{"0": {"loss": 2.109830617904663}, "1": {"loss": 2.601604461669922}, "2": {"loss": 2.109461784362793}, "3": {"loss": 2.247622013092041}, "4": {"loss": 2.2008144855499268}}