{"0": {"loss": 2.171113967895508}, "1": {"loss": 1.8181319766574435}, "2": {"loss": 1.6541432274712458}, "3": {"loss": 1.0759097205268011}, "4": {"loss": 0.9488618638780382}}