{"0": {"loss": 2.4795421253551138}, "1": {"loss": 1.7545434778386897}, "2": {"loss": 1.4390207637440076}, "3": {"loss": 0.7589193690906871}, "4": {"loss": 0.4779090014371005}}