{"0": {"loss": 3.8081275394984653}, "1": {"loss": 2.309423174176897}, "2": {"loss": 2.18932615007673}, "3": {"loss": 2.2039623260498047}, "4": {"loss": 1.2566607339041573}}