{"0": {"loss": 2.6171463860405817}, "1": {"loss": 1.4401865005493164}, "2": {"loss": 1.1478278901841905}, "3": {"loss": 0.9867436091105143}, "4": {"loss": 0.6493619283040365}}