{"0": {"loss": 2.383009910583496}, "1": {"loss": 1.8163998921712239}, "2": {"loss": 1.4843384424845378}, "3": {"loss": 1.069720983505249}, "4": {"loss": 0.7566501299540201}}