{"0": {"loss": 2.8607391781277127}, "1": {"loss": 2.030558056301541}, "2": {"loss": 1.4819369845920138}, "3": {"loss": 1.203580962287055}, "4": {"loss": 2.0308765835232205}}