{"0": {"loss": 2.8074032176624644}, "1": {"loss": 2.9601294777610083}, "2": {"loss": 1.9326827309348367}, "3": {"loss": 1.4118365374478428}, "4": {"loss": 0.5867880040949042}}