{"0": {"loss": 1.9649103879928589}, "1": {"loss": 2.08754301071167}, "2": {"loss": 1.9423532485961914}, "3": {"loss": 1.5415880680084229}, "4": {"loss": 1.15474534034729}}