{"0": {"loss": 2.4623430252075194}, "1": {"loss": 7.080149841308594}, "2": {"loss": 4.872906875610352}, "3": {"loss": 4.034069061279297}, "4": {"loss": 2.5310815811157226}}