{"0": {"loss": 2.0834574492081352}, "1": {"loss": 1.6519068842348845}, "2": {"loss": 1.7038066698157268}, "3": {"loss": 1.2802634861158289}, "4": {"loss": 2.624211021091627}}