{"0": {"loss": 2.3052938249376087}, "1": {"loss": 1.9440676371256511}, "2": {"loss": 1.4242460462782118}, "3": {"loss": 0.9673706690470377}, "4": {"loss": 0.5225600136650933}}