{"0": {"loss": 2.624379378098708}, "1": {"loss": 1.5172995053804839}, "2": {"loss": 1.0749407548170824}, "3": {"loss": 0.7205704175508939}, "4": {"loss": 0.9085979461669922}}