{"0": {"loss": 2.344205856323242}, "1": {"loss": 1.996990442276001}, "2": {"loss": 2.536585569381714}, "3": {"loss": 2.2635650634765625}, "4": {"loss": 1.4898418188095093}}