{"0": {"loss": 2.309726333618164}, "1": {"loss": 1.8409761428833007}, "2": {"loss": 1.434438419342041}, "3": {"loss": 1.1029770851135254}, "4": {"loss": 0.7682282447814941}}