{"0": {"loss": 3.639524459838867}, "1": {"loss": 2.3898950576782227}, "2": {"loss": 1.290886688232422}, "3": {"loss": 1.4810556411743163}, "4": {"loss": 1.1684000968933106}}