{"0": {"loss": 2.703615461077009}, "1": {"loss": 5.485969543457031}, "2": {"loss": 7.709358578636532}, "3": {"loss": 7.124219621930804}, "4": {"loss": 7.02910650344122}}