{"0": {"loss": 2.2767224311828613}, "1": {"loss": 1.4904042482376099}, "2": {"loss": 1.2248278856277466}, "3": {"loss": 0.8250935673713684}, "4": {"loss": 0.8246285915374756}}