{"0": {"loss": 2.906357628958566}, "1": {"loss": 2.1104510171072826}, "2": {"loss": 1.5696002415248327}, "3": {"loss": 1.2258358001708984}, "4": {"loss": 1.8442889622279577}}