{"0": {"loss": 2.277930919940655}, "1": {"loss": 2.0408477783203125}, "2": {"loss": 1.2767873910757213}, "3": {"loss": 0.8508368272047776}, "4": {"loss": 0.8822664114145132}}