{"0": {"loss": 1.924191157023112}, "1": {"loss": 1.8031938870747883}, "2": {"loss": 2.8802611033121743}, "3": {"loss": 2.794348398844401}, "4": {"loss": 2.2051393191019693}}