{"0": {"loss": 2.4785634994506838}, "1": {"loss": 2.435399055480957}, "2": {"loss": 2.3556461334228516}, "3": {"loss": 2.0948577880859376}, "4": {"loss": 1.8777053833007813}}