{"0": {"loss": 4.139580670525046}, "1": {"loss": 2.219389522776884}, "2": {"loss": 2.1199394674862133}, "3": {"loss": 1.1519510605755974}, "4": {"loss": 1.420983819400563}}