{"0": {"loss": 2.1684263017442493}, "1": {"loss": 2.7179815504286022}, "2": {"loss": 1.702405505710178}, "3": {"loss": 2.7700828976101346}, "4": {"loss": 1.4055877261691623}}