{"0": {"loss": 2.542881965637207}, "1": {"loss": 2.055302619934082}, "2": {"loss": 1.4100414911905925}, "3": {"loss": 1.8244651158650715}, "4": {"loss": 1.0269780953725178}}