{"0": {"loss": 2.252268571120042}, "1": {"loss": 1.8459751422588642}, "2": {"loss": 1.3794678908128004}, "3": {"loss": 0.7164540657630334}, "4": {"loss": 0.7145965282733624}}