{"0": {"loss": 2.6759520636664496}, "1": {"loss": 2.0479789310031467}, "2": {"loss": 1.546602037217882}, "3": {"loss": 1.5085156758626301}, "4": {"loss": 1.0451054043240018}}