{"0": {"loss": 2.3306949322040262}, "1": {"loss": 1.8631439208984375}, "2": {"loss": 1.223088631263146}, "3": {"loss": 1.2008697803203876}, "4": {"loss": 0.7816298558161809}}