{"0": {"loss": 2.089584697376598}, "1": {"loss": 1.8926197398792615}, "2": {"loss": 1.2705326947298916}, "3": {"loss": 1.3652478131380947}, "4": {"loss": 2.308812228116122}}