{"0": {"loss": 2.3315051396687827}, "1": {"loss": 3.0348078409830728}, "2": {"loss": 2.0793161392211914}, "3": {"loss": 1.0450616677602131}, "4": {"loss": 0.6743722756703695}}