{"0": {"loss": 2.218980153401693}, "1": {"loss": 3.6057751973470054}, "2": {"loss": 2.825531323750814}, "3": {"loss": 1.9380181630452473}, "4": {"loss": 1.3808008829752605}}