{"0": {"loss": 2.586210012435913}, "1": {"loss": 2.417299509048462}, "2": {"loss": 1.3793818950653076}, "3": {"loss": 1.172196388244629}, "4": {"loss": 1.3344367742538452}}