{"0": {"loss": 2.2501216301551232}, "1": {"loss": 2.271992023174579}, "2": {"loss": 1.6371122506948619}, "3": {"loss": 1.1505783521212065}, "4": {"loss": 1.1449435307429388}}