{"0": {"loss": 2.560072762625558}, "1": {"loss": 1.9366093590146018}, "2": {"loss": 1.7424321855817522}, "3": {"loss": 2.353387923467727}, "4": {"loss": 0.9631190527053106}}