{"0": {"loss": 2.7123148600260416}, "1": {"loss": 2.693958536783854}, "2": {"loss": 1.9852854410807292}, "3": {"loss": 2.434362538655599}, "4": {"loss": 2.104832967122396}}