{"0": {"loss": 3.187868985262784}, "1": {"loss": 2.3801711689342153}, "2": {"loss": 2.49839956110174}, "3": {"loss": 1.2475927526300603}, "4": {"loss": 1.0983538194136186}}