{"0": {"loss": 2.298556327819824}, "1": {"loss": 1.8792195320129395}, "2": {"loss": 1.7864294052124023}, "3": {"loss": 0.9798658688863119}, "4": {"loss": 1.2019230524698894}}