{"0": {"loss": 2.122500419616699}, "1": {"loss": 1.9055087566375732}, "2": {"loss": 1.0606319904327393}, "3": {"loss": 0.9217009544372559}, "4": {"loss": 0.6221070289611816}}