{"0": {"loss": 2.6250931876046315}, "1": {"loss": 4.0635174342564175}, "2": {"loss": 2.509511947631836}, "3": {"loss": 1.5680773598807198}, "4": {"loss": 2.7374959673200334}}