{"0": {"loss": 2.062490169818585}, "1": {"loss": 1.586764408991887}, "2": {"loss": 1.6041663243220403}, "3": {"loss": 0.7718205085167518}, "4": {"loss": 1.9389852377084584}}