{"0": {"loss": 2.3744351069132485}, "1": {"loss": 3.0134569803873696}, "2": {"loss": 2.388016700744629}, "3": {"loss": 1.71094544728597}, "4": {"loss": 1.704076925913493}}