{"0": {"loss": 2.2733466625213623}, "1": {"loss": 2.2733466625213623}, "2": {"loss": 2.0344936847686768}, "3": {"loss": 1.9948606491088867}, "4": {"loss": 1.433417558670044}}