{"0": {"loss": 4.165077209472656}, "1": {"loss": 3.430265326248972}, "2": {"loss": 2.4781660782663444}, "3": {"loss": 1.705499347887541}, "4": {"loss": 1.5545646265933388}}