{"0": {"loss": 2.8875386714935303}, "1": {"loss": 2.151837110519409}, "2": {"loss": 1.2868297100067139}, "3": {"loss": 0.7932528257369995}, "4": {"loss": 0.5039206743240356}}