{"0": {"loss": 2.268677181667752}, "1": {"loss": 2.0530187818739147}, "2": {"loss": 1.4977347056070964}, "3": {"loss": 1.0727774302164714}, "4": {"loss": 1.4212128321329753}}