{"0": {"loss": 2.606386184692383}, "1": {"loss": 2.2523973253038196}, "2": {"loss": 1.9455496470133464}, "3": {"loss": 1.2909212112426758}, "4": {"loss": 1.7472208870781794}}