{"0": {"loss": 1.8748074769973755}, "1": {"loss": 1.969452142715454}, "2": {"loss": 1.9319286346435547}, "3": {"loss": 2.052351474761963}, "4": {"loss": 1.3975170850753784}}