{"0": {"loss": 2.358396193560432}, "1": {"loss": 1.8587981953340418}, "2": {"loss": 1.3471602271584904}, "3": {"loss": 0.9900560940013212}, "4": {"loss": 1.6133311776553882}}