{"0": {"loss": 2.4097799154428334}, "1": {"loss": 2.025387250460111}, "2": {"loss": 1.5359536684476411}, "3": {"loss": 1.5508202772874098}, "4": {"loss": 1.7145127516526442}}