{"0": {"loss": 2.09757661819458}, "1": {"loss": 2.6436033248901367}, "2": {"loss": 2.346360445022583}, "3": {"loss": 1.9361118078231812}, "4": {"loss": 1.1231520175933838}}