{"0": {"loss": 2.889820671081543}, "1": {"loss": 2.0790695190429687}, "2": {"loss": 2.7420764923095704}, "3": {"loss": 1.6414997100830078}, "4": {"loss": 1.3743134498596192}}