{"0": {"loss": 2.188380650111607}, "1": {"loss": 1.5356779552641369}, "2": {"loss": 1.4201018923804873}, "3": {"loss": 1.033246812366304}, "4": {"loss": 1.683546883719308}}