{"0": {"loss": 2.212689971923828}, "1": {"loss": 4.791048049926758}, "2": {"loss": 3.561268997192383}, "3": {"loss": 1.9418745040893555}, "4": {"loss": 2.011308479309082}}