{"0": {"loss": 4.01323938369751}, "1": {"loss": 2.9314157962799072}, "2": {"loss": 3.2580671310424805}, "3": {"loss": 1.3896437883377075}, "4": {"loss": 1.3379420042037964}}