{"0": {"loss": 2.389649920993381}, "1": {"loss": 3.0634420182969837}, "2": {"loss": 4.017612457275391}, "3": {"loss": 2.615221447414822}, "4": {"loss": 2.544250912136502}}