{"0": {"loss": 2.2319555843577668}, "1": {"loss": 1.7776101056267233}, "2": {"loss": 1.3348331451416016}, "3": {"loss": 1.2174119388355928}, "4": {"loss": 1.736612319946289}}