{"0": {"loss": 2.0339701175689697}, "1": {"loss": 2.0201077461242676}, "2": {"loss": 1.3135510683059692}, "3": {"loss": 1.8292498588562012}, "4": {"loss": 1.1846096515655518}}