{"0": {"loss": 1.9062826368543837}, "1": {"loss": 3.2585235171847873}, "2": {"loss": 2.555989795260959}, "3": {"loss": 1.8141676584879558}, "4": {"loss": 2.2497925228542752}}