{"0": {"loss": 2.1892380714416504}, "1": {"loss": 2.936990737915039}, "2": {"loss": 2.0453248023986816}, "3": {"loss": 1.0485585927963257}, "4": {"loss": 0.8805506229400635}}