{"0": {"loss": 2.2484308878580728}, "1": {"loss": 2.6485860612657337}, "2": {"loss": 5.866537729899089}, "3": {"loss": 8.492220560709635}, "4": {"loss": 0.0}}