{"0": {"loss": 2.184181976318359}, "1": {"loss": 2.028636169433594}, "2": {"loss": 1.3809357643127442}, "3": {"loss": 1.1863697052001954}, "4": {"loss": 0.5830657958984375}}