{"0": {"loss": 2.3322026869829964}, "1": {"loss": 2.0422361037310433}, "2": {"loss": 1.450601241167854}, "3": {"loss": 1.1062376358929802}, "4": {"loss": 1.3640152426326977}}