{"0": {"loss": 2.2864061502309947}, "1": {"loss": 1.7592939230111928}, "2": {"loss": 1.3632293114295373}, "3": {"loss": 1.3795777834378755}, "4": {"loss": 1.8053464155930738}}