{"0": {"loss": 2.1218594142368863}, "1": {"loss": 1.7277799333844865}, "2": {"loss": 1.755805832999093}, "3": {"loss": 1.1781417301722936}, "4": {"loss": 1.0137427193777901}}