{"0": {"loss": 2.56888158697831}, "1": {"loss": 2.2986976221988074}, "2": {"loss": 1.6605115187795538}, "3": {"loss": 1.4968157316509045}, "4": {"loss": 1.627573013305664}}