{"0": {"loss": 2.1600579155815973}, "1": {"loss": 1.636720233493381}, "2": {"loss": 1.1654877132839627}, "3": {"loss": 1.148948351542155}, "4": {"loss": 0.6734314494662814}}