{"0": {"loss": 2.6563294728597007}, "1": {"loss": 4.824721654256185}, "2": {"loss": 4.822418212890625}, "3": {"loss": 2.983112335205078}, "4": {"loss": 2.348783016204834}}