{"0": {"loss": 2.43672858344184}, "1": {"loss": 2.2539925045437283}, "2": {"loss": 1.2909421920776367}, "3": {"loss": 0.9187438752916124}, "4": {"loss": 0.8036783536275228}}