{"0": {"loss": 2.272096550982931}, "1": {"loss": 2.1797307885211445}, "2": {"loss": 2.9600425388502036}, "3": {"loss": 1.449536530867867}, "4": {"loss": 1.3350713149360989}}