{"0": {"loss": 1.9435988664627075}, "1": {"loss": 1.8535776138305664}, "2": {"loss": 2.261653423309326}, "3": {"loss": 2.223978281021118}, "4": {"loss": 1.1794577836990356}}