{"0": {"loss": 2.242365155901228}, "1": {"loss": 1.8791642870221819}, "2": {"loss": 1.3616106850760323}, "3": {"loss": 0.8213316372462681}, "4": {"loss": 0.7030955723353794}}