{"0": {"loss": 2.0062270164489746}, "1": {"loss": 5.432480812072754}, "2": {"loss": 5.808638572692871}, "3": {"loss": 4.0105061531066895}, "4": {"loss": 2.144456624984741}}