{"0": {"loss": 2.407799794123723}, "1": {"loss": 1.9165854820838342}, "2": {"loss": 1.2190091059758112}, "3": {"loss": 0.8543818547175481}, "4": {"loss": 1.6622650439922626}}