{"0": {"loss": 2.7224353154500327}, "1": {"loss": 2.8135321935017905}, "2": {"loss": 2.6462796529134116}, "3": {"loss": 2.4819849332173667}, "4": {"loss": 3.057582219441732}}