{"0": {"loss": 2.651290013239934}, "1": {"loss": 1.9224479381854718}, "2": {"loss": 1.44531616797814}, "3": {"loss": 0.8530638768122747}, "4": {"loss": 0.9919733634361854}}