{"0": {"loss": 2.8927185752175073}, "1": {"loss": 2.2948539040305396}, "2": {"loss": 1.7892227172851562}, "3": {"loss": 2.35750337080522}, "4": {"loss": 3.5049556385387075}}