{"0": {"loss": 2.4756658342149525}, "1": {"loss": 1.600226190355089}, "2": {"loss": 1.0746360354953342}, "3": {"loss": 0.6494834687974718}, "4": {"loss": 0.8834696875678169}}