{"0": {"loss": 2.3841803868611655}, "1": {"loss": 2.389993985493978}, "2": {"loss": 1.9359089533487956}, "3": {"loss": 1.8350575764973958}, "4": {"loss": 0.9214279651641846}}