{"0": {"loss": 2.4929242451985676}, "1": {"loss": 1.6201742808024089}, "2": {"loss": 0.4077932357788086}, "3": {"loss": 0.22621053059895832}, "4": {"loss": 3.074229939778646}}