{"0": {"loss": 2.065108804141774}, "1": {"loss": 2.6541653801413143}, "2": {"loss": 2.0458288753733918}, "3": {"loss": 0.9244864407707664}, "4": {"loss": 0.7474785973044002}}