{"0": {"loss": 2.9002145767211913}, "1": {"loss": 3.320687484741211}, "2": {"loss": 3.683702087402344}, "3": {"loss": 2.1218584060668944}, "4": {"loss": 1.667108154296875}}