{"0": {"loss": 2.8529769352504184}, "1": {"loss": 2.7773361206054688}, "2": {"loss": 4.2188246590750555}, "3": {"loss": 3.16724123273577}, "4": {"loss": 2.093885966709682}}