{"0": {"loss": 2.1329565048217773}, "1": {"loss": 2.1329565048217773}, "2": {"loss": 2.568129301071167}, "3": {"loss": 1.9806792736053467}, "4": {"loss": 1.1396510601043701}}