{"0": {"loss": 2.3260138034820557}, "1": {"loss": 1.694010853767395}, "2": {"loss": 0.9995511174201965}, "3": {"loss": 0.8934253454208374}, "4": {"loss": 0.6440694332122803}}