{"0": {"loss": 2.641343434651693}, "1": {"loss": 4.15303897857666}, "2": {"loss": 4.553529739379883}, "3": {"loss": 2.187307675679525}, "4": {"loss": 1.718805472056071}}