{"0": {"loss": 2.3174650192260744}, "1": {"loss": 2.3150201797485352}, "2": {"loss": 1.5912424087524415}, "3": {"loss": 1.1199655532836914}, "4": {"loss": 3.044666290283203}}