{"0": {"loss": 2.773472785949707}, "1": {"loss": 2.2536861896514893}, "2": {"loss": 1.8365106582641602}, "3": {"loss": 2.4956600666046143}, "4": {"loss": 1.1959410905838013}}