{"0": {"loss": 2.308223342895508}, "1": {"loss": 2.2106252670288087}, "2": {"loss": 1.7593704223632813}, "3": {"loss": 1.0438722610473632}, "4": {"loss": 0.4300823211669922}}