{"0": {"loss": 2.3394302021373403}, "1": {"loss": 3.154440099542791}, "2": {"loss": 2.1869902177290483}, "3": {"loss": 2.0508941303599966}, "4": {"loss": 0.8677509481256659}}