{"0": {"loss": 2.6684417724609375}, "1": {"loss": 2.109362761179606}, "2": {"loss": 1.3493475914001465}, "3": {"loss": 0.995758056640625}, "4": {"loss": 1.7861615816752117}}