{"0": {"loss": 2.2340701710094106}, "1": {"loss": 1.2919165871360085}, "2": {"loss": 1.1815881729125977}, "3": {"loss": 0.7933457114479758}, "4": {"loss": 0.5652267716147683}}