{"0": {"loss": 2.7027678856482873}, "1": {"loss": 2.02764892578125}, "2": {"loss": 1.408917940579928}, "3": {"loss": 1.0641731115487905}, "4": {"loss": 1.7802765186016376}}