{"0": {"loss": 2.1937232384314904}, "1": {"loss": 1.3091093210073619}, "2": {"loss": 0.8733001122107873}, "3": {"loss": 0.7583894729614258}, "4": {"loss": 0.5720717356755183}}