{"0": {"loss": 2.2239592415945872}, "1": {"loss": 4.338264737810407}, "2": {"loss": 1.8523619515555245}, "3": {"loss": 1.5435316903250558}, "4": {"loss": 1.4571941920689173}}