{"0": {"loss": 2.8803164742209693}, "1": {"loss": 2.0124940005215732}, "2": {"loss": 1.650291616266424}, "3": {"loss": 1.2907120964743874}, "4": {"loss": 0.8767249367453835}}