{"0": {"loss": 2.1919775009155273}, "1": {"loss": 1.6931432723999023}, "2": {"loss": 1.1529887199401856}, "3": {"loss": 0.9325891494750976}, "4": {"loss": 1.193334197998047}}