{"0": {"loss": 2.936311721801758}, "1": {"loss": 3.082205136617025}, "2": {"loss": 1.5171268781026204}, "3": {"loss": 0.9939366181691488}, "4": {"loss": 0.6226590474446615}}