{"0": {"loss": 2.1552929878234863}, "1": {"loss": 1.4798400402069092}, "2": {"loss": 1.3240431547164917}, "3": {"loss": 1.4118517637252808}, "4": {"loss": 0.8710311651229858}}