{"0": {"loss": 2.427062749862671}, "1": {"loss": 2.1329591274261475}, "2": {"loss": 2.4419097900390625}, "3": {"loss": 2.4443836212158203}, "4": {"loss": 2.140860080718994}}