{"0": {"loss": 3.8442296981811523}, "1": {"loss": 2.8590272267659507}, "2": {"loss": 1.8529899915059407}, "3": {"loss": 1.0720302263895671}, "4": {"loss": 0.6833843390146891}}