{"0": {"loss": 1.9474463992648654}, "1": {"loss": 1.447007073296441}, "2": {"loss": 1.0043659210205078}, "3": {"loss": 0.8754582934909396}, "4": {"loss": 0.540707164340549}}