{"0": {"loss": 2.0691810607910157}, "1": {"loss": 1.8296480178833008}, "2": {"loss": 1.8322546005249023}, "3": {"loss": 1.732215118408203}, "4": {"loss": 0.8302245140075684}}