{"0": {"loss": 3.6124107837677}, "1": {"loss": 3.6124107837677}, "2": {"loss": 3.6124107837677}, "3": {"loss": 5.400967597961426}, "4": {"loss": 5.39893102645874}}