{"0": {"loss": 2.269110107421875}, "1": {"loss": 2.932055854797363}, "2": {"loss": 1.8314950942993165}, "3": {"loss": 1.313237190246582}, "4": {"loss": 1.59631290435791}}