{"0": {"loss": 2.2164952414376393}, "1": {"loss": 1.7472487858363561}, "2": {"loss": 1.6748668125697546}, "3": {"loss": 0.9195856366838727}, "4": {"loss": 2.6141084943498885}}