{"0": {"loss": 2.4690096378326416}, "1": {"loss": 2.4690096378326416}, "2": {"loss": 2.4690096378326416}, "3": {"loss": 1.660682201385498}, "4": {"loss": 1.6421027183532715}}