{"0": {"loss": 2.17348879859561}, "1": {"loss": 1.6434952872140067}, "2": {"loss": 2.7466283525739397}, "3": {"loss": 1.9899092174711681}, "4": {"loss": 2.1727892557779946}}