{"0": {"loss": 2.57741455804734}, "1": {"loss": 1.7725190662202381}, "2": {"loss": 1.9642437526157923}, "3": {"loss": 1.5158180055164157}, "4": {"loss": 1.2295576731363933}}