{"0": {"loss": 2.241423662971048}, "1": {"loss": 2.4513893127441406}, "2": {"loss": 1.3763008117675781}, "3": {"loss": 1.6568112092859604}, "4": {"loss": 1.8355053172392004}}