{"0": {"loss": 2.7927771175608918}, "1": {"loss": 1.9499504986931295}, "2": {"loss": 1.4677477443919462}, "3": {"loss": 1.3277182859532974}, "4": {"loss": 1.2918743806726791}}