{"0": {"loss": 2.8085200786590576}, "1": {"loss": 2.8085200786590576}, "2": {"loss": 1.9247421026229858}, "3": {"loss": 1.9304667711257935}, "4": {"loss": 1.4919570684432983}}