{"0": {"loss": 2.164947216327374}, "1": {"loss": 2.1359674013577976}, "2": {"loss": 1.6572947868934045}, "3": {"loss": 1.188332777756911}, "4": {"loss": 1.0017133125892053}}