{"0": {"loss": 2.2942147254943848}, "1": {"loss": 1.9990112781524658}, "2": {"loss": 1.6248823404312134}, "3": {"loss": 1.6248708963394165}, "4": {"loss": 1.4473800659179688}}