{"0": {"loss": 2.617241859436035}, "1": {"loss": 1.7477261225382488}, "2": {"loss": 1.0832231044769287}, "3": {"loss": 0.6197678248087565}, "4": {"loss": 0.5587342182795206}}