{"0": {"loss": 2.2879221062911186}, "1": {"loss": 1.9734703867059005}, "2": {"loss": 1.7482076946057772}, "3": {"loss": 0.9275109140496505}, "4": {"loss": 1.0656366850200452}}