{"0": {"loss": 2.2302069664001465}, "1": {"loss": 1.9645752906799316}, "2": {"loss": 1.3700607617696126}, "3": {"loss": 1.1029709180196126}, "4": {"loss": 1.0665263334910076}}