{"0": {"loss": 2.2040318383110895}, "1": {"loss": 1.829499774509006}, "2": {"loss": 1.1986409293280706}, "3": {"loss": 0.863546159532335}, "4": {"loss": 1.0829641554090712}}