{"0": {"loss": 2.05937131245931}, "1": {"loss": 3.786158879597982}, "2": {"loss": 3.792064666748047}, "3": {"loss": 2.237717310587565}, "4": {"loss": 1.5865440368652344}}