{"0": {"loss": 2.297823819247159}, "1": {"loss": 1.584794131192294}, "2": {"loss": 1.2632814754139294}, "3": {"loss": 0.6223284981467507}, "4": {"loss": 0.5377532352100719}}