{"0": {"loss": 2.969453599717882}, "1": {"loss": 2.457263946533203}, "2": {"loss": 1.4245577918158636}, "3": {"loss": 0.8848718537224664}, "4": {"loss": 0.5894238683912489}}