{"0": {"loss": 2.225522518157959}, "1": {"loss": 2.225522518157959}, "2": {"loss": 2.294248342514038}, "3": {"loss": 3.519867420196533}, "4": {"loss": 3.5292367935180664}}