{"0": {"loss": 2.469327211380005}, "1": {"loss": 2.239495277404785}, "2": {"loss": 2.4812302589416504}, "3": {"loss": 1.607028841972351}, "4": {"loss": 1.057232141494751}}