{"0": {"loss": 2.1859666733514693}, "1": {"loss": 2.0560725984119235}, "2": {"loss": 2.034837086995443}, "3": {"loss": 1.2926595778692336}, "4": {"loss": 1.2956619262695312}}