{"0": {"loss": 2.081737836201986}, "1": {"loss": 4.412939071655273}, "2": {"loss": 3.3467909495035806}, "3": {"loss": 1.922000249226888}, "4": {"loss": 1.4020757675170898}}