{"0": {"loss": 2.37193769567153}, "1": {"loss": 4.396091685575597}, "2": {"loss": 2.065387950224035}, "3": {"loss": 2.227891809800092}, "4": {"loss": 1.8038615058450138}}