{"0": {"loss": 3.1299166679382324}, "1": {"loss": 2.1663198471069336}, "2": {"loss": 1.3484076261520386}, "3": {"loss": 1.1167809963226318}, "4": {"loss": 0.6163476705551147}}