{"0": {"loss": 2.1327989366319446}, "1": {"loss": 3.408307817247179}, "2": {"loss": 2.7578919728597007}, "3": {"loss": 3.5054783291286893}, "4": {"loss": 2.581842210557726}}