{"0": {"loss": 2.020486831665039}, "1": {"loss": 3.1571922302246094}, "2": {"loss": 2.0652711391448975}, "3": {"loss": 2.456881046295166}, "4": {"loss": 1.8159836530685425}}