{"0": {"loss": 2.8372341791788735}, "1": {"loss": 2.308866818745931}, "2": {"loss": 1.529117743174235}, "3": {"loss": 0.9257042407989502}, "4": {"loss": 0.7169277667999268}}