{"0": {"loss": 2.3920653206961497}, "1": {"loss": 1.413344247000558}, "2": {"loss": 1.4512183779761905}, "3": {"loss": 1.665601821172805}, "4": {"loss": 1.289074489048549}}