{"0": {"loss": 2.5435829162597656}, "1": {"loss": 3.1864840984344482}, "2": {"loss": 1.963131070137024}, "3": {"loss": 1.0929679870605469}, "4": {"loss": 0.687201738357544}}