{"0": {"loss": 2.1617514292399087}, "1": {"loss": 2.1473602718777127}, "2": {"loss": 1.8754829830593533}, "3": {"loss": 1.5421808030870225}, "4": {"loss": 1.605735460917155}}