{"0": {"loss": 2.6165798732212613}, "1": {"loss": 2.4149532318115234}, "2": {"loss": 1.3748885563441686}, "3": {"loss": 0.9910796710423061}, "4": {"loss": 0.5726165771484375}}