{"0": {"loss": 1.7830376625061035}, "1": {"loss": 5.4257551829020185}, "2": {"loss": 5.223267237345378}, "3": {"loss": 1.770274003346761}, "4": {"loss": 2.3314005533854165}}