{"0": {"loss": 2.206939697265625}, "1": {"loss": 1.8419541751637178}, "2": {"loss": 1.8880168690400965}, "3": {"loss": 1.4666925318100874}, "4": {"loss": 0.7640499788172105}}