{"0": {"loss": 3.496923065185547}, "1": {"loss": 6.138354873657226}, "2": {"loss": 8.027608489990234}, "3": {"loss": 4.15814094543457}, "4": {"loss": 2.605152893066406}}