{"0": {"loss": 2.215238571166992}, "1": {"loss": 2.215238571166992}, "2": {"loss": 4.849522590637207}, "3": {"loss": 6.0537285804748535}, "4": {"loss": 3.2148547172546387}}