{"0": {"loss": 2.869658660888672}, "1": {"loss": 2.302860450744629}, "2": {"loss": 2.046957778930664}, "3": {"loss": 1.648870086669922}, "4": {"loss": 1.127023410797119}}