{"0": {"loss": 2.3157922571355645}, "1": {"loss": 2.104322086681019}, "2": {"loss": 1.4929048364812678}, "3": {"loss": 1.438176068392667}, "4": {"loss": 1.0181487690318713}}