{"0": {"loss": 2.5521957874298096}, "1": {"loss": 3.0695321559906006}, "2": {"loss": 2.5701231956481934}, "3": {"loss": 1.7396081686019897}, "4": {"loss": 1.1189244985580444}}