{"0": {"loss": 2.5825932025909424}, "1": {"loss": 2.522254467010498}, "2": {"loss": 2.396620750427246}, "3": {"loss": 1.4396932125091553}, "4": {"loss": 1.5429832935333252}}