{"0": {"loss": 2.122076988220215}, "1": {"loss": 2.0025180180867515}, "2": {"loss": 1.905788739522298}, "3": {"loss": 2.1577598253885903}, "4": {"loss": 1.9418492317199707}}