{"0": {"loss": 1.9911282062530518}, "1": {"loss": 3.6293463706970215}, "2": {"loss": 3.253936290740967}, "3": {"loss": 3.1321218013763428}, "4": {"loss": 3.863264560699463}}