{"0": {"loss": 2.17056827545166}, "1": {"loss": 2.19262580871582}, "2": {"loss": 2.2544528961181642}, "3": {"loss": 1.074233627319336}, "4": {"loss": 1.1329620361328125}}