{"0": {"loss": 2.150924319312686}, "1": {"loss": 1.7912472316196986}, "2": {"loss": 1.3526863824753534}, "3": {"loss": 1.2280799320765905}, "4": {"loss": 2.7631775992257253}}