{"0": {"loss": 2.3016078948974608}, "1": {"loss": 2.2087074279785157}, "2": {"loss": 2.5785545349121093}, "3": {"loss": 1.4511394500732422}, "4": {"loss": 0.9559477806091309}}