{"0": {"loss": 2.286535453796387}, "1": {"loss": 2.1808139801025392}, "2": {"loss": 1.8791322708129883}, "3": {"loss": 1.3829605102539062}, "4": {"loss": 2.338376045227051}}