{"0": {"loss": 2.5316064622667103}, "1": {"loss": 2.476538976033529}, "2": {"loss": 1.7638573116726346}, "3": {"loss": 1.4388275146484375}, "4": {"loss": 1.169655270046658}}