{"0": {"loss": 2.6399413214789496}, "1": {"loss": 3.9394378662109375}, "2": {"loss": 1.9295883178710938}, "3": {"loss": 1.0774738523695204}, "4": {"loss": 0.9221390618218316}}