{"0": {"loss": 2.48539400100708}, "1": {"loss": 1.9750854174296062}, "2": {"loss": 1.403795560201009}, "3": {"loss": 2.364848772684733}, "4": {"loss": 1.3949594497680664}}