{"0": {"loss": 2.6454260452933935}, "1": {"loss": 1.6246561796768852}, "2": {"loss": 1.6671053015667459}, "3": {"loss": 2.681311897609545}, "4": {"loss": 1.5713106238323709}}