{"0": {"loss": 2.1867677900526257}, "1": {"loss": 1.9747477637396917}, "2": {"loss": 1.2791714138454862}, "3": {"loss": 0.9942523108588325}, "4": {"loss": 0.9070959091186523}}