{"0": {"loss": 2.5364286422729494}, "1": {"loss": 2.337457275390625}, "2": {"loss": 2.0692813873291014}, "3": {"loss": 3.502773666381836}, "4": {"loss": 1.7510629653930665}}