{"0": {"loss": 2.146237918308803}, "1": {"loss": 1.8831202643258231}, "2": {"loss": 1.4406087057931083}, "3": {"loss": 1.3467091151646204}, "4": {"loss": 0.8504172733851841}}