{"0": {"loss": 2.429674530029297}, "1": {"loss": 2.442830276489258}, "2": {"loss": 1.9503438949584961}, "3": {"loss": 0.9016223907470703}, "4": {"loss": 0.3580723762512207}}