{"0": {"loss": 2.4886873245239256}, "1": {"loss": 5.114860916137696}, "2": {"loss": 6.396307373046875}, "3": {"loss": 5.029880142211914}, "4": {"loss": 3.6541297912597654}}