{"0": {"loss": 2.143985346743935}, "1": {"loss": 2.1884271722090873}, "2": {"loss": 1.798799012836657}, "3": {"loss": 2.245920080887644}, "4": {"loss": 1.3411568089535362}}