{"0": {"loss": 2.2631547927856444}, "1": {"loss": 2.2050508499145507}, "2": {"loss": 1.562059211730957}, "3": {"loss": 1.28515682220459}, "4": {"loss": 2.0560480117797852}}