{"0": {"loss": 2.2137908935546875}, "1": {"loss": 1.8082004893909802}, "2": {"loss": 1.5536800731312146}, "3": {"loss": 1.06391733342951}, "4": {"loss": 1.2372973181984641}}