{"0": {"loss": 2.6065155376087534}, "1": {"loss": 3.0083514126864346}, "2": {"loss": 1.7481592351740056}, "3": {"loss": 1.3624096783724697}, "4": {"loss": 1.0819395238702947}}