{"0": {"loss": 2.8569250106811523}, "1": {"loss": 3.456679026285807}, "2": {"loss": 3.3376032511393228}, "3": {"loss": 3.702641487121582}, "4": {"loss": 3.3142916361490884}}