{"0": {"loss": 2.5431409563337053}, "1": {"loss": 2.258158184233166}, "2": {"loss": 1.7271481468563987}, "3": {"loss": 1.4279498145693825}, "4": {"loss": 0.9543133690243676}}