{"0": {"loss": 2.1364833286830356}, "1": {"loss": 2.55267824445452}, "2": {"loss": 2.1181156975882396}, "3": {"loss": 1.1443477358136858}, "4": {"loss": 1.7491494587489538}}