{"0": {"loss": 2.9196664810180666}, "1": {"loss": 2.156703567504883}, "2": {"loss": 1.592251968383789}, "3": {"loss": 0.9865959167480469}, "4": {"loss": 2.50659294128418}}