{"0": {"loss": 3.454225540161133}, "1": {"loss": 2.2614352703094482}, "2": {"loss": 1.3516415357589722}, "3": {"loss": 1.0329854488372803}, "4": {"loss": 1.2189983129501343}}