{"0": {"loss": 2.211627130923064}, "1": {"loss": 2.093266031016474}, "2": {"loss": 2.0160754659901494}, "3": {"loss": 1.3620145217232082}, "4": {"loss": 1.3429097714631453}}