{"0": {"loss": 2.4937734603881836}, "1": {"loss": 2.0211437543233237}, "2": {"loss": 1.3417345682779949}, "3": {"loss": 1.5819470087687175}, "4": {"loss": 1.1164530118306477}}