{"0": {"loss": 2.3783721923828125}, "1": {"loss": 2.1920113563537598}, "2": {"loss": 1.4149609804153442}, "3": {"loss": 1.419603705406189}, "4": {"loss": 1.632769227027893}}