{"0": {"loss": 2.473832448323568}, "1": {"loss": 1.7634333504570856}, "2": {"loss": 1.2292419009738498}, "3": {"loss": 1.059980074564616}, "4": {"loss": 1.476082483927409}}