{"0": {"loss": 2.1084461212158203}, "1": {"loss": 1.9368306398391724}, "2": {"loss": 1.126325011253357}, "3": {"loss": 1.3370904922485352}, "4": {"loss": 0.5971276760101318}}