{"0": {"loss": 2.3237774061120073}, "1": {"loss": 2.110605986221977}, "2": {"loss": 2.1051234369692593}, "3": {"loss": 1.268292302670686}, "4": {"loss": 0.9295034823210343}}