{"0": {"loss": 2.2605695724487305}, "1": {"loss": 1.7504483461380005}, "2": {"loss": 1.3150835037231445}, "3": {"loss": 1.3430874347686768}, "4": {"loss": 2.075897693634033}}