{"0": {"loss": 2.614699363708496}, "1": {"loss": 2.7510139465332033}, "2": {"loss": 1.4976384162902832}, "3": {"loss": 1.3077505111694336}, "4": {"loss": 1.2414341926574708}}