{"0": {"loss": 2.6454859646883877}, "1": {"loss": 2.2858368266712534}, "2": {"loss": 2.6177118474786933}, "3": {"loss": 1.3341143348000266}, "4": {"loss": 1.1883543187921697}}