{"0": {"loss": 2.3080220222473145}, "1": {"loss": 1.9723585844039917}, "2": {"loss": 2.0942142009735107}, "3": {"loss": 1.4398257732391357}, "4": {"loss": 0.7628673315048218}}