{"0": {"loss": 2.2148451805114746}, "1": {"loss": 2.019017060597738}, "2": {"loss": 2.062812169392904}, "3": {"loss": 2.4154340426127114}, "4": {"loss": 2.2651114463806152}}