{"0": {"loss": 2.6775076389312744}, "1": {"loss": 3.4042651653289795}, "2": {"loss": 2.096313714981079}, "3": {"loss": 1.1228187084197998}, "4": {"loss": 1.1710095405578613}}