{"0": {"loss": 2.280283737182617}, "1": {"loss": 2.6730880737304688}, "2": {"loss": 2.3956588745117187}, "3": {"loss": 2.2721630096435548}, "4": {"loss": 1.5687097549438476}}