{"0": {"loss": 2.6210182853367017}, "1": {"loss": 1.6732676962147588}, "2": {"loss": 2.0703038754670517}, "3": {"loss": 1.2902328657067341}, "4": {"loss": 1.705531410548998}}