{"0": {"loss": 2.833371877670288}, "1": {"loss": 2.097294807434082}, "2": {"loss": 1.4750224351882935}, "3": {"loss": 1.9428479671478271}, "4": {"loss": 1.9011001586914062}}