{"0": {"loss": 2.2040953636169434}, "1": {"loss": 2.0701451301574707}, "2": {"loss": 1.361437201499939}, "3": {"loss": 1.763382911682129}, "4": {"loss": 2.7458152770996094}}