{"0": {"loss": 2.0622432106419613}, "1": {"loss": 1.8545941804584705}, "2": {"loss": 1.431679876227128}, "3": {"loss": 0.969501394974558}, "4": {"loss": 1.710559041876542}}