{"0": {"loss": 2.3077457134540262}, "1": {"loss": 1.8209056854248047}, "2": {"loss": 1.4847291799692006}, "3": {"loss": 1.0679425459641676}, "4": {"loss": 0.9904352334829477}}