{"0": {"loss": 2.564454685557972}, "1": {"loss": 1.4978707053444602}, "2": {"loss": 1.162044351751154}, "3": {"loss": 0.698533751747825}, "4": {"loss": 0.643312540921298}}