{"0": {"loss": 2.6821945190429686}, "1": {"loss": 2.610451889038086}, "2": {"loss": 2.258340072631836}, "3": {"loss": 2.280984878540039}, "4": {"loss": 1.5770551681518554}}