{"0": {"loss": 2.1882021767752513}, "1": {"loss": 2.196507590157645}, "2": {"loss": 2.30596923828125}, "3": {"loss": 1.2961902618408203}, "4": {"loss": 0.8294042859758649}}