{"0": {"loss": 2.842945098876953}, "1": {"loss": 2.0876665115356445}, "2": {"loss": 1.1839245955149333}, "3": {"loss": 0.5421832402547201}, "4": {"loss": 1.757179896036784}}