{"0": {"loss": 2.2041252681187222}, "1": {"loss": 2.0372893469674245}, "2": {"loss": 2.8949497767857144}, "3": {"loss": 1.898543221609933}, "4": {"loss": 0.628385066986084}}