{"0": {"loss": 2.309838431222098}, "1": {"loss": 1.5536772864205497}, "2": {"loss": 0.9781097003391811}, "3": {"loss": 0.7808574267796108}, "4": {"loss": 0.5551798003060477}}