{"0": {"loss": 2.67671993800572}, "1": {"loss": 1.873605728149414}, "2": {"loss": 1.5226049423217773}, "3": {"loss": 6.759139469691685}, "4": {"loss": 3.8695861271449496}}