{"0": {"loss": 3.12091625438017}, "1": {"loss": 3.953072940602022}, "2": {"loss": 3.3974883135627296}, "3": {"loss": 2.8233669505399814}, "4": {"loss": 1.8152603822595932}}