{"0": {"loss": 1.9327531814575196}, "1": {"loss": 1.837785530090332}, "2": {"loss": 1.339217758178711}, "3": {"loss": 0.8830224990844726}, "4": {"loss": 1.1619200706481934}}