{"0": {"loss": 2.6600606706407337}, "1": {"loss": 2.0500331454806857}, "2": {"loss": 1.4421993891398113}, "3": {"loss": 1.2259573406643338}, "4": {"loss": 1.7296054628160265}}