{"0": {"loss": 2.0983430689031426}, "1": {"loss": 2.6912952769886362}, "2": {"loss": 1.5041975541548296}, "3": {"loss": 1.165623578158292}, "4": {"loss": 1.5237998962402344}}