{"0": {"loss": 2.49320912361145}, "1": {"loss": 3.0842490196228027}, "2": {"loss": 3.4059536457061768}, "3": {"loss": 4.2483320236206055}, "4": {"loss": 2.0255608558654785}}