{"0": {"loss": 2.1863377888997397}, "1": {"loss": 1.6477409998575847}, "2": {"loss": 1.0540167490641277}, "3": {"loss": 1.654047966003418}, "4": {"loss": 1.1857985655466716}}