{"0": {"loss": 2.8144612312316895}, "1": {"loss": 3.2849438190460205}, "2": {"loss": 2.471096992492676}, "3": {"loss": 2.0173916816711426}, "4": {"loss": 2.370276927947998}}