{"0": {"loss": 2.6596179008483887}, "1": {"loss": 2.442824363708496}, "2": {"loss": 2.025160551071167}, "3": {"loss": 2.7634127140045166}, "4": {"loss": 2.4564738273620605}}