{"0": {"loss": 2.1641151110331216}, "1": {"loss": 1.822383721669515}, "2": {"loss": 1.0079778830210369}, "3": {"loss": 0.5678868293762207}, "4": {"loss": 0.6446524063746134}}