{"0": {"loss": 2.7744910296271827}, "1": {"loss": 1.896769355325138}, "2": {"loss": 2.031029869528378}, "3": {"loss": 1.1097247179816752}, "4": {"loss": 0.5378651338465074}}