{"0": {"loss": 2.1998157501220703}, "1": {"loss": 2.21020868089464}, "2": {"loss": 2.0310630798339844}, "3": {"loss": 1.375035285949707}, "4": {"loss": 0.815162181854248}}