{"0": {"loss": 2.251549312046596}, "1": {"loss": 2.1565764290945872}, "2": {"loss": 1.5223512649536133}, "3": {"loss": 0.8774747167314801}, "4": {"loss": 1.076730183192662}}