{"0": {"loss": 2.1306503295898436}, "1": {"loss": 2.550210952758789}, "2": {"loss": 2.441163444519043}, "3": {"loss": 1.8893951416015624}, "4": {"loss": 1.8026174545288085}}