{"0": {"loss": 2.155791759490967}, "1": {"loss": 2.1609315872192383}, "2": {"loss": 3.367496967315674}, "3": {"loss": 2.1912448406219482}, "4": {"loss": 2.1487250328063965}}