{"0": {"loss": 2.1945581436157227}, "1": {"loss": 5.7329864501953125}, "2": {"loss": 3.188878059387207}, "3": {"loss": 3.64744234085083}, "4": {"loss": 9.262466430664062}}