{"0": {"loss": 2.4446303957984563}, "1": {"loss": 1.9572677612304688}, "2": {"loss": 2.300590151832217}, "3": {"loss": 1.2649598802839006}, "4": {"loss": 1.154853003365653}}