{"0": {"loss": 2.676103674847147}, "1": {"loss": 1.960990739905316}, "2": {"loss": 1.2622778519340183}, "3": {"loss": 1.0094119362209155}, "4": {"loss": 1.5974422952403193}}