{"0": {"loss": 1.7150402069091797}, "1": {"loss": 1.7007545232772827}, "2": {"loss": 1.5677099227905273}, "3": {"loss": 1.174757719039917}, "4": {"loss": 1.0963300466537476}}