{"0": {"loss": 2.548669294877486}, "1": {"loss": 2.054313833063299}, "2": {"loss": 1.4489595239812678}, "3": {"loss": 0.9523083946921609}, "4": {"loss": 0.7418523268266157}}