{"0": {"loss": 3.1947078704833984}, "1": {"loss": 2.23251097542899}, "2": {"loss": 1.6177076612200056}, "3": {"loss": 0.9435706819806781}, "4": {"loss": 1.3299292155674525}}