{"0": {"loss": 3.3950634002685547}, "1": {"loss": 2.330616569519043}, "2": {"loss": 2.198320770263672}, "3": {"loss": 4.1497032165527346}, "4": {"loss": 3.4585342407226562}}