{"0": {"loss": 2.3680179595947264}, "1": {"loss": 2.2612829208374023}, "2": {"loss": 1.2649023056030273}, "3": {"loss": 0.61300048828125}, "4": {"loss": 0.5599717617034912}}