{"0": {"loss": 2.8365606307983398}, "1": {"loss": 2.4770450592041016}, "2": {"loss": 1.8528907775878907}, "3": {"loss": 1.620664405822754}, "4": {"loss": 1.1753226280212403}}