{"0": {"loss": 2.5088185397061435}, "1": {"loss": 2.062681544910778}, "2": {"loss": 1.768847032026811}, "3": {"loss": 1.068955508145419}, "4": {"loss": 0.7323537306352095}}