{"0": {"loss": 2.246645927429199}, "1": {"loss": 3.198014577229818}, "2": {"loss": 2.0950118700663247}, "3": {"loss": 1.1100505987803142}, "4": {"loss": 0.7168611685434977}}