{"0": {"loss": 2.003119468688965}, "1": {"loss": 1.5647443135579426}, "2": {"loss": 1.0530053774515789}, "3": {"loss": 4.26965872446696}, "4": {"loss": 5.411994298299153}}