{"0": {"loss": 2.069448232650757}, "1": {"loss": 1.86771821975708}, "2": {"loss": 1.227149248123169}, "3": {"loss": 1.5791679620742798}, "4": {"loss": 1.2406690120697021}}