{"0": {"loss": 2.183706110174006}, "1": {"loss": 1.8214492797851562}, "2": {"loss": 1.586537621238015}, "3": {"loss": 0.9266606244173917}, "4": {"loss": 0.5517854690551758}}