{"0": {"loss": 2.474999491373698}, "1": {"loss": 1.8194451649983725}, "2": {"loss": 1.5098347981770834}, "3": {"loss": 1.5904678344726562}, "4": {"loss": 1.3258819580078125}}