{"0": {"loss": 2.366687202453613}, "1": {"loss": 2.177399253845215}, "2": {"loss": 2.0850095748901367}, "3": {"loss": 2.0267282485961915}, "4": {"loss": 0.9905105590820312}}