{"0": {"loss": 2.0721107482910157}, "1": {"loss": 2.1827917098999023}, "2": {"loss": 2.1007768630981447}, "3": {"loss": 1.6744823455810547}, "4": {"loss": 2.597629928588867}}