{"0": {"loss": 2.311701774597168}, "1": {"loss": 2.3653578758239746}, "2": {"loss": 2.0603878498077393}, "3": {"loss": 2.0495734214782715}, "4": {"loss": 2.6098313331604004}}