{"0": {"loss": 2.4754891395568848}, "1": {"loss": 2.4754891395568848}, "2": {"loss": 4.177167892456055}, "3": {"loss": 3.27581787109375}, "4": {"loss": 2.4890806674957275}}