{"0": {"loss": 2.210740089416504}, "1": {"loss": 2.432860533396403}, "2": {"loss": 2.5942489306131997}, "3": {"loss": 1.3418386777242024}, "4": {"loss": 0.9223737716674805}}