{"0": {"loss": 2.4984543209984187}, "1": {"loss": 1.9621162414550781}, "2": {"loss": 1.2793495541527158}, "3": {"loss": 1.2458738599504744}, "4": {"loss": 0.6925841740199498}}