{"0": {"loss": 2.1141530817205254}, "1": {"loss": 1.7563473094593396}, "2": {"loss": 1.4405487233942205}, "3": {"loss": 1.2300969904119319}, "4": {"loss": 0.7348752455277876}}