{"0": {"loss": 2.267100524902344}, "1": {"loss": 2.2540637969970705}, "2": {"loss": 1.578396987915039}, "3": {"loss": 1.227683162689209}, "4": {"loss": 0.9406968116760254}}