{"0": {"loss": 2.660479409354074}, "1": {"loss": 1.9058170318603516}, "2": {"loss": 1.183478764125279}, "3": {"loss": 0.8890660149710519}, "4": {"loss": 0.5625011920928955}}