{"0": {"loss": 2.936882734298706}, "1": {"loss": 6.088404655456543}, "2": {"loss": 1.923836350440979}, "3": {"loss": 1.0864133834838867}, "4": {"loss": 0.7544041275978088}}