{"0": {"loss": 2.588026762008667}, "1": {"loss": 1.7026546001434326}, "2": {"loss": 3.674835205078125}, "3": {"loss": 2.8541083335876465}, "4": {"loss": 1.6131542921066284}}