{"0": {"loss": 2.3724248976934526}, "1": {"loss": 1.826722644624256}, "2": {"loss": 1.7329012552897136}, "3": {"loss": 0.9807632991245815}, "4": {"loss": 1.2830518995012556}}