{"0": {"loss": 2.0106112162272134}, "1": {"loss": 2.0566719902886286}, "2": {"loss": 1.3853321075439453}, "3": {"loss": 1.1140142016940646}, "4": {"loss": 1.7486719555324979}}