{"0": {"loss": 2.599936076572963}, "1": {"loss": 1.957874025617327}, "2": {"loss": 1.2108738762991769}, "3": {"loss": 0.9855037416730609}, "4": {"loss": 1.3492888041904993}}