{"0": {"loss": 2.2018442153930664}, "1": {"loss": 5.211540857950847}, "2": {"loss": 5.701575597127278}, "3": {"loss": 5.2292741139729815}, "4": {"loss": 3.349344253540039}}