{"0": {"loss": 2.1152165276663646}, "1": {"loss": 1.9036644526890345}, "2": {"loss": 1.895756721496582}, "3": {"loss": 1.1702919006347656}, "4": {"loss": 0.7556665965488979}}