{"0": {"loss": 2.20172061920166}, "1": {"loss": 2.6178306579589843}, "2": {"loss": 1.3214761734008789}, "3": {"loss": 1.8779743194580079}, "4": {"loss": 1.4018895149230957}}