{"0": {"loss": 2.1782023906707764}, "1": {"loss": 2.4983344078063965}, "2": {"loss": 2.0838747024536133}, "3": {"loss": 0.8302185535430908}, "4": {"loss": 0.6394187211990356}}