{"0": {"loss": 2.558306087147106}, "1": {"loss": 1.6672581759366123}, "2": {"loss": 1.1111418117176404}, "3": {"loss": 0.700839562849565}, "4": {"loss": 0.6172594157132235}}