{"0": {"loss": 2.180737631661551}, "1": {"loss": 1.4914379119873047}, "2": {"loss": 1.0826954614548456}, "3": {"loss": 0.7666165488106864}, "4": {"loss": 0.6776457287016369}}