{"0": {"loss": 2.515175628662109}, "1": {"loss": 2.0656864166259767}, "2": {"loss": 1.3746149063110351}, "3": {"loss": 1.2795708656311036}, "4": {"loss": 1.4059781074523925}}