{"0": {"loss": 2.2067066192626954}, "1": {"loss": 3.3196479797363283}, "2": {"loss": 2.231768035888672}, "3": {"loss": 1.76190242767334}, "4": {"loss": 3.147797775268555}}