{"0": {"loss": 2.101865431841682}, "1": {"loss": 2.236323637120864}, "2": {"loss": 1.9313594593721277}, "3": {"loss": 1.4724018994499655}, "4": {"loss": 1.1400139752556295}}