{"0": {"loss": 2.263055419921875}, "1": {"loss": 1.6300434112548827}, "2": {"loss": 1.6865997314453125}, "3": {"loss": 1.366231346130371}, "4": {"loss": 1.127415370941162}}