{"0": {"loss": 2.1402391706194197}, "1": {"loss": 1.6314177740187872}, "2": {"loss": 1.513349351428804}, "3": {"loss": 0.7823941367013114}, "4": {"loss": 1.0907423836844308}}