{"0": {"loss": 2.6464083194732666}, "1": {"loss": 2.6464083194732666}, "2": {"loss": 2.5982956886291504}, "3": {"loss": 1.4377691745758057}, "4": {"loss": 1.2849245071411133}}