{"0": {"loss": 2.206450271606445}, "1": {"loss": 3.866145706176758}, "2": {"loss": 2.7613725662231445}, "3": {"loss": 2.5113258361816406}, "4": {"loss": 1.3311446189880372}}