{"0": {"loss": 2.8263704776763916}, "1": {"loss": 1.7729825973510742}, "2": {"loss": 1.6498677730560303}, "3": {"loss": 1.6579983234405518}, "4": {"loss": 1.601047396659851}}