{"0": {"loss": 2.4871753056844077}, "1": {"loss": 2.4098984400431314}, "2": {"loss": 1.8874098459879558}, "3": {"loss": 1.358168125152588}, "4": {"loss": 0.9276590347290039}}