{"0": {"loss": 2.7192557198660716}, "1": {"loss": 2.662613732474191}, "2": {"loss": 2.346118927001953}, "3": {"loss": 1.8170302254813058}, "4": {"loss": 1.25925840650286}}