{"0": {"loss": 2.3866771697998046}, "1": {"loss": 2.095342254638672}, "2": {"loss": 3.130273628234863}, "3": {"loss": 1.2819328308105469}, "4": {"loss": 1.156552791595459}}