{"0": {"loss": 2.3692197799682617}, "1": {"loss": 2.2362664540608725}, "2": {"loss": 2.0156041781107583}, "3": {"loss": 1.3469057083129883}, "4": {"loss": 0.9588572184244791}}