{"0": {"loss": 2.203229480319553}, "1": {"loss": 3.4922752380371094}, "2": {"loss": 2.176134533352322}, "3": {"loss": 1.1932984458075628}, "4": {"loss": 0.8989859686957465}}