{"0": {"loss": 1.7989253997802734}, "1": {"loss": 1.7989253997802734}, "2": {"loss": 1.6200261116027832}, "3": {"loss": 1.6302149295806885}, "4": {"loss": 1.4837985038757324}}