{"0": {"loss": 2.2363842010498045}, "1": {"loss": 2.490827178955078}, "2": {"loss": 2.8233871459960938}, "3": {"loss": 1.5768837928771973}, "4": {"loss": 0.8761165618896485}}