{"0": {"loss": 3.7442762586805554}, "1": {"loss": 5.3362070719401045}, "2": {"loss": 5.0453003777398004}, "3": {"loss": 4.335133870442708}, "4": {"loss": 2.833997302585178}}