{"0": {"loss": 2.4513042994907925}, "1": {"loss": 3.5894761766706194}, "2": {"loss": 3.5190702165876115}, "3": {"loss": 2.1161741529192244}, "4": {"loss": 2.788872855050223}}