{"0": {"loss": 2.853160858154297}, "1": {"loss": 2.0062527974446613}, "2": {"loss": 1.459780756632487}, "3": {"loss": 0.7884907404581706}, "4": {"loss": 0.48214947382609047}}