{"0": {"loss": 2.264364242553711}, "1": {"loss": 1.7682559273459695}, "2": {"loss": 1.3498950438065962}, "3": {"loss": 1.202306487343528}, "4": {"loss": 1.1299891905351118}}