{"0": {"loss": 2.598484675089518}, "1": {"loss": 2.6948668162027993}, "2": {"loss": 1.7165978749593098}, "3": {"loss": 1.9128940900166829}, "4": {"loss": 1.6263858477274578}}