{"0": {"loss": 3.737039392644709}, "1": {"loss": 2.2598386244340376}, "2": {"loss": 1.685599066994407}, "3": {"loss": 2.068349318070845}, "4": {"loss": 1.3492871197787197}}