{"0": {"loss": 2.5867294311523437}, "1": {"loss": 2.287310791015625}, "2": {"loss": 1.7097646077473958}, "3": {"loss": 1.6416206359863281}, "4": {"loss": 1.4218917846679688}}