{"0": {"loss": 2.089263779776437}, "1": {"loss": 1.610447883605957}, "2": {"loss": 3.1800131116594588}, "3": {"loss": 1.5236610685076033}, "4": {"loss": 0.8683477810450962}}