{"0": {"loss": 2.3296710423060825}, "1": {"loss": 4.015299115862165}, "2": {"loss": 2.5585648672921315}, "3": {"loss": 1.6635100500924247}, "4": {"loss": 2.737514223371233}}