{"0": {"loss": 2.0397480858696833}, "1": {"loss": 1.8900930616590712}, "2": {"loss": 1.7149154875013564}, "3": {"loss": 2.2885303497314453}, "4": {"loss": 3.058417638142904}}