{"0": {"loss": 2.3723129272460937}, "1": {"loss": 2.8609790802001953}, "2": {"loss": 2.564487838745117}, "3": {"loss": 1.7838111877441407}, "4": {"loss": 1.2952872276306153}}