{"0": {"loss": 2.5638569102567783}, "1": {"loss": 2.285565320183249}, "2": {"loss": 1.8044320274801815}, "3": {"loss": 1.3108646168428308}, "4": {"loss": 1.9624319637522978}}