{"0": {"loss": 3.0856631142752513}, "1": {"loss": 3.2798189435686385}, "2": {"loss": 2.9310065678187778}, "3": {"loss": 1.8247573035103934}, "4": {"loss": 0.8496676172528949}}