{"0": {"loss": 3.4857460021972657}, "1": {"loss": 2.3806529998779298}, "2": {"loss": 1.6200761795043945}, "3": {"loss": 1.2234475135803222}, "4": {"loss": 1.0475869178771973}}