{"0": {"loss": 2.447613976218484}, "1": {"loss": 1.9642691178755327}, "2": {"loss": 1.6400243585759944}, "3": {"loss": 2.0235084186900747}, "4": {"loss": 1.4386091232299805}}