{"0": {"loss": 2.1068897247314453}, "1": {"loss": 1.7907252992902483}, "2": {"loss": 1.2510401862008231}, "3": {"loss": 1.006401470729283}, "4": {"loss": 0.539940595626831}}