{"0": {"loss": 2.2959693908691405}, "1": {"loss": 2.3162155151367188}, "2": {"loss": 1.5361239115397136}, "3": {"loss": 1.003441301981608}, "4": {"loss": 0.7938482920328777}}