{"0": {"loss": 2.697934523872707}, "1": {"loss": 5.520873028299083}, "2": {"loss": 3.7477579531462295}, "3": {"loss": 2.99976979131284}, "4": {"loss": 2.52489769977072}}