{"0": {"loss": 2.9070951021634617}, "1": {"loss": 3.0418771597055287}, "2": {"loss": 1.724970744206355}, "3": {"loss": 1.5295675717867339}, "4": {"loss": 1.0646084271944487}}