{"0": {"loss": 2.356457970359109}, "1": {"loss": 3.1255943991921167}, "2": {"loss": 2.6746734272349966}, "3": {"loss": 2.6026134490966797}, "4": {"loss": 1.254110336303711}}