{"0": {"loss": 3.412222385406494}, "1": {"loss": 3.1132216453552246}, "2": {"loss": 2.389246940612793}, "3": {"loss": 3.290137767791748}, "4": {"loss": 2.312542200088501}}