{"0": {"loss": 2.5883967081705728}, "1": {"loss": 3.675424575805664}, "2": {"loss": 1.873781681060791}, "3": {"loss": 1.2768136660257976}, "4": {"loss": 0.9451116720835367}}