{"0": {"loss": 2.2318921089172363}, "1": {"loss": 2.2318921089172363}, "2": {"loss": 4.449337959289551}, "3": {"loss": 5.992525577545166}, "4": {"loss": 5.967421054840088}}