{"0": {"loss": 2.4811277389526367}, "1": {"loss": 2.2483792304992676}, "2": {"loss": 1.8225784301757812}, "3": {"loss": 1.8177623748779297}, "4": {"loss": 2.1774258613586426}}