{"0": {"loss": 2.366993243877704}, "1": {"loss": 2.5745858412522535}, "2": {"loss": 1.7764390798715444}, "3": {"loss": 1.113534927368164}, "4": {"loss": 1.2507321284367487}}