{"0": {"loss": 2.2089410781860352}, "1": {"loss": 2.222001647949219}, "2": {"loss": 1.2614774703979492}, "3": {"loss": 1.1950626373291016}, "4": {"loss": 1.3896473884582519}}