{"0": {"loss": 2.566346910264757}, "1": {"loss": 2.3626331753200955}, "2": {"loss": 2.15244632297092}, "3": {"loss": 1.1922401852077908}, "4": {"loss": 0.9637190500895182}}