{"0": {"loss": 2.292023181915283}, "1": {"loss": 2.292023181915283}, "2": {"loss": 2.465139627456665}, "3": {"loss": 1.4478750228881836}, "4": {"loss": 0.8127732872962952}}