{"0": {"loss": 2.208554131644113}, "1": {"loss": 1.7783490589686803}, "2": {"loss": 1.5145309993198939}, "3": {"loss": 0.7055260794503349}, "4": {"loss": 0.5094313621520996}}