{"0": {"loss": 2.349013618800951}, "1": {"loss": 1.841632013735564}, "2": {"loss": 1.460655046545941}, "3": {"loss": 1.546181056810462}, "4": {"loss": 2.5786386572796367}}