{"0": {"loss": 2.554363250732422}, "1": {"loss": 2.3573872884114584}, "2": {"loss": 1.4585708618164062}, "3": {"loss": 1.0363986333211264}, "4": {"loss": 0.7486040751139323}}