{"0": {"loss": 2.0067876815795898}, "1": {"loss": 2.432360076904297}, "2": {"loss": 1.7128002166748046}, "3": {"loss": 0.9985908508300781}, "4": {"loss": 0.5941571712493896}}