{"0": {"loss": 2.641961415608724}, "1": {"loss": 2.334296385447184}, "2": {"loss": 1.5432678858439128}, "3": {"loss": 1.1299835840861003}, "4": {"loss": 2.0297439893086753}}