{"0": {"loss": 2.0731397775503306}, "1": {"loss": 2.269733575674204}, "2": {"loss": 1.7990103501539965}, "3": {"loss": 1.028142342200646}, "4": {"loss": 0.9574644382183368}}