{"0": {"loss": 1.9605138678299754}, "1": {"loss": 2.0138479533948397}, "2": {"loss": 1.8423636587042558}, "3": {"loss": 1.1179410030967312}, "4": {"loss": 1.1946721327932257}}