{"0": {"loss": 2.029294490814209}, "1": {"loss": 3.3377041816711426}, "2": {"loss": 4.662843704223633}, "3": {"loss": 4.671844482421875}, "4": {"loss": 3.3179666996002197}}