{"0": {"loss": 2.605491797129313}, "1": {"loss": 1.936947504679362}, "2": {"loss": 1.244294802347819}, "3": {"loss": 1.5684927304585774}, "4": {"loss": 1.4706679979960124}}