{"0": {"loss": 2.4466598510742186}, "1": {"loss": 4.201459503173828}, "2": {"loss": 2.685576629638672}, "3": {"loss": 2.6420928955078127}, "4": {"loss": 2.5440851211547852}}