{"0": {"loss": 2.6993443625313893}, "1": {"loss": 1.926384517124721}, "2": {"loss": 1.1627585547310966}, "3": {"loss": 1.0525634629385812}, "4": {"loss": 0.7404796736580985}}