{"0": {"loss": 2.1912304560343423}, "1": {"loss": 3.1562932332356772}, "2": {"loss": 1.8948733011881511}, "3": {"loss": 1.6604798634847004}, "4": {"loss": 1.1593526204427083}}