{"0": {"loss": 1.959929032759233}, "1": {"loss": 1.7532733570445667}, "2": {"loss": 0.9319615797563032}, "3": {"loss": 0.8226539438421075}, "4": {"loss": 0.7147531942887739}}