{"0": {"loss": 2.3511976159137227}, "1": {"loss": 2.348584216573964}, "2": {"loss": 3.2067944070567256}, "3": {"loss": 2.537451039189878}, "4": {"loss": 1.6870810467263926}}