{"0": {"loss": 2.5973363603864397}, "1": {"loss": 2.1985887799944197}, "2": {"loss": 1.7507333301362538}, "3": {"loss": 1.286647705804734}, "4": {"loss": 1.186435336158389}}