{"0": {"loss": 2.330704082142223}, "1": {"loss": 2.39154052734375}, "2": {"loss": 1.6993552121249111}, "3": {"loss": 1.3835431012240322}, "4": {"loss": 0.9928605339743874}}