{"0": {"loss": 3.3629279136657715}, "1": {"loss": 2.2407047748565674}, "2": {"loss": 1.2753056287765503}, "3": {"loss": 0.9915813207626343}, "4": {"loss": 0.9563934206962585}}