{"0": {"loss": 2.349661191304525}, "1": {"loss": 2.057579835255941}, "2": {"loss": 1.6023955345153809}, "3": {"loss": 1.200279712677002}, "4": {"loss": 1.133180300394694}}