{"0": {"loss": 2.1011297437879772}, "1": {"loss": 1.6808865865071614}, "2": {"loss": 1.2328590816921658}, "3": {"loss": 0.7548406389024522}, "4": {"loss": 0.7647974756028917}}