{"0": {"loss": 2.161158800125122}, "1": {"loss": 1.6257926225662231}, "2": {"loss": 1.0736690759658813}, "3": {"loss": 0.4920164942741394}, "4": {"loss": 0.3239120841026306}}