{"0": {"loss": 2.0082084110804965}, "1": {"loss": 1.786931037902832}, "2": {"loss": 1.263739722115653}, "3": {"loss": 0.7367649078369141}, "4": {"loss": 1.032362937927246}}