{"0": {"loss": 2.404061977679913}, "1": {"loss": 1.6840572357177734}, "2": {"loss": 0.9053030747633714}, "3": {"loss": 0.6595126665555514}, "4": {"loss": 0.622424419109638}}