{"0": {"loss": 2.5723965962727866}, "1": {"loss": 1.7026898701985678}, "2": {"loss": 1.6263713836669922}, "3": {"loss": 1.7125958760579427}, "4": {"loss": 0.8659500122070313}}