{"0": {"loss": 2.3109534127371654}, "1": {"loss": 1.6023130871000744}, "2": {"loss": 1.7044766743977864}, "3": {"loss": 1.065360387166341}, "4": {"loss": 1.9395096188499814}}