{"0": {"loss": 2.3216675652398004}, "1": {"loss": 1.8609322441948786}, "2": {"loss": 1.5553510453965929}, "3": {"loss": 2.778643502129449}, "4": {"loss": 1.8647136688232422}}