{"0": {"loss": 2.4033946990966797}, "1": {"loss": 2.380092348371233}, "2": {"loss": 2.529850551060268}, "3": {"loss": 1.2317775998796736}, "4": {"loss": 0.7927853039332798}}