{"0": {"loss": 2.1541149616241455}, "1": {"loss": 1.9245675802230835}, "2": {"loss": 2.92028546333313}, "3": {"loss": 2.6682987213134766}, "4": {"loss": 2.5520269870758057}}