{"0": {"loss": 3.4655984242757163}, "1": {"loss": 2.2646629015604653}, "2": {"loss": 1.2562914689381917}, "3": {"loss": 1.053977330525716}, "4": {"loss": 1.1093566417694092}}