{"0": {"loss": 2.8456881046295166}, "1": {"loss": 1.8475167751312256}, "2": {"loss": 1.3237580060958862}, "3": {"loss": 1.4625914096832275}, "4": {"loss": 1.7884917259216309}}