{"0": {"loss": 2.4125328063964844}, "1": {"loss": 1.8819820404052734}, "2": {"loss": 1.1274232864379883}, "3": {"loss": 1.0578577995300293}, "4": {"loss": 1.1165575981140137}}