{"0": {"loss": 2.34863543510437}, "1": {"loss": 1.9688135385513306}, "2": {"loss": 1.1812453269958496}, "3": {"loss": 1.1304559707641602}, "4": {"loss": 1.007163166999817}}