{"0": {"loss": 2.2093803882598877}, "1": {"loss": 2.5420219898223877}, "2": {"loss": 1.5912482738494873}, "3": {"loss": 1.8529086112976074}, "4": {"loss": 1.3043358325958252}}