{"0": {"loss": 3.4506080627441404}, "1": {"loss": 3.701204299926758}, "2": {"loss": 1.9340763092041016}, "3": {"loss": 1.7163816452026368}, "4": {"loss": 1.1419790267944336}}