{"0": {"loss": 2.5191802978515625}, "1": {"loss": 2.1918963264016544}, "2": {"loss": 1.4287488600786995}, "3": {"loss": 1.0519326153923483}, "4": {"loss": 1.2518791871912338}}