{"0": {"loss": 2.294474071926541}, "1": {"loss": 1.738987922668457}, "2": {"loss": 1.3510476218329535}, "3": {"loss": 1.2950603697035048}, "4": {"loss": 0.7606187396579318}}