{"0": {"loss": 3.1545648013844207}, "1": {"loss": 2.0435297348920036}, "2": {"loss": 1.1534363241756664}, "3": {"loss": 0.8224284228156594}, "4": {"loss": 0.8929323308608111}}