{"0": {"loss": 3.964182000411184}, "1": {"loss": 2.4973236887078536}, "2": {"loss": 1.4803301158704256}, "3": {"loss": 2.553193945633738}, "4": {"loss": 2.2704022056178044}}