{"0": {"loss": 2.146392995660955}, "1": {"loss": 1.7381163510409268}, "2": {"loss": 1.4227569753473455}, "3": {"loss": 1.7911066575483843}, "4": {"loss": 1.4068396308205344}}