{"0": {"loss": 2.4963259263472124}, "1": {"loss": 1.695058822631836}, "2": {"loss": 1.2867768894542346}, "3": {"loss": 1.8778837377374822}, "4": {"loss": 0.8539612509987571}}