{"0": {"loss": 2.458155314127604}, "1": {"loss": 2.9204381306966147}, "2": {"loss": 2.835015296936035}, "3": {"loss": 2.440610408782959}, "4": {"loss": 1.2744475205739338}}