{"0": {"loss": 2.589301904042562}, "1": {"loss": 2.2951032320658364}, "2": {"loss": 1.6880207061767578}, "3": {"loss": 1.36161470413208}, "4": {"loss": 2.046062628428141}}