{"0": {"loss": 1.9788401126861572}, "1": {"loss": 1.6905934810638428}, "2": {"loss": 1.6896920204162598}, "3": {"loss": 1.7156269550323486}, "4": {"loss": 1.1545894145965576}}