{"0": {"loss": 2.764404614766439}, "1": {"loss": 2.835541089375814}, "2": {"loss": 1.9146005312601726}, "3": {"loss": 2.6700919469197593}, "4": {"loss": 0.9359260400136312}}