{"0": {"loss": 2.466636149088542}, "1": {"loss": 1.5447432200113933}, "2": {"loss": 2.2189002990722657}, "3": {"loss": 1.0530155181884766}, "4": {"loss": 1.002285321553548}}