{"0": {"loss": 2.889423370361328}, "1": {"loss": 3.13942813873291}, "2": {"loss": 3.492377758026123}, "3": {"loss": 2.183086395263672}, "4": {"loss": 1.4845927953720093}}