{"0": {"loss": 2.3163409762912326}, "1": {"loss": 1.6199685202704535}, "2": {"loss": 0.9888983832465278}, "3": {"loss": 0.6393350495232476}, "4": {"loss": 0.8820438385009766}}