{"0": {"loss": 2.25919681125217}, "1": {"loss": 1.7003202438354492}, "2": {"loss": 1.218549304538303}, "3": {"loss": 1.248584853278266}, "4": {"loss": 1.1491113238864474}}