{"0": {"loss": 2.3538545608520507}, "1": {"loss": 1.9409706115722656}, "2": {"loss": 1.5891966819763184}, "3": {"loss": 1.1231489181518555}, "4": {"loss": 0.9350643157958984}}