{"0": {"loss": 2.127342859903971}, "1": {"loss": 1.7083851496378581}, "2": {"loss": 1.2321168051825628}, "3": {"loss": 0.7733835114373101}, "4": {"loss": 0.9650623533460829}}