{"0": {"loss": 2.1527543501420454}, "1": {"loss": 1.7856558019464666}, "2": {"loss": 1.5387968583540483}, "3": {"loss": 1.8175718134099788}, "4": {"loss": 0.923550085587935}}