{"0": {"loss": 2.2145468393961587}, "1": {"loss": 3.374574661254883}, "2": {"loss": 3.777177174886068}, "3": {"loss": 2.214111010233561}, "4": {"loss": 2.0952183405558267}}