{"0": {"loss": 1.888582706451416}, "1": {"loss": 2.1607487201690674}, "2": {"loss": 1.2204347848892212}, "3": {"loss": 0.9874686002731323}, "4": {"loss": 0.5324673056602478}}