{"0": {"loss": 2.1007273197174072}, "1": {"loss": 1.9886631965637207}, "2": {"loss": 1.1276085376739502}, "3": {"loss": 1.584839105606079}, "4": {"loss": 1.6731090545654297}}