{"0": {"loss": 2.8836471012660434}, "1": {"loss": 2.435096195765904}, "2": {"loss": 1.8014700753348214}, "3": {"loss": 1.4209977558680944}, "4": {"loss": 1.148540769304548}}