{"0": {"loss": 2.3393927680121527}, "1": {"loss": 2.43833859761556}, "2": {"loss": 7.0381346808539496}, "3": {"loss": 7.941990322536892}, "4": {"loss": 6.311242421468099}}