{"0": {"loss": 2.4862904982133345}, "1": {"loss": 1.9247434789484197}, "2": {"loss": 1.3519325256347656}, "3": {"loss": 1.2045846418900923}, "4": {"loss": 0.8754641792990945}}