{"0": {"loss": 2.9491968154907227}, "1": {"loss": 3.0200018882751465}, "2": {"loss": 3.8739230632781982}, "3": {"loss": 3.8779373168945312}, "4": {"loss": 3.246264934539795}}