{"0": {"loss": 2.2214903831481934}, "1": {"loss": 2.288279374440511}, "2": {"loss": 1.25247057278951}, "3": {"loss": 0.8767031033833822}, "4": {"loss": 0.9150585333506266}}