{"0": {"loss": 3.083706855773926}, "1": {"loss": 2.050877809524536}, "2": {"loss": 2.0017168521881104}, "3": {"loss": 2.1002283096313477}, "4": {"loss": 1.964571475982666}}