{"0": {"loss": 3.1423962116241455}, "1": {"loss": 3.1423962116241455}, "2": {"loss": 3.943051815032959}, "3": {"loss": 3.747267007827759}, "4": {"loss": 3.01747465133667}}