{"0": {"loss": 2.5069672720772878}, "1": {"loss": 1.6786548069545202}, "2": {"loss": 1.20731748853411}, "3": {"loss": 0.8018546785627093}, "4": {"loss": 0.5462332453046527}}