{"0": {"loss": 2.0821316242218018}, "1": {"loss": 2.8915624618530273}, "2": {"loss": 3.550950050354004}, "3": {"loss": 2.5957984924316406}, "4": {"loss": 2.0864670276641846}}