{"0": {"loss": 2.6907358169555664}, "1": {"loss": 2.9232940673828125}, "2": {"loss": 1.767764727274577}, "3": {"loss": 1.367992877960205}, "4": {"loss": 1.5356626510620117}}