{"0": {"loss": 2.1852338314056396}, "1": {"loss": 2.982128858566284}, "2": {"loss": 1.6999824047088623}, "3": {"loss": 1.7836475372314453}, "4": {"loss": 1.272814393043518}}