{"0": {"loss": 2.115985711415609}, "1": {"loss": 1.947344462076823}, "2": {"loss": 1.095929702123006}, "3": {"loss": 0.5843354066212972}, "4": {"loss": 1.0641719500223796}}