{"0": {"loss": 2.3932274409702847}, "1": {"loss": 2.6069387708391463}, "2": {"loss": 1.3492236818586076}, "3": {"loss": 1.4731100627354212}, "4": {"loss": 0.910928589957101}}