{"0": {"loss": 2.6479695638020835}, "1": {"loss": 1.7540846325102306}, "2": {"loss": 1.554361070905413}, "3": {"loss": 1.146839323497954}, "4": {"loss": 1.313047863188244}}