{"0": {"loss": 3.14206600189209}, "1": {"loss": 2.133441925048828}, "2": {"loss": 1.380201816558838}, "3": {"loss": 0.6760132908821106}, "4": {"loss": 0.4828782081604004}}