{"0": {"loss": 1.9873580932617188}, "1": {"loss": 3.1976105372111}, "2": {"loss": 2.420945644378662}, "3": {"loss": 1.5279687245686848}, "4": {"loss": 1.1866040229797363}}