{"0": {"loss": 2.2615000861031667}, "1": {"loss": 2.304929460797991}, "2": {"loss": 1.7917984553745814}, "3": {"loss": 1.574404307774135}, "4": {"loss": 1.8080359867640905}}