{"0": {"loss": 2.453852653503418}, "1": {"loss": 2.9877570470174155}, "2": {"loss": 4.126853942871094}, "3": {"loss": 2.1889397303263345}, "4": {"loss": 1.6893456776936848}}