{"0": {"loss": 2.6220636782438858}, "1": {"loss": 1.578672989555027}, "2": {"loss": 1.2867498812468157}, "3": {"loss": 1.4168636487877888}, "4": {"loss": 1.1257708176322605}}