{"0": {"loss": 2.331199137369792}, "1": {"loss": 2.3429669698079425}, "2": {"loss": 1.2387041727701822}, "3": {"loss": 1.1593524932861328}, "4": {"loss": 0.8104769388834635}}