{"0": {"loss": 2.0397280738467263}, "1": {"loss": 2.1644703093029203}, "2": {"loss": 2.821964808872768}, "3": {"loss": 1.4077129364013672}, "4": {"loss": 1.9393043518066406}}