{"0": {"loss": 2.165350341796875}, "1": {"loss": 3.5270462036132812}, "2": {"loss": 2.2773460388183593}, "3": {"loss": 1.415470790863037}, "4": {"loss": 0.667514419555664}}