{"0": {"loss": 3.125984885475852}, "1": {"loss": 2.473927064375444}, "2": {"loss": 1.6498962749134412}, "3": {"loss": 1.6122982718727805}, "4": {"loss": 1.0438382408835671}}