{"0": {"loss": 2.238964254205877}, "1": {"loss": 1.7478934201327236}, "2": {"loss": 1.3115839524702593}, "3": {"loss": 0.9195560975508257}, "4": {"loss": 0.5774839574640448}}