{"0": {"loss": 2.294684273856027}, "1": {"loss": 2.4056295667375838}, "2": {"loss": 1.3074279512677873}, "3": {"loss": 1.0957164764404297}, "4": {"loss": 0.7967228889465332}}