{"0": {"loss": 2.182961845397949}, "1": {"loss": 3.477289581298828}, "2": {"loss": 2.3011898040771483}, "3": {"loss": 2.4976165771484373}, "4": {"loss": 1.6746812820434571}}