{"0": {"loss": 2.2253291917883833}, "1": {"loss": 2.398237145465353}, "2": {"loss": 2.8558843861455503}, "3": {"loss": 2.0631684013034985}, "4": {"loss": 1.8219675810440727}}