{"0": {"loss": 2.3441865921020506}, "1": {"loss": 2.980393409729004}, "2": {"loss": 2.2574386596679688}, "3": {"loss": 1.549976921081543}, "4": {"loss": 0.7632326126098633}}