{"0": {"loss": 4.057492733001709}, "1": {"loss": 5.439307689666748}, "2": {"loss": 2.667421579360962}, "3": {"loss": 4.386965274810791}, "4": {"loss": 2.6394684314727783}}