{"0": {"loss": 2.1707141399383545}, "1": {"loss": 2.44808292388916}, "2": {"loss": 1.5312403440475464}, "3": {"loss": 1.0662842988967896}, "4": {"loss": 1.9529634714126587}}