{"0": {"loss": 3.3695369720458985}, "1": {"loss": 4.03405990600586}, "2": {"loss": 2.080225372314453}, "3": {"loss": 1.3990546226501466}, "4": {"loss": 1.5176850318908692}}