{"0": {"loss": 2.233080695657169}, "1": {"loss": 2.2839858111213234}, "2": {"loss": 1.8739241431741154}, "3": {"loss": 1.444173812866211}, "4": {"loss": 1.5003798989688648}}