{"0": {"loss": 2.456686019897461}, "1": {"loss": 2.4725394248962402}, "2": {"loss": 2.183274428049723}, "3": {"loss": 1.8425641059875488}, "4": {"loss": 1.5884108543395996}}