{"0": {"loss": 2.0867482594081332}, "1": {"loss": 2.5963952200753346}, "2": {"loss": 1.2012999398367745}, "3": {"loss": 1.3453850064958846}, "4": {"loss": 0.8318084989275251}}