{"0": {"loss": 2.8264107704162598}, "1": {"loss": 2.339812755584717}, "2": {"loss": 3.2608306407928467}, "3": {"loss": 2.5432443618774414}, "4": {"loss": 1.1089452505111694}}