{"0": {"loss": 2.809626897176107}, "1": {"loss": 3.98633607228597}, "2": {"loss": 3.22174072265625}, "3": {"loss": 2.6178428332010903}, "4": {"loss": 2.053210417429606}}