{"0": {"loss": 2.3343420028686523}, "1": {"loss": 2.277440071105957}, "2": {"loss": 1.4186310768127441}, "3": {"loss": 1.9792447090148926}, "4": {"loss": 1.615721066792806}}