{"0": {"loss": 2.1322286128997803}, "1": {"loss": 1.8543026447296143}, "2": {"loss": 2.068765640258789}, "3": {"loss": 1.4592018127441406}, "4": {"loss": 0.8005316853523254}}