{"0": {"loss": 2.44870240347726}, "1": {"loss": 1.854895864214216}, "2": {"loss": 1.4593920026506697}, "3": {"loss": 0.9114700726100377}, "4": {"loss": 1.1660210745675224}}