{"0": {"loss": 2.5938130696614583}, "1": {"loss": 4.843167114257812}, "2": {"loss": 2.3820833841959637}, "3": {"loss": 2.9928021748860676}, "4": {"loss": 1.329171371459961}}