{"0": {"loss": 2.053750991821289}, "1": {"loss": 1.7870459923377404}, "2": {"loss": 1.1309714684119592}, "3": {"loss": 0.8366088133591872}, "4": {"loss": 1.3041194035456731}}