{"0": {"loss": 2.0045369466145835}, "1": {"loss": 1.7653779983520508}, "2": {"loss": 1.4715884526570637}, "3": {"loss": 1.2465842564900715}, "4": {"loss": 0.6484652757644653}}