{"0": {"loss": 2.601425806681315}, "1": {"loss": 2.984628677368164}, "2": {"loss": 2.335386117299398}, "3": {"loss": 1.7457372347513835}, "4": {"loss": 1.7851397196451824}}