{"0": {"loss": 2.1308655738830566}, "1": {"loss": 3.985348701477051}, "2": {"loss": 3.1905722618103027}, "3": {"loss": 2.10784912109375}, "4": {"loss": 1.3933627605438232}}