{"0": {"loss": 2.2541479630903765}, "1": {"loss": 2.5137074210427026}, "2": {"loss": 1.8784099925648083}, "3": {"loss": 2.159587166526101}, "4": {"loss": 1.615256742997603}}