{"0": {"loss": 3.7747035026550293}, "1": {"loss": 4.739560604095459}, "2": {"loss": 2.5693418979644775}, "3": {"loss": 2.234628200531006}, "4": {"loss": 3.3664982318878174}}