{"0": {"loss": 1.9541233380635579}, "1": {"loss": 3.349265734354655}, "2": {"loss": 2.0249430338541665}, "3": {"loss": 1.2696526050567627}, "4": {"loss": 0.7603768507639567}}