{"0": {"loss": 2.233527047293527}, "1": {"loss": 1.70711426507859}, "2": {"loss": 1.971916743687221}, "3": {"loss": 1.4465653555733817}, "4": {"loss": 1.7792630876813615}}