{"0": {"loss": 3.2311789194742837}, "1": {"loss": 2.5693418184916177}, "2": {"loss": 1.658167044321696}, "3": {"loss": 1.2755160331726074}, "4": {"loss": 3.0255969365437827}}