{"0": {"loss": 3.0386894226074217}, "1": {"loss": 2.259354591369629}, "2": {"loss": 1.5125115394592286}, "3": {"loss": 0.9006438255310059}, "4": {"loss": 0.5003273010253906}}