{"0": {"loss": 2.343452877468533}, "1": {"loss": 1.8671692742241754}, "2": {"loss": 1.469219101799859}, "3": {"loss": 1.53526062435574}, "4": {"loss": 1.6100068622165256}}