{"0": {"loss": 2.114795446395874}, "1": {"loss": 2.1513688564300537}, "2": {"loss": 1.617283582687378}, "3": {"loss": 0.9175085425376892}, "4": {"loss": 0.5204266309738159}}