{"0": {"loss": 2.300596661037869}, "1": {"loss": 1.7687299516465929}, "2": {"loss": 1.346636136372884}, "3": {"loss": 0.8272926012674967}, "4": {"loss": 0.8806752098931206}}