{"0": {"loss": 2.081266164779663}, "1": {"loss": 2.9391465187072754}, "2": {"loss": 2.180234432220459}, "3": {"loss": 1.5301952362060547}, "4": {"loss": 1.2412205934524536}}