{"0": {"loss": 2.4733220880681817}, "1": {"loss": 2.6904227516867896}, "2": {"loss": 1.845324776389382}, "3": {"loss": 1.2244578274813565}, "4": {"loss": 0.9645138653841886}}