{"0": {"loss": 2.2756760541130516}, "1": {"loss": 1.636279162238626}, "2": {"loss": 1.0547697403851677}, "3": {"loss": 2.266832015093635}, "4": {"loss": 1.1969893960391773}}