{"0": {"loss": 1.7488346099853516}, "1": {"loss": 1.7488346099853516}, "2": {"loss": 1.7488346099853516}, "3": {"loss": 1.7488346099853516}, "4": {"loss": 2.658867120742798}}