{"0": {"loss": 2.3561282438390396}, "1": {"loss": 2.313057170194738}, "2": {"loss": 2.590762643253102}, "3": {"loss": 1.520746904260972}, "4": {"loss": 1.7150661244111902}}