{"0": {"loss": 2.07625489007859}, "1": {"loss": 1.838240487234933}, "2": {"loss": 1.3884429931640625}, "3": {"loss": 1.6350393749418712}, "4": {"loss": 1.6335004170735676}}