{"0": {"loss": 2.1422545115152993}, "1": {"loss": 1.7857926686604817}, "2": {"loss": 1.1673671934339735}, "3": {"loss": 1.6427103678385417}, "4": {"loss": 2.2776766883002386}}