{"0": {"loss": 2.6917444864908853}, "1": {"loss": 2.7233559290568032}, "2": {"loss": 2.1541924476623535}, "3": {"loss": 0.8747316201527914}, "4": {"loss": 0.88734237353007}}