{"0": {"loss": 2.3979159763881137}, "1": {"loss": 1.9355607713971819}, "2": {"loss": 1.277144159589495}, "3": {"loss": 1.116417407989502}, "4": {"loss": 1.1553852898733956}}