{"0": {"loss": 2.160974629720052}, "1": {"loss": 2.2834510803222656}, "2": {"loss": 1.605865732828776}, "3": {"loss": 1.2655186971028647}, "4": {"loss": 0.835888163248698}}