{"0": {"loss": 2.5799771263485862}, "1": {"loss": 2.038855779738653}, "2": {"loss": 1.4384684789748419}, "3": {"loss": 0.8054822285970052}, "4": {"loss": 0.2710276104155041}}