{"0": {"loss": 2.556966543197632}, "1": {"loss": 2.398526668548584}, "2": {"loss": 1.2245317697525024}, "3": {"loss": 0.743874728679657}, "4": {"loss": 0.4288789629936218}}