{"0": {"loss": 3.596070098876953}, "1": {"loss": 2.5770057678222655}, "2": {"loss": 1.4128743171691895}, "3": {"loss": 7.218049621582031}, "4": {"loss": 8.606322479248046}}