{"0": {"loss": 2.4535951614379883}, "1": {"loss": 2.0521020889282227}, "2": {"loss": 1.1399253606796265}, "3": {"loss": 0.990256667137146}, "4": {"loss": 1.0698505640029907}}