{"0": {"loss": 2.2303598948887418}, "1": {"loss": 2.1520607812064037}, "2": {"loss": 1.346121106828962}, "3": {"loss": 1.4651092801775252}, "4": {"loss": 1.5098257064819336}}