{"0": {"loss": 3.9754197862413196}, "1": {"loss": 1.8083250257703993}, "2": {"loss": 1.1580654780069988}, "3": {"loss": 1.0642211702134874}, "4": {"loss": 5.832477569580078}}