{"0": {"loss": 3.3187168666294644}, "1": {"loss": 2.5405851091657365}, "2": {"loss": 2.096559524536133}, "3": {"loss": 2.450589043753488}, "4": {"loss": 1.7519498552594865}}