{"0": {"loss": 3.839099884033203}, "1": {"loss": 2.677358627319336}, "2": {"loss": 1.8289955139160157}, "3": {"loss": 1.1769903182983399}, "4": {"loss": 1.3831903457641601}}