{"0": {"loss": 2.919539587838309}, "1": {"loss": 2.681927817208426}, "2": {"loss": 2.3405998774937222}, "3": {"loss": 1.6589843205043249}, "4": {"loss": 1.1654082706996374}}