{"0": {"loss": 2.1882818121659127}, "1": {"loss": 2.09813790572317}, "2": {"loss": 1.4467357836271588}, "3": {"loss": 1.5007235878392269}, "4": {"loss": 2.109168203253495}}