{"0": {"loss": 2.506512778145926}, "1": {"loss": 3.0144263676234653}, "2": {"loss": 2.66781861441476}, "3": {"loss": 1.2373361587524414}, "4": {"loss": 0.7917581966945103}}