{"0": {"loss": 2.4698509640163846}, "1": {"loss": 2.8620662689208984}, "2": {"loss": 4.368057674831814}, "3": {"loss": 2.515442318386502}, "4": {"loss": 1.5761169857449002}}