{"0": {"loss": 2.7594934463500977}, "1": {"loss": 2.7724163055419924}, "2": {"loss": 1.9716434478759766}, "3": {"loss": 1.5067402839660644}, "4": {"loss": 2.7797172546386717}}