{"0": {"loss": 2.583444931927849}, "1": {"loss": 2.2564701753504135}, "2": {"loss": 1.2636874703799976}, "3": {"loss": 1.2889595031738281}, "4": {"loss": 1.6700001884909237}}