{"0": {"loss": 2.1479942685081843}, "1": {"loss": 1.7871124630882627}, "2": {"loss": 1.6093152364095051}, "3": {"loss": 1.555400666736421}, "4": {"loss": 2.609671638125465}}