{"0": {"loss": 2.0973888744007456}, "1": {"loss": 1.6535240520130505}, "2": {"loss": 1.3444649956443093}, "3": {"loss": 1.756757216020064}, "4": {"loss": 1.2133685892278498}}