{"0": {"loss": 2.4515923394097223}, "1": {"loss": 2.7187542385525174}, "2": {"loss": 2.0287583669026694}, "3": {"loss": 1.3183744218614366}, "4": {"loss": 1.0883134206136067}}