{"0": {"loss": 2.0850633893694197}, "1": {"loss": 2.1334337506975447}, "2": {"loss": 1.8201607295445033}, "3": {"loss": 5.970973423549107}, "4": {"loss": 7.553902217320034}}