{"0": {"loss": 3.316632843017578}, "1": {"loss": 4.274457168579102}, "2": {"loss": 3.4202255249023437}, "3": {"loss": 2.7163265228271483}, "4": {"loss": 2.6446022033691405}}