{"0": {"loss": 3.131556424227628}, "1": {"loss": 2.797860925847834}, "2": {"loss": 1.7044828588312322}, "3": {"loss": 1.1884390224109997}, "4": {"loss": 0.9148526625199751}}