{"0": {"loss": 2.5625247955322266}, "1": {"loss": 1.8768366404942103}, "2": {"loss": 1.0481134142194475}, "3": {"loss": 0.6418164116995675}, "4": {"loss": 1.1397856984819685}}