{"0": {"loss": 2.4019981384277345}, "1": {"loss": 1.964650535583496}, "2": {"loss": 2.1212575912475584}, "3": {"loss": 1.3211788177490233}, "4": {"loss": 1.0195847511291505}}