{"0": {"loss": 1.5395835638046265}, "1": {"loss": 1.5395835638046265}, "2": {"loss": 1.5395835638046265}, "3": {"loss": 1.199629306793213}, "4": {"loss": 1.1975899934768677}}