{"0": {"loss": 3.240499496459961}, "1": {"loss": 2.3241615295410156}, "2": {"loss": 2.357020139694214}, "3": {"loss": 1.9908167123794556}, "4": {"loss": 1.5481536388397217}}