{"0": {"loss": 2.650946511162652}, "1": {"loss": 2.2401627434624567}, "2": {"loss": 1.7713039186265733}, "3": {"loss": 1.3149068620469835}, "4": {"loss": 2.748811297946506}}