{"0": {"loss": 2.2261130291482676}, "1": {"loss": 2.3529988164487095}, "2": {"loss": 2.3038912234099014}, "3": {"loss": 1.469148055366848}, "4": {"loss": 1.5025173684825068}}