{"0": {"loss": 2.5270034790039064}, "1": {"loss": 2.1988826751708985}, "2": {"loss": 1.4465566635131837}, "3": {"loss": 1.1674030303955079}, "4": {"loss": 1.1773930549621583}}