{"0": {"loss": 2.382554531097412}, "1": {"loss": 2.1988706588745117}, "2": {"loss": 1.3333444595336914}, "3": {"loss": 1.141807198524475}, "4": {"loss": 1.1894334554672241}}