{"0": {"loss": 2.1153573989868164}, "1": {"loss": 2.3666379928588865}, "2": {"loss": 1.544694423675537}, "3": {"loss": 1.0583842277526856}, "4": {"loss": 1.2515674591064454}}