{"0": {"loss": 2.4151093856148096}, "1": {"loss": 2.199196027672809}, "2": {"loss": 2.066137396770975}, "3": {"loss": 1.624311695928159}, "4": {"loss": 1.5076662146526834}}