{"0": {"loss": 2.2658424377441406}, "1": {"loss": 1.4725875854492188}, "2": {"loss": 0.9766392480759394}, "3": {"loss": 1.078753153483073}, "4": {"loss": 1.3719234466552734}}