{"0": {"loss": 2.0653881072998046}, "1": {"loss": 1.3277446746826171}, "2": {"loss": 0.8621396064758301}, "3": {"loss": 0.9052926063537597}, "4": {"loss": 0.6589617252349853}}