{"0": {"loss": 2.0805015563964844}, "1": {"loss": 1.8760544459025066}, "2": {"loss": 1.932615598042806}, "3": {"loss": 1.8706693649291992}, "4": {"loss": 1.0058097839355469}}