{"0": {"loss": 2.570827007293701}, "1": {"loss": 1.8586422204971313}, "2": {"loss": 1.2008750438690186}, "3": {"loss": 0.7953730225563049}, "4": {"loss": 0.5316269993782043}}