{"0": {"loss": 2.018282110040838}, "1": {"loss": 1.9308048595081677}, "2": {"loss": 1.3644947572187944}, "3": {"loss": 1.965349023992365}, "4": {"loss": 1.5965043848211116}}