{"0": {"loss": 2.0785834789276123}, "1": {"loss": 2.5489704608917236}, "2": {"loss": 1.7909598350524902}, "3": {"loss": 0.9188308715820312}, "4": {"loss": 0.89893639087677}}