{"0": {"loss": 2.13806616741678}, "1": {"loss": 1.7231135161026665}, "2": {"loss": 2.3174367158309273}, "3": {"loss": 1.2781871298085088}, "4": {"loss": 6.331520412279212}}