{"0": {"loss": 2.37825514140882}, "1": {"loss": 2.5806517350046256}, "2": {"loss": 2.1516199613872327}, "3": {"loss": 1.677914770025956}, "4": {"loss": 2.463801936099404}}