{"0": {"loss": 2.3383033058860083}, "1": {"loss": 2.078838174993342}, "2": {"loss": 1.388894948092374}, "3": {"loss": 0.8351260965520685}, "4": {"loss": 0.7699441042813387}}