{"0": {"loss": 2.211375978257921}, "1": {"loss": 2.2673407660590277}, "2": {"loss": 1.5127760569254558}, "3": {"loss": 1.2489529715643988}, "4": {"loss": 1.1505781809488933}}