{"0": {"loss": 3.063718695389597}, "1": {"loss": 1.8872676648591693}, "2": {"loss": 1.2299541674162213}, "3": {"loss": 1.030749471564042}, "4": {"loss": 0.7286375447323448}}