{"0": {"loss": 2.601083755493164}, "1": {"loss": 1.8710509708949499}, "2": {"loss": 1.596529824393136}, "3": {"loss": 1.1839189529418945}, "4": {"loss": 1.0623600142342704}}