{"0": {"loss": 2.285983085632324}, "1": {"loss": 2.285983085632324}, "2": {"loss": 2.285983085632324}, "3": {"loss": 2.285983085632324}, "4": {"loss": 4.626888751983643}}