{"0": {"loss": 1.9226442972819011}, "1": {"loss": 3.616111437479655}, "2": {"loss": 4.742232004801433}, "3": {"loss": 3.5263331731160483}, "4": {"loss": 2.44829527537028}}