{"0": {"loss": 2.7072845458984376}, "1": {"loss": 4.6115577697753904}, "2": {"loss": 2.377647590637207}, "3": {"loss": 2.6712364196777343}, "4": {"loss": 1.3848962783813477}}