{"0": {"loss": 2.989500363667806}, "1": {"loss": 3.7961743672688804}, "2": {"loss": 3.79604434967041}, "3": {"loss": 2.786219914754232}, "4": {"loss": 2.084312121073405}}