{"0": {"loss": 2.4030217257413}, "1": {"loss": 1.9347837621515447}, "2": {"loss": 1.2665290832519531}, "3": {"loss": 1.4413562254472212}, "4": {"loss": 1.2417795007879084}}