{"0": {"loss": 2.627529593075023}, "1": {"loss": 1.641785228953642}, "2": {"loss": 1.0071368497960709}, "3": {"loss": 1.3543411703670727}, "4": {"loss": 1.2530424454632927}}