{"0": {"loss": 1.9157812118530273}, "1": {"loss": 2.8409393310546873}, "2": {"loss": 2.7221302032470702}, "3": {"loss": 2.2188602447509767}, "4": {"loss": 1.0016115188598633}}