{"0": {"loss": 2.565507507324219}, "1": {"loss": 1.8383672078450521}, "2": {"loss": 1.4682629903157551}, "3": {"loss": 1.1914043426513672}, "4": {"loss": 0.930621592203776}}