{"0": {"loss": 2.5701354344685874}, "1": {"loss": 2.896991729736328}, "2": {"loss": 2.5576340357462564}, "3": {"loss": 1.9964949289957683}, "4": {"loss": 1.10515300432841}}