{"0": {"loss": 2.054802894592285}, "1": {"loss": 2.2300488154093423}, "2": {"loss": 3.112867991129557}, "3": {"loss": 2.7205578486124673}, "4": {"loss": 2.946078618367513}}