{"0": {"loss": 2.810429573059082}, "1": {"loss": 2.675109100341797}, "2": {"loss": 1.724375343322754}, "3": {"loss": 1.0144014358520508}, "4": {"loss": 1.0208776473999024}}