{"0": {"loss": 2.2841365814208983}, "1": {"loss": 2.1771621704101562}, "2": {"loss": 1.6267662048339844}, "3": {"loss": 1.2185365676879882}, "4": {"loss": 0.5421502113342285}}