{"0": {"loss": 2.21878539191352}, "1": {"loss": 1.6562436421712239}, "2": {"loss": 1.0662849214341905}, "3": {"loss": 0.724554803636339}, "4": {"loss": 0.6340651512145996}}