{"0": {"loss": 2.467589537302653}, "1": {"loss": 3.331705093383789}, "2": {"loss": 2.6332383155822754}, "3": {"loss": 2.209750493367513}, "4": {"loss": 2.503856341044108}}