{"0": {"loss": 2.2238163581261268}, "1": {"loss": 1.9318275451660156}, "2": {"loss": 0.9977339231050931}, "3": {"loss": 0.773394144498385}, "4": {"loss": 0.614184306218074}}