{"0": {"loss": 2.250372886657715}, "1": {"loss": 2.4570676485697427}, "2": {"loss": 3.0930776596069336}, "3": {"loss": 2.1331653594970703}, "4": {"loss": 1.249666690826416}}