{"0": {"loss": 2.549329630533854}, "1": {"loss": 1.89459228515625}, "2": {"loss": 1.397458012898763}, "3": {"loss": 1.1943196614583333}, "4": {"loss": 0.9220287958780925}}