{"0": {"loss": 2.158048629760742}, "1": {"loss": 1.9309700012207032}, "2": {"loss": 1.6685260772705077}, "3": {"loss": 1.7386951446533203}, "4": {"loss": 2.1701120376586913}}