{"0": {"loss": 2.226810932159424}, "1": {"loss": 1.924708366394043}, "2": {"loss": 1.7963803609212239}, "3": {"loss": 1.1324714024861653}, "4": {"loss": 0.8891409238179525}}