{"0": {"loss": 2.28738285945012}, "1": {"loss": 2.017982189471905}, "2": {"loss": 1.3451100862943208}, "3": {"loss": 1.2031365174513597}, "4": {"loss": 1.2320458338810847}}