{"0": {"loss": 2.2685136795043945}, "1": {"loss": 2.367459774017334}, "2": {"loss": 1.589105486869812}, "3": {"loss": 0.9130036234855652}, "4": {"loss": 0.6033780574798584}}