{"0": {"loss": 2.580317497253418}, "1": {"loss": 3.9008938471476235}, "2": {"loss": 3.923703193664551}, "3": {"loss": 5.646439870198567}, "4": {"loss": 3.4045915603637695}}