{"0": {"loss": 2.301457114841627}, "1": {"loss": 1.9413899960725203}, "2": {"loss": 2.1091111224630605}, "3": {"loss": 2.0790615911069126}, "4": {"loss": 1.751077237336532}}