{"0": {"loss": 2.2408022673233696}, "1": {"loss": 2.4558372497558594}, "2": {"loss": 2.217936308487602}, "3": {"loss": 1.1076864988907524}, "4": {"loss": 1.2087813667629077}}