{"0": {"loss": 3.3714614868164063}, "1": {"loss": 4.509957885742187}, "2": {"loss": 2.323232650756836}, "3": {"loss": 1.370072841644287}, "4": {"loss": 1.0827509880065918}}