{"0": {"loss": 2.135817209879557}, "1": {"loss": 3.155170440673828}, "2": {"loss": 2.010604010687934}, "3": {"loss": 1.1221839057074652}, "4": {"loss": 0.863972028096517}}