{"0": {"loss": 3.163243293762207}, "1": {"loss": 2.447227160135905}, "2": {"loss": 2.178218046824137}, "3": {"loss": 1.3140590985616047}, "4": {"loss": 1.321790297826131}}