{"0": {"loss": 2.722081184387207}, "1": {"loss": 2.350894737243652}, "2": {"loss": 1.416741943359375}, "3": {"loss": 1.5327466964721679}, "4": {"loss": 2.063971519470215}}