{"0": {"loss": 2.294434798391242}, "1": {"loss": 1.7806075246710527}, "2": {"loss": 1.091887825413754}, "3": {"loss": 0.736691625494706}, "4": {"loss": 0.7987098191913805}}