{"0": {"loss": 2.302333450317383}, "1": {"loss": 2.3848085403442383}, "2": {"loss": 1.4997171401977538}, "3": {"loss": 1.8221122741699218}, "4": {"loss": 1.9941396713256836}}