{"0": {"loss": 2.267300287882487}, "1": {"loss": 2.012269549899631}, "2": {"loss": 1.3061623043484158}, "3": {"loss": 0.8420367240905762}, "4": {"loss": 0.6524227460225424}}