{"0": {"loss": 2.1980960152365943}, "1": {"loss": 2.689249212091619}, "2": {"loss": 2.1109494295987217}, "3": {"loss": 1.5823792544278232}, "4": {"loss": 1.0747138803655452}}