{"0": {"loss": 2.5400896072387695}, "1": {"loss": 4.668389797210693}, "2": {"loss": 2.6733579635620117}, "3": {"loss": 1.7414188385009766}, "4": {"loss": 1.2363009452819824}}