{"0": {"loss": 2.0350705782572427}, "1": {"loss": 1.6792076428731282}, "2": {"loss": 1.2763997713724773}, "3": {"loss": 1.1499953269958496}, "4": {"loss": 1.0089826583862305}}