{"0": {"loss": 2.379892349243164}, "1": {"loss": 1.561832774769176}, "2": {"loss": 1.9977162101052024}, "3": {"loss": 1.449890050021085}, "4": {"loss": 0.8948861902410333}}