{"0": {"loss": 2.345369577407837}, "1": {"loss": 2.41702938079834}, "2": {"loss": 1.3257818222045898}, "3": {"loss": 0.6300739049911499}, "4": {"loss": 0.5674724578857422}}