{"0": {"loss": 2.153589630126953}, "1": {"loss": 1.8119197845458985}, "2": {"loss": 1.0502504348754882}, "3": {"loss": 0.6838109970092774}, "4": {"loss": 0.5298311710357666}}