{"0": {"loss": 2.132863998413086}, "1": {"loss": 2.535207748413086}, "2": {"loss": 3.4514881134033204}, "3": {"loss": 2.980381965637207}, "4": {"loss": 2.8000246047973634}}