{"0": {"loss": 2.2803692450890174}, "1": {"loss": 1.613049287062425}, "2": {"loss": 1.1110002811138446}, "3": {"loss": 1.0441207152146559}, "4": {"loss": 0.7789718921367939}}