{"0": {"loss": 2.1688259669712613}, "1": {"loss": 2.5105133056640625}, "2": {"loss": 2.471386500767299}, "3": {"loss": 2.5457085200718472}, "4": {"loss": 2.7813118525913785}}