{"0": {"loss": 2.120274543762207}, "1": {"loss": 2.082441488901774}, "2": {"loss": 2.779698689778646}, "3": {"loss": 3.9285151163736978}, "4": {"loss": 1.6517942746480305}}