{"0": {"loss": 2.900501251220703}, "1": {"loss": 1.751780010405041}, "2": {"loss": 1.4219669160388766}, "3": {"loss": 1.1497667403448195}, "4": {"loss": 1.3177345820835658}}