{"0": {"loss": 2.432033090030446}, "1": {"loss": 1.6826095581054688}, "2": {"loss": 1.1100316889145796}, "3": {"loss": 0.9427987266989315}, "4": {"loss": 1.0612412620993221}}