{"0": {"loss": 2.478648715549045}, "1": {"loss": 6.166842566596137}, "2": {"loss": 4.592825147840712}, "3": {"loss": 2.1210655636257596}, "4": {"loss": 1.4740614361233182}}