{"0": {"loss": 2.2599740028381348}, "1": {"loss": 1.961604913075765}, "2": {"loss": 1.5815401077270508}, "3": {"loss": 1.6342339515686035}, "4": {"loss": 2.1465320587158203}}