{"0": {"loss": 2.4538421630859375}, "1": {"loss": 3.464181137084961}, "2": {"loss": 4.065951919555664}, "3": {"loss": 1.4970026016235352}, "4": {"loss": 0.8824034690856933}}