{"0": {"loss": 2.6402783393859863}, "1": {"loss": 2.7349465688069663}, "2": {"loss": 1.8922678629557292}, "3": {"loss": 2.916860262552897}, "4": {"loss": 1.643997033437093}}