{"0": {"loss": 3.2345818110874722}, "1": {"loss": 2.16607734135219}, "2": {"loss": 1.6166909081595284}, "3": {"loss": 1.6842404774257116}, "4": {"loss": 1.4231437955583846}}