{"0": {"loss": 2.2232556343078613}, "1": {"loss": 2.2871116002400718}, "2": {"loss": 1.099276065826416}, "3": {"loss": 0.7462129592895508}, "4": {"loss": 0.8958486715952555}}