{"0": {"loss": 2.287021001180013}, "1": {"loss": 1.6674910651312933}, "2": {"loss": 1.2630587683783636}, "3": {"loss": 0.8894972271389432}, "4": {"loss": 1.9124567243787978}}