{"0": {"loss": 2.495042928059896}, "1": {"loss": 1.7071063995361329}, "2": {"loss": 1.3755303700764974}, "3": {"loss": 1.1319653828938803}, "4": {"loss": 2.3629226684570312}}