{"0": {"loss": 2.464672088623047}, "1": {"loss": 2.3504199981689453}, "2": {"loss": 1.5303375244140625}, "3": {"loss": 2.1793785095214844}, "4": {"loss": 2.4561489105224608}}