{"0": {"loss": 1.9511655171712239}, "1": {"loss": 1.3090572357177734}, "2": {"loss": 1.3096851167224703}, "3": {"loss": 0.7754571097237724}, "4": {"loss": 1.5971532549176897}}