{"0": {"loss": 2.188059599503227}, "1": {"loss": 2.010283262833305}, "2": {"loss": 2.4798230710236924}, "3": {"loss": 2.0719032287597656}, "4": {"loss": 1.4476480898649797}}