{"0": {"loss": 2.273096951571378}, "1": {"loss": 1.918072440407493}, "2": {"loss": 3.3267031582919033}, "3": {"loss": 3.128247694535689}, "4": {"loss": 2.9604211287064985}}