{"0": {"loss": 2.578148088957134}, "1": {"loss": 2.0393943786621094}, "2": {"loss": 1.9459702341180098}, "3": {"loss": 1.953755027369449}, "4": {"loss": 1.378999208149157}}