{"0": {"loss": 2.0072280883789064}, "1": {"loss": 2.6243917465209963}, "2": {"loss": 1.8558788299560547}, "3": {"loss": 1.3649816513061523}, "4": {"loss": 1.1609206199645996}}