{"0": {"loss": 1.9636690616607666}, "1": {"loss": 3.3044302463531494}, "2": {"loss": 4.458242893218994}, "3": {"loss": 5.968540191650391}, "4": {"loss": 9.130057334899902}}