{"0": {"loss": 2.172555923461914}, "1": {"loss": 2.172555923461914}, "2": {"loss": 2.1793746948242188}, "3": {"loss": 1.9901843070983887}, "4": {"loss": 1.8549511432647705}}