{"0": {"loss": 2.2272868837629045}, "1": {"loss": 1.6262341908046178}, "2": {"loss": 1.1685947690691267}, "3": {"loss": 0.7765767233712333}, "4": {"loss": 0.7177847453526088}}