{"0": {"loss": 2.750750405447824}, "1": {"loss": 2.2030270440237865}, "2": {"loss": 1.8064430781773158}, "3": {"loss": 0.875577586037772}, "4": {"loss": 0.7723910467965263}}