{"0": {"loss": 2.0385398864746094}, "1": {"loss": 3.385907309395926}, "2": {"loss": 2.8441399165562222}, "3": {"loss": 1.610403333391462}, "4": {"loss": 0.7282513890947614}}