{"0": {"loss": 2.1536914825439455}, "1": {"loss": 2.1442337036132812}, "2": {"loss": 1.3146574020385742}, "3": {"loss": 0.747457218170166}, "4": {"loss": 0.4896270275115967}}