{"0": {"loss": 2.4426211306923316}, "1": {"loss": 2.047059912430613}, "2": {"loss": 1.1834975794741982}, "3": {"loss": 1.3787283646432977}, "4": {"loss": 1.2780814923738177}}