{"0": {"loss": 2.3892781184269833}, "1": {"loss": 1.764551309438852}, "2": {"loss": 0.9904372141911433}, "3": {"loss": 0.5565807635967548}, "4": {"loss": 0.5624241828918457}}