{"0": {"loss": 2.1238651275634766}, "1": {"loss": 1.9726028442382812}, "2": {"loss": 1.766548752784729}, "3": {"loss": 1.3925254344940186}, "4": {"loss": 1.2402589321136475}}