{"0": {"loss": 3.623760223388672}, "1": {"loss": 1.741166114807129}, "2": {"loss": 1.4358611106872559}, "3": {"loss": 1.206533145904541}, "4": {"loss": 1.639206314086914}}