{"0": {"loss": 2.564679579301314}, "1": {"loss": 1.553566499189897}, "2": {"loss": 0.9307907277887518}, "3": {"loss": 0.7401911128651012}, "4": {"loss": 0.6044290282509543}}