{"0": {"loss": 2.3255571885542436}, "1": {"loss": 1.4860997633500532}, "2": {"loss": 1.0545807751742275}, "3": {"loss": 1.1591629548506304}, "4": {"loss": 3.025902834805575}}