{"0": {"loss": 2.5384010314941405}, "1": {"loss": 2.349798583984375}, "2": {"loss": 2.1024202346801757}, "3": {"loss": 2.2233913421630858}, "4": {"loss": 1.7310794830322265}}