{"0": {"loss": 2.501225471496582}, "1": {"loss": 3.602376937866211}, "2": {"loss": 4.088578701019287}, "3": {"loss": 2.8630104064941406}, "4": {"loss": 2.5161736011505127}}