{"0": {"loss": 2.3968652997698103}, "1": {"loss": 1.9208318165370397}, "2": {"loss": 1.7440776824951172}, "3": {"loss": 1.456773349217006}, "4": {"loss": 1.4215706416538783}}