{"0": {"loss": 3.1139837900797525}, "1": {"loss": 2.655620892842611}, "2": {"loss": 1.6693811416625977}, "3": {"loss": 1.5045712788899739}, "4": {"loss": 1.7863774299621582}}