{"0": {"loss": 2.3138699531555176}, "1": {"loss": 2.4779112339019775}, "2": {"loss": 1.767737627029419}, "3": {"loss": 1.1750388145446777}, "4": {"loss": 0.733345627784729}}