{"0": {"loss": 2.2898839314778647}, "1": {"loss": 1.9107100168863933}, "2": {"loss": 1.7379714647928874}, "3": {"loss": 1.2305034001668294}, "4": {"loss": 0.7349194685618082}}