{"0": {"loss": 2.6621104153719815}, "1": {"loss": 2.796205694025213}, "2": {"loss": 2.4601771614768286}, "3": {"loss": 6.990380027077415}, "4": {"loss": 7.347144386985085}}