{"0": {"loss": 2.2132183074951173}, "1": {"loss": 1.642379379272461}, "2": {"loss": 0.9596315383911133}, "3": {"loss": 0.6740410804748536}, "4": {"loss": 0.5697447299957276}}