{"0": {"loss": 2.434634208679199}, "1": {"loss": 2.9068276087443032}, "2": {"loss": 2.2065866788228354}, "3": {"loss": 1.6203699111938477}, "4": {"loss": 3.1611099243164062}}