{"0": {"loss": 2.388724840604342}, "1": {"loss": 2.04079349224384}, "2": {"loss": 1.9019517164963942}, "3": {"loss": 1.2221250534057617}, "4": {"loss": 1.0565864856426532}}