{"0": {"loss": 2.1919775009155273}, "1": {"loss": 3.2826590538024902}, "2": {"loss": 2.8736116886138916}, "3": {"loss": 3.1921112537384033}, "4": {"loss": 3.0008368492126465}}