{"0": {"loss": 2.6480016708374023}, "1": {"loss": 2.569118881225586}, "2": {"loss": 2.5847816467285156}, "3": {"loss": 1.3610474586486816}, "4": {"loss": 0.9009650230407715}}