{"0": {"loss": 2.10623515735973}, "1": {"loss": 1.8702661340886897}, "2": {"loss": 1.4464849125255237}, "3": {"loss": 1.4795915430242366}, "4": {"loss": 1.3241898796775124}}