{"0": {"loss": 2.0658962726593018}, "1": {"loss": 1.806919813156128}, "2": {"loss": 1.290692925453186}, "3": {"loss": 1.4749462604522705}, "4": {"loss": 0.8116594552993774}}