{"0": {"loss": 2.1684310095650807}, "1": {"loss": 1.9280121667044503}, "2": {"loss": 0.944324084690639}, "3": {"loss": 1.0688090324401855}, "4": {"loss": 0.19324452536446707}}