{"0": {"loss": 2.444638252258301}, "1": {"loss": 2.584967851638794}, "2": {"loss": 2.9885551929473877}, "3": {"loss": 3.10933780670166}, "4": {"loss": 1.5815916061401367}}