{"0": {"loss": 2.3279884656270347}, "1": {"loss": 3.2646239598592124}, "2": {"loss": 3.2684097290039062}, "3": {"loss": 2.202098846435547}, "4": {"loss": 1.4643616676330566}}