{"0": {"loss": 2.6456043936989526}, "1": {"loss": 2.026412617076527}, "2": {"loss": 1.6603683124889026}, "3": {"loss": 1.022629824551669}, "4": {"loss": 2.4142508073286577}}