{"0": {"loss": 1.9983205795288086}, "1": {"loss": 2.0142011642456055}, "2": {"loss": 1.7598071098327637}, "3": {"loss": 1.5221664905548096}, "4": {"loss": 1.1496546268463135}}