{"0": {"loss": 2.10785260407821}, "1": {"loss": 1.8518182505731997}, "2": {"loss": 2.4347484422766645}, "3": {"loss": 1.8491055032481318}, "4": {"loss": 1.6280598847762398}}