{"0": {"loss": 3.1071798324584963}, "1": {"loss": 1.974100685119629}, "2": {"loss": 1.0715801239013671}, "3": {"loss": 0.8093639373779297}, "4": {"loss": 0.7053196430206299}}