{"0": {"loss": 2.377655029296875}, "1": {"loss": 2.2104679107666017}, "2": {"loss": 1.1637595176696778}, "3": {"loss": 0.8546554565429687}, "4": {"loss": 1.1494411468505858}}