{"0": {"loss": 2.355449948992048}, "1": {"loss": 2.608229773385184}, "2": {"loss": 1.9249208995274134}, "3": {"loss": 1.426072256905692}, "4": {"loss": 1.0481627328055245}}