{"0": {"loss": 2.9632411532931857}, "1": {"loss": 1.974974102444119}, "2": {"loss": 1.2121786541408963}, "3": {"loss": 1.0862032572428386}, "4": {"loss": 2.1346223619249134}}