{"0": {"loss": 3.2340965270996094}, "1": {"loss": 2.4610395431518555}, "2": {"loss": 1.8598881959915161}, "3": {"loss": 1.3058470487594604}, "4": {"loss": 1.8483405113220215}}