{"0": {"loss": 2.9298182035747327}, "1": {"loss": 2.1909500925164473}, "2": {"loss": 1.7025473745245683}, "3": {"loss": 1.7945946141293174}, "4": {"loss": 1.1246814727783203}}