{"0": {"loss": 2.867422440472771}, "1": {"loss": 2.1842200335334327}, "2": {"loss": 1.3613332860610063}, "3": {"loss": 1.0387397092931412}, "4": {"loss": 1.1397356145522173}}