{"0": {"loss": 2.047813892364502}, "1": {"loss": 1.7956593831380208}, "2": {"loss": 1.1372617085774739}, "3": {"loss": 0.7799665133158366}, "4": {"loss": 0.34241072336832684}}