{"0": {"loss": 2.8962779325597428}, "1": {"loss": 1.9925855748793657}, "2": {"loss": 2.3142794440774357}, "3": {"loss": 6.891970914952895}, "4": {"loss": 8.705577177159926}}