{"0": {"loss": 4.554738998413086}, "1": {"loss": 2.8756256103515625}, "2": {"loss": 1.7527191638946533}, "3": {"loss": 5.960530757904053}, "4": {"loss": 7.439145088195801}}