{"0": {"loss": 2.195902431712431}, "1": {"loss": 2.459096571978401}, "2": {"loss": 1.5311664132510914}, "3": {"loss": 1.0402373145608341}, "4": {"loss": 1.307499605066636}}