{"0": {"loss": 2.619307518005371}, "1": {"loss": 2.5945067405700684}, "2": {"loss": 1.8282607396443684}, "3": {"loss": 1.481305440266927}, "4": {"loss": 1.4137118657430012}}