{"0": {"loss": 2.044170538584391}, "1": {"loss": 1.4901987711588542}, "2": {"loss": 1.6399208704630535}, "3": {"loss": 1.4801836013793945}, "4": {"loss": 0.8071754773457845}}