{"0": {"loss": 2.229756562606148}, "1": {"loss": 1.6178311886994734}, "2": {"loss": 1.510529725447945}, "3": {"loss": 1.8609713678774626}, "4": {"loss": 11.437055504840353}}