{"0": {"loss": 2.1528773307800293}, "1": {"loss": 2.2783985137939453}, "2": {"loss": 1.6409913698832195}, "3": {"loss": 0.7384024461110433}, "4": {"loss": 0.5946500698725382}}