{"0": {"loss": 2.5814832051595054}, "1": {"loss": 2.432185490926107}, "2": {"loss": 1.807912826538086}, "3": {"loss": 1.3032137552897136}, "4": {"loss": 0.9760385089450412}}