{"0": {"loss": 2.631321626551011}, "1": {"loss": 1.8164880415972542}, "2": {"loss": 1.1129368052763098}, "3": {"loss": 1.2878414602840649}, "4": {"loss": 0.8045369877534754}}