{"0": {"loss": 2.288872310093471}, "1": {"loss": 2.6339383806501115}, "2": {"loss": 1.4174752916608537}, "3": {"loss": 0.8782166072300502}, "4": {"loss": 0.6074436051504952}}