{"0": {"loss": 2.2548196212105127}, "1": {"loss": 1.9620517233143682}, "2": {"loss": 2.051853014075238}, "3": {"loss": 1.4240556799847146}, "4": {"loss": 1.6878295566724695}}