{"0": {"loss": 1.894771977474815}, "1": {"loss": 2.2247956928453947}, "2": {"loss": 1.8254593297054893}, "3": {"loss": 1.2728673031455593}, "4": {"loss": 1.886943214818051}}