{"0": {"loss": 2.1154189109802246}, "1": {"loss": 2.0106355349222818}, "2": {"loss": 1.14126189549764}, "3": {"loss": 0.9350208441416422}, "4": {"loss": 0.9687186082204183}}