{"0": {"loss": 3.501711436680385}, "1": {"loss": 8.237105778285436}, "2": {"loss": 8.50648662022182}, "3": {"loss": 7.270629337855747}, "4": {"loss": 7.827304295131138}}