{"0": {"loss": 2.4451217651367188}, "1": {"loss": 2.7530595779418947}, "2": {"loss": 1.4947850227355957}, "3": {"loss": 0.89473876953125}, "4": {"loss": 0.5308509349822998}}