{"0": {"loss": 2.3401331583658855}, "1": {"loss": 1.7221092224121093}, "2": {"loss": 1.3996167500813803}, "3": {"loss": 0.8538613001505534}, "4": {"loss": 0.8310821533203125}}