{"0": {"loss": 2.2412681579589844}, "1": {"loss": 2.462461233139038}, "2": {"loss": 1.3981866836547852}, "3": {"loss": 1.0089244842529297}, "4": {"loss": 0.7517054677009583}}