{"0": {"loss": 2.6170992170061385}, "1": {"loss": 2.75350216456822}, "2": {"loss": 1.8358640670776367}, "3": {"loss": 1.1591980797903878}, "4": {"loss": 0.649918964930943}}