{"0": {"loss": 2.113959312438965}, "1": {"loss": 1.772071075439453}, "2": {"loss": 1.6739742279052734}, "3": {"loss": 1.7158510208129882}, "4": {"loss": 2.055094909667969}}