{"0": {"loss": 2.050662812732515}, "1": {"loss": 1.5730821518670945}, "2": {"loss": 1.4727296375093006}, "3": {"loss": 1.455923625401088}, "4": {"loss": 1.9310513450985862}}