{"0": {"loss": 2.9868547439575197}, "1": {"loss": 2.161392021179199}, "2": {"loss": 1.1161746025085448}, "3": {"loss": 0.8364601135253906}, "4": {"loss": 0.7770051956176758}}