{"0": {"loss": 2.479133129119873}, "1": {"loss": 2.588491201400757}, "2": {"loss": 2.361056089401245}, "3": {"loss": 1.7357337474822998}, "4": {"loss": 1.245969295501709}}