{"0": {"loss": 2.486790895462036}, "1": {"loss": 2.0287609100341797}, "2": {"loss": 1.7798309326171875}, "3": {"loss": 1.4347095489501953}, "4": {"loss": 1.0805790424346924}}