{"0": {"loss": 2.5440701802571613}, "1": {"loss": 2.0241807301839194}, "2": {"loss": 1.7129716237386068}, "3": {"loss": 1.4817816416422527}, "4": {"loss": 1.1599002838134767}}