{"0": {"loss": 2.192278120252821}, "1": {"loss": 2.8042886522081165}, "2": {"loss": 1.3437401453653972}, "3": {"loss": 1.1474375194973416}, "4": {"loss": 1.0569438934326172}}