{"0": {"loss": 2.2900850632611442}, "1": {"loss": 1.9668253730325138}, "2": {"loss": 1.0382291008444393}, "3": {"loss": 0.7325675627764534}, "4": {"loss": 1.5530718635110294}}