{"0": {"loss": 2.1959332552823154}, "1": {"loss": 1.797872543334961}, "2": {"loss": 1.1741018295288086}, "3": {"loss": 1.630609859119762}, "4": {"loss": 1.6304522427645596}}