{"0": {"loss": 2.2528374989827475}, "1": {"loss": 2.870944129096137}, "2": {"loss": 1.7143982781304254}, "3": {"loss": 1.0197778277926974}, "4": {"loss": 0.8480961057874892}}