{"0": {"loss": 2.1333830091688366}, "1": {"loss": 1.765899870130751}, "2": {"loss": 1.7268524169921875}, "3": {"loss": 1.0219049453735352}, "4": {"loss": 1.6750284830729167}}