{"0": {"loss": 3.007163238525391}, "1": {"loss": 2.2730077743530273}, "2": {"loss": 1.2352278709411622}, "3": {"loss": 1.0601263046264648}, "4": {"loss": 1.6742753982543945}}