{"0": {"loss": 2.409183774675642}, "1": {"loss": 2.706472396850586}, "2": {"loss": 2.2370665413992747}, "3": {"loss": 1.5287649972098214}, "4": {"loss": 1.0166800362723214}}