{"0": {"loss": 2.105743408203125}, "1": {"loss": 2.0473332038292518}, "2": {"loss": 1.6913418403038611}, "3": {"loss": 1.7968050149770884}, "4": {"loss": 1.6348777184119592}}