{"0": {"loss": 2.6731879192849863}, "1": {"loss": 1.6223635466202446}, "2": {"loss": 1.5329017639160156}, "3": {"loss": 1.676837091860564}, "4": {"loss": 1.4882910355277683}}