{"0": {"loss": 2.1997642517089844}, "1": {"loss": 1.8203252792358398}, "2": {"loss": 1.1307359695434571}, "3": {"loss": 0.7096721649169921}, "4": {"loss": 1.2306887626647949}}