{"0": {"loss": 2.2110235426161022}, "1": {"loss": 1.622963269551595}, "2": {"loss": 2.0944061279296875}, "3": {"loss": 1.4916884104410808}, "4": {"loss": 1.823526594373915}}