{"0": {"loss": 2.2495007722274116}, "1": {"loss": 2.014635334844175}, "2": {"loss": 5.168731689453125}, "3": {"loss": 3.4839573735776157}, "4": {"loss": 2.6255377064580503}}