{"0": {"loss": 2.122105371384394}, "1": {"loss": 2.225103287469773}, "2": {"loss": 1.929466792515346}, "3": {"loss": 2.344843001592727}, "4": {"loss": 2.1143531799316406}}