{"0": {"loss": 2.0564882278442385}, "1": {"loss": 1.7573040008544922}, "2": {"loss": 1.1669914245605468}, "3": {"loss": 0.617334508895874}, "4": {"loss": 0.6093888282775879}}