{"0": {"loss": 2.0654109608043325}, "1": {"loss": 1.8627166748046875}, "2": {"loss": 1.5837412747469815}, "3": {"loss": 1.5416214682839133}, "4": {"loss": 1.4795506217262961}}