{"0": {"loss": 2.830866726962003}, "1": {"loss": 2.06693527915261}, "2": {"loss": 1.4135506369850852}, "3": {"loss": 0.9203928167169745}, "4": {"loss": 3.872296766801314}}