{"0": {"loss": 2.097167205810547}, "1": {"loss": 2.054768371582031}, "2": {"loss": 2.3265024185180665}, "3": {"loss": 1.6191068649291993}, "4": {"loss": 0.8775589942932129}}