{"0": {"loss": 2.230073845904806}, "1": {"loss": 2.1640348019807236}, "2": {"loss": 3.143151988153872}, "3": {"loss": 1.6468341661536174}, "4": {"loss": 1.9028340215268342}}