{"0": {"loss": 2.6179406907823353}, "1": {"loss": 2.0252787272135415}, "2": {"loss": 1.7278207143147786}, "3": {"loss": 1.3893023596869574}, "4": {"loss": 1.0906811820136175}}