{"0": {"loss": 2.2449533939361572}, "1": {"loss": 2.283379316329956}, "2": {"loss": 2.019566535949707}, "3": {"loss": 3.0553643703460693}, "4": {"loss": 2.9154844284057617}}