{"0": {"loss": 2.159012794494629}, "1": {"loss": 2.0230860710144043}, "2": {"loss": 1.6012887954711914}, "3": {"loss": 1.6022217273712158}, "4": {"loss": 2.036207914352417}}