{"0": {"loss": 2.0652294158935547}, "1": {"loss": 1.6824869579739041}, "2": {"loss": 1.2204545338948567}, "3": {"loss": 0.7621377838982476}, "4": {"loss": 0.7529196739196777}}