{"0": {"loss": 2.5664465767996654}, "1": {"loss": 2.056337356567383}, "2": {"loss": 1.5064191818237305}, "3": {"loss": 5.02842766898019}, "4": {"loss": 7.962176186697824}}