{"0": {"loss": 2.4000452677408854}, "1": {"loss": 1.6696654001871745}, "2": {"loss": 1.3258076985677083}, "3": {"loss": 1.7330365498860678}, "4": {"loss": 1.0398958206176758}}