{"0": {"loss": 2.2559883117675783}, "1": {"loss": 1.6828197479248046}, "2": {"loss": 1.1979474385579427}, "3": {"loss": 1.2603331247965495}, "4": {"loss": 1.3968238830566406}}