{"0": {"loss": 2.9845567430768694}, "1": {"loss": 2.46549197605678}, "2": {"loss": 2.430427278791155}, "3": {"loss": 2.4681500026157925}, "4": {"loss": 2.0269760404314314}}