{"0": {"loss": 2.407646973927816}, "1": {"loss": 2.2393158276875815}, "2": {"loss": 1.5024213790893555}, "3": {"loss": 0.8647157351175944}, "4": {"loss": 0.8095138867696127}}