{"0": {"loss": 2.0305374463399253}, "1": {"loss": 1.658639907836914}, "2": {"loss": 1.0127679506937664}, "3": {"loss": 0.8331964015960693}, "4": {"loss": 0.8033991654713949}}