{"0": {"loss": 2.1689385308159723}, "1": {"loss": 1.7263545989990234}, "2": {"loss": 1.419910642835829}, "3": {"loss": 1.0863819122314453}, "4": {"loss": 1.1541704601711698}}