{"0": {"loss": 2.636748123168945}, "1": {"loss": 3.355643463134766}, "2": {"loss": 2.448769760131836}, "3": {"loss": 1.5219975471496583}, "4": {"loss": 2.101466751098633}}