{"0": {"loss": 1.9933230082194011}, "1": {"loss": 2.222790082295736}, "2": {"loss": 1.9821395874023438}, "3": {"loss": 2.010000387827555}, "4": {"loss": 1.18787415822347}}