{"0": {"loss": 2.552744012129934}, "1": {"loss": 1.9381804215280634}, "2": {"loss": 1.5204005994294818}, "3": {"loss": 1.456096046849301}, "4": {"loss": 1.735323052657278}}