{"0": {"loss": 2.425151507059733}, "1": {"loss": 2.085954507191976}, "2": {"loss": 1.268194039662679}, "3": {"loss": 1.076415220896403}, "4": {"loss": 0.9137017726898193}}