{"0": {"loss": 2.6394134189771568}, "1": {"loss": 1.7683748991593071}, "2": {"loss": 1.8921301468558933}, "3": {"loss": 1.715965934421705}, "4": {"loss": 1.278641659280528}}