{"0": {"loss": 2.2940691630045573}, "1": {"loss": 1.720238240559896}, "2": {"loss": 1.8647256215413412}, "3": {"loss": 1.578253682454427}, "4": {"loss": 2.1911387125651043}}