{"0": {"loss": 2.2380313873291016}, "1": {"loss": 6.392733383178711}, "2": {"loss": 7.130330657958984}, "3": {"loss": 5.373605728149414}, "4": {"loss": 3.3186805725097654}}