{"0": {"loss": 2.2446306402033027}, "1": {"loss": 1.4848717776211826}, "2": {"loss": 1.138892954046076}, "3": {"loss": 0.7435632185502485}, "4": {"loss": 0.5798775066028942}}