{"0": {"loss": 2.2553593179453975}, "1": {"loss": 1.8945057081139607}, "2": {"loss": 1.9595919070036516}, "3": {"loss": 1.329289726589037}, "4": {"loss": 1.2114282690960427}}