{"0": {"loss": 2.0643845876057942}, "1": {"loss": 1.7529719034830729}, "2": {"loss": 1.028770891825358}, "3": {"loss": 0.956781514485677}, "4": {"loss": 0.6597012837727865}}