{"0": {"loss": 2.154778003692627}, "1": {"loss": 2.154778003692627}, "2": {"loss": 3.0284857749938965}, "3": {"loss": 2.8587350845336914}, "4": {"loss": 3.017320394515991}}