{"0": {"loss": 2.1741612752278647}, "1": {"loss": 2.173198382059733}, "2": {"loss": 1.900166670481364}, "3": {"loss": 1.4520727793375652}, "4": {"loss": 1.525918960571289}}