{"0": {"loss": 2.5946696354792667}, "1": {"loss": 1.743754900418795}, "2": {"loss": 1.5816114865816557}, "3": {"loss": 1.063739849970891}, "4": {"loss": 0.6473290370060847}}