{"0": {"loss": 1.9634027026948475}, "1": {"loss": 1.3947213490804036}, "2": {"loss": 1.1852818443661643}, "3": {"loss": 1.2389673505510603}, "4": {"loss": 2.0301666259765625}}