{"0": {"loss": 2.3054357528686524}, "1": {"loss": 2.0969989776611326}, "2": {"loss": 1.5826872825622558}, "3": {"loss": 0.8648926734924316}, "4": {"loss": 1.0722691535949707}}