{"0": {"loss": 2.2284868558247886}, "1": {"loss": 2.284725824991862}, "2": {"loss": 2.1673097610473633}, "3": {"loss": 1.5494683583577473}, "4": {"loss": 0.9395281473795573}}