{"0": {"loss": 2.0324995517730713}, "1": {"loss": 1.6206163167953491}, "2": {"loss": 1.779118537902832}, "3": {"loss": 1.9625232219696045}, "4": {"loss": 1.0818532705307007}}