{"0": {"loss": 3.397939855402166}, "1": {"loss": 4.755582982843572}, "2": {"loss": 3.2189854708584873}, "3": {"loss": 3.864075400612571}, "4": {"loss": 2.8962861841375176}}