{"0": {"loss": 2.2584029303656683}, "1": {"loss": 1.6618406507703993}, "2": {"loss": 1.6187107298109267}, "3": {"loss": 1.1467699474758573}, "4": {"loss": 1.0671686596340604}}