{"0": {"loss": 2.4731287638346355}, "1": {"loss": 2.2403109232584635}, "2": {"loss": 1.779919179280599}, "3": {"loss": 1.0968055725097656}, "4": {"loss": 1.4102218627929688}}