{"0": {"loss": 2.1834943294525146}, "1": {"loss": 3.390031337738037}, "2": {"loss": 2.0742440223693848}, "3": {"loss": 1.8195841312408447}, "4": {"loss": 2.6598398685455322}}