{"0": {"loss": 3.352809633527483}, "1": {"loss": 2.23075076511928}, "2": {"loss": 1.8067626953125}, "3": {"loss": 1.2331741877964564}, "4": {"loss": 0.9714033944266183}}