{"0": {"loss": 2.476586023966471}, "1": {"loss": 1.5533030827840169}, "2": {"loss": 1.0136793984307184}, "3": {"loss": 0.8774675263298882}, "4": {"loss": 0.557821167839898}}