{"0": {"loss": 2.2701947138859677}, "1": {"loss": 1.5566819997934194}, "2": {"loss": 1.0798341310941255}, "3": {"loss": 0.8637179594773513}, "4": {"loss": 0.5582578365619366}}