{"0": {"loss": 2.054662916395399}, "1": {"loss": 1.7887651655409071}, "2": {"loss": 1.526030010647244}, "3": {"loss": 1.5553722381591797}, "4": {"loss": 1.6107136408487956}}