{"0": {"loss": 2.072323799133301}, "1": {"loss": 2.1684887749808177}, "2": {"loss": 1.4514458520071847}, "3": {"loss": 0.9403508731297084}, "4": {"loss": 0.8041438375200544}}