{"0": {"loss": 2.3829906781514487}, "1": {"loss": 1.8580304781595867}, "2": {"loss": 1.1509149074554443}, "3": {"loss": 0.7554477055867513}, "4": {"loss": 5.43007214864095}}