{"0": {"loss": 2.577126911708287}, "1": {"loss": 2.0505296162196567}, "2": {"loss": 1.668794904436384}, "3": {"loss": 2.304386956351144}, "4": {"loss": 1.7141471590314592}}