{"0": {"loss": 2.213724136352539}, "1": {"loss": 1.6867446899414062}, "2": {"loss": 1.3709875345230103}, "3": {"loss": 1.3398569822311401}, "4": {"loss": 1.1134165525436401}}