{"0": {"loss": 1.9967551231384277}, "1": {"loss": 2.721980333328247}, "2": {"loss": 2.3478262424468994}, "3": {"loss": 2.684135913848877}, "4": {"loss": 3.0763909816741943}}