{"0": {"loss": 3.084886074066162}, "1": {"loss": 3.7656760215759277}, "2": {"loss": 2.88948917388916}, "3": {"loss": 2.1922292709350586}, "4": {"loss": 2.106248378753662}}