{"0": {"loss": 3.738881301879883}, "1": {"loss": 2.597784996032715}, "2": {"loss": 2.1580293655395506}, "3": {"loss": 2.0807418823242188}, "4": {"loss": 1.11649751663208}}