{"0": {"loss": 2.346461613972982}, "1": {"loss": 2.199276606241862}, "2": {"loss": 2.871350818210178}, "3": {"loss": 2.251540925767687}, "4": {"loss": 1.9925816853841145}}