{"0": {"loss": 2.318338394165039}, "1": {"loss": 1.7636501789093018}, "2": {"loss": 1.1955816745758057}, "3": {"loss": 1.4809644222259521}, "4": {"loss": 1.3536837100982666}}