{"0": {"loss": 2.5793674175555887}, "1": {"loss": 2.3065025623028097}, "2": {"loss": 2.775902087871845}, "3": {"loss": 1.4036860832801232}, "4": {"loss": 1.594907467181866}}