{"0": {"loss": 2.0381637920032847}, "1": {"loss": 2.040644558993253}, "2": {"loss": 2.006641387939453}, "3": {"loss": 1.6381336558948865}, "4": {"loss": 1.5350468375466086}}