{"0": {"loss": 2.9448092778523765}, "1": {"loss": 2.5423601468404136}, "2": {"loss": 2.5693325996398926}, "3": {"loss": 1.4166234334309895}, "4": {"loss": 1.6775058110555012}}