{"0": {"loss": 2.355271252718839}, "1": {"loss": 1.562037381258878}, "2": {"loss": 1.4602151350541548}, "3": {"loss": 1.1988141319968484}, "4": {"loss": 1.178897337480025}}