{"0": {"loss": 2.1907787322998047}, "1": {"loss": 1.9101837703159876}, "2": {"loss": 2.2420058931623186}, "3": {"loss": 1.2084127153669084}, "4": {"loss": 0.8845447812761579}}