{"0": {"loss": 3.5348297119140626}, "1": {"loss": 2.8135881423950195}, "2": {"loss": 2.153783988952637}, "3": {"loss": 1.8088729858398438}, "4": {"loss": 2.9294063568115236}}