{"0": {"loss": 2.2425193786621094}, "1": {"loss": 1.878775057585343}, "2": {"loss": 1.9590538688327954}, "3": {"loss": 1.7338920261548914}, "4": {"loss": 2.4450146219004756}}