{"0": {"loss": 1.9514387448628743}, "1": {"loss": 2.2411931355794272}, "2": {"loss": 2.369526227315267}, "3": {"loss": 2.0634614626566568}, "4": {"loss": 1.3025996685028076}}