{"0": {"loss": 2.166404151916504}, "1": {"loss": 2.1915987014770506}, "2": {"loss": 1.3549198150634765}, "3": {"loss": 1.1466042518615722}, "4": {"loss": 1.308993148803711}}