{"0": {"loss": 2.192821502685547}, "1": {"loss": 1.9728695413340693}, "2": {"loss": 2.0152221347974693}, "3": {"loss": 1.4834068961765454}, "4": {"loss": 1.4729304106339165}}