{"0": {"loss": 2.229480879647391}, "1": {"loss": 2.364988054547991}, "2": {"loss": 1.685830797467913}, "3": {"loss": 1.5571436200823103}, "4": {"loss": 0.9030937467302594}}