{"0": {"loss": 2.525934600830078}, "1": {"loss": 3.1044016520182294}, "2": {"loss": 2.485035451253255}, "3": {"loss": 2.8240641276041667}, "4": {"loss": 1.9796899159749348}}