{"0": {"loss": 2.021502234719016}, "1": {"loss": 1.6390288959849963}, "2": {"loss": 1.2007841630415483}, "3": {"loss": 2.576728647405451}, "4": {"loss": 1.6858021129261365}}