{"0": {"loss": 1.988471508026123}, "1": {"loss": 1.769780158996582}, "2": {"loss": 1.1483057339986165}, "3": {"loss": 1.2122791608174641}, "4": {"loss": 1.046169360478719}}