{"0": {"loss": 2.0295732021331787}, "1": {"loss": 2.438734531402588}, "2": {"loss": 1.7869696617126465}, "3": {"loss": 2.6532230377197266}, "4": {"loss": 1.8678622245788574}}