{"0": {"loss": 3.567237615585327}, "1": {"loss": 3.483201742172241}, "2": {"loss": 2.1203408241271973}, "3": {"loss": 1.9838635921478271}, "4": {"loss": 1.3406754732131958}}