{"0": {"loss": 2.244772434234619}, "1": {"loss": 2.027656078338623}, "2": {"loss": 1.498469591140747}, "3": {"loss": 0.7979280948638916}, "4": {"loss": 0.32504162192344666}}