{"0": {"loss": 3.0912017822265625}, "1": {"loss": 2.123485391790217}, "2": {"loss": 1.348461844704368}, "3": {"loss": 1.1344114650379529}, "4": {"loss": 1.1982810280539773}}