{"0": {"loss": 2.462681857022372}, "1": {"loss": 2.8519968553022905}, "2": {"loss": 2.1923372095281426}, "3": {"loss": 2.2266015139493076}, "4": {"loss": 1.2418072440407493}}