{"0": {"loss": 2.701497459411621}, "1": {"loss": 5.685396575927735}, "2": {"loss": 8.118348693847656}, "3": {"loss": 0.0}, "4": {"loss": 0.0}}