{"0": {"loss": 2.248555224874745}, "1": {"loss": 2.029773048732592}, "2": {"loss": 1.508124475893767}, "3": {"loss": 1.4415755893873132}, "4": {"loss": 1.1486028588336448}}