{"0": {"loss": 2.3864490191141763}, "1": {"loss": 2.2759974797566733}, "2": {"loss": 1.875674565633138}, "3": {"loss": 2.216083844502767}, "4": {"loss": 3.8093303044637046}}