{"0": {"loss": 2.174365724836077}, "1": {"loss": 2.162147658211844}, "2": {"loss": 1.3899447577340263}, "3": {"loss": 1.128967012677874}, "4": {"loss": 0.4882941586630685}}