{"0": {"loss": 2.7977128870346966}, "1": {"loss": 2.033703523523667}, "2": {"loss": 1.0576638614430147}, "3": {"loss": 0.9864270827349495}, "4": {"loss": 0.8258080762975356}}