{"0": {"loss": 2.2304534912109375}, "1": {"loss": 2.0718876382578975}, "2": {"loss": 1.9220290805982507}, "3": {"loss": 1.633139071257218}, "4": {"loss": 1.2685983906621519}}