{"0": {"loss": 2.37348764592951}, "1": {"loss": 2.263936823064631}, "2": {"loss": 2.6151256561279297}, "3": {"loss": 1.9696894558993252}, "4": {"loss": 1.4203453930941494}}