{"0": {"loss": 2.4932456016540527}, "1": {"loss": 2.4932456016540527}, "2": {"loss": 2.4932456016540527}, "3": {"loss": 1.65326726436615}, "4": {"loss": 1.6417304277420044}}