{"0": {"loss": 2.2589929898579917}, "1": {"loss": 2.148683547973633}, "2": {"loss": 2.0887734095255532}, "3": {"loss": 1.9367589950561523}, "4": {"loss": 1.229676882425944}}