{"0": {"loss": 2.2644183418967505}, "1": {"loss": 1.3601389798251065}, "2": {"loss": 1.4412553960626775}, "3": {"loss": 0.8461627960205078}, "4": {"loss": 0.5403233441439542}}