{"0": {"loss": 2.5614343123002485}, "1": {"loss": 2.18292912569913}, "2": {"loss": 1.5987054651433772}, "3": {"loss": 1.0369000001387163}, "4": {"loss": 1.2355110862038352}}