{"0": {"loss": 2.439625295003255}, "1": {"loss": 1.9999871571858725}, "2": {"loss": 1.488200887044271}, "3": {"loss": 1.30697390238444}, "4": {"loss": 0.7650716145833333}}