{"0": {"loss": 2.634082078933716}, "1": {"loss": 2.3308193683624268}, "2": {"loss": 2.3166871070861816}, "3": {"loss": 1.6122418642044067}, "4": {"loss": 1.5148277282714844}}