{"0": {"loss": 2.3757500648498535}, "1": {"loss": 2.132967233657837}, "2": {"loss": 2.10495924949646}, "3": {"loss": 1.8745059967041016}, "4": {"loss": 3.2855944633483887}}