{"0": {"loss": 2.728192102341425}, "1": {"loss": 2.1885067167736234}, "2": {"loss": 1.8810704549153645}, "3": {"loss": 1.2708077203659784}, "4": {"loss": 1.0546808696928478}}