{"0": {"loss": 2.1409358978271484}, "1": {"loss": 1.492438793182373}, "2": {"loss": 0.9513414382934571}, "3": {"loss": 0.706803274154663}, "4": {"loss": 0.7488600254058838}}