{"0": {"loss": 2.3062658309936523}, "1": {"loss": 2.755409049987793}, "2": {"loss": 1.9204381942749023}, "3": {"loss": 1.19822998046875}, "4": {"loss": 0.5343761444091797}}