{"0": {"loss": 2.622669219970703}, "1": {"loss": 3.6668848991394043}, "2": {"loss": 2.82732892036438}, "3": {"loss": 2.6725707054138184}, "4": {"loss": 2.0308971405029297}}