{"0": {"loss": 2.428257942199707}, "1": {"loss": 2.383805751800537}, "2": {"loss": 2.2512922286987305}, "3": {"loss": 0.9753204186757406}, "4": {"loss": 0.8553318977355957}}