{"0": {"loss": 3.4592002868652343}, "1": {"loss": 2.100250244140625}, "2": {"loss": 1.2683259963989257}, "3": {"loss": 0.8709285736083985}, "4": {"loss": 0.7476905345916748}}