{"0": {"loss": 3.450825881958008}, "1": {"loss": 2.373089408874512}, "2": {"loss": 1.6530572891235351}, "3": {"loss": 1.0167542457580567}, "4": {"loss": 0.988245677947998}}