{"0": {"loss": 2.3946316242218018}, "1": {"loss": 1.9186732769012451}, "2": {"loss": 1.2917793989181519}, "3": {"loss": 1.2920217514038086}, "4": {"loss": 1.4948878288269043}}