{"0": {"loss": 2.029179334640503}, "1": {"loss": 1.924397349357605}, "2": {"loss": 1.88099205493927}, "3": {"loss": 0.9843604564666748}, "4": {"loss": 0.789696216583252}}