{"0": {"loss": 2.1767632411076474}, "1": {"loss": 1.843805899986854}, "2": {"loss": 1.0869435530442457}, "3": {"loss": 0.8021174210768479}, "4": {"loss": 0.4517707091111403}}