{"0": {"loss": 2.741627883911133}, "1": {"loss": 2.116779327392578}, "2": {"loss": 1.4047758102416992}, "3": {"loss": 1.2524496078491212}, "4": {"loss": 1.1449137687683106}}