{"0": {"loss": 2.5131451924641928}, "1": {"loss": 1.4938626607259116}, "2": {"loss": 1.4489087422688802}, "3": {"loss": 1.9566811879475912}, "4": {"loss": 1.3643170674641927}}