{"0": {"loss": 2.883607546488444}, "1": {"loss": 5.8970902760823565}, "2": {"loss": 3.7767613728841147}, "3": {"loss": 2.2895706494649253}, "4": {"loss": 2.0633923212687173}}