{"0": {"loss": 2.7397571563720704}, "1": {"loss": 3.2727027893066407}, "2": {"loss": 3.9260482788085938}, "3": {"loss": 2.363530921936035}, "4": {"loss": 1.913515281677246}}