{"0": {"loss": 2.3246944261633833}, "1": {"loss": 2.114999190620754}, "2": {"loss": 5.783284726350204}, "3": {"loss": 7.670974068019701}, "4": {"loss": 6.398091855256454}}