{"0": {"loss": 2.5213310718536377}, "1": {"loss": 2.356351613998413}, "2": {"loss": 1.893474817276001}, "3": {"loss": 1.9776790142059326}, "4": {"loss": 1.3563101291656494}}