{"0": {"loss": 2.262768507003784}, "1": {"loss": 2.5548553466796875}, "2": {"loss": 1.305197834968567}, "3": {"loss": 0.8242104053497314}, "4": {"loss": 0.5566402673721313}}