{"0": {"loss": 2.2043980189732144}, "1": {"loss": 2.3775756472633}, "2": {"loss": 3.0902292160760787}, "3": {"loss": 2.4354102725074407}, "4": {"loss": 1.6961698986235119}}