{"0": {"loss": 2.518910217285156}, "1": {"loss": 2.6720293045043944}, "2": {"loss": 2.1168144226074217}, "3": {"loss": 2.3033971786499023}, "4": {"loss": 2.037793731689453}}