{"0": {"loss": 2.6605982780456543}, "1": {"loss": 3.328334331512451}, "2": {"loss": 2.203075647354126}, "3": {"loss": 1.4694561958312988}, "4": {"loss": 0.9969561100006104}}