{"0": {"loss": 2.4406320571899416}, "1": {"loss": 2.0466806411743166}, "2": {"loss": 1.4343388557434082}, "3": {"loss": 1.5249480247497558}, "4": {"loss": 1.3083059310913085}}