{"0": {"loss": 2.281138038635254}, "1": {"loss": 3.1997209548950196}, "2": {"loss": 2.041251373291016}, "3": {"loss": 1.179450511932373}, "4": {"loss": 1.8505420684814453}}