{"0": {"loss": 2.3193253108433316}, "1": {"loss": 1.7581142698015486}, "2": {"loss": 1.342024258204869}, "3": {"loss": 0.8329841068812779}, "4": {"loss": 0.8967266082763672}}