{"0": {"loss": 2.430029782381925}, "1": {"loss": 1.5654137351296165}, "2": {"loss": 1.0835131731900303}, "3": {"loss": 0.5469830686395819}, "4": {"loss": 0.5355485569347035}}