{"0": {"loss": 2.166539510091146}, "1": {"loss": 2.553839365641276}, "2": {"loss": 1.997336705525716}, "3": {"loss": 1.066928784052531}, "4": {"loss": 0.7042880058288574}}