{"0": {"loss": 2.2624809741973877}, "1": {"loss": 2.8680286407470703}, "2": {"loss": 1.911626935005188}, "3": {"loss": 1.349944829940796}, "4": {"loss": 1.2161962985992432}}