{"0": {"loss": 2.3635801315307616}, "1": {"loss": 2.5380271911621093}, "2": {"loss": 2.4079360961914062}, "3": {"loss": 1.8568029403686523}, "4": {"loss": 1.7449668884277343}}