{"0": {"loss": 2.876405022361062}, "1": {"loss": 3.1528146917169746}, "2": {"loss": 2.4143092415549536}, "3": {"loss": 1.2892139608209783}, "4": {"loss": 1.203251751986417}}