{"0": {"loss": 2.6879936667049633}, "1": {"loss": 2.287257699405446}, "2": {"loss": 1.3820603314568014}, "3": {"loss": 1.427361432243796}, "4": {"loss": 1.0803293340346392}}