{"0": {"loss": 3.6270953091708096}, "1": {"loss": 2.2502221194180576}, "2": {"loss": 1.3567842136729846}, "3": {"loss": 0.7277240753173828}, "4": {"loss": 0.4560443704778498}}