{"0": {"loss": 2.115323781967163}, "1": {"loss": 2.060582160949707}, "2": {"loss": 1.5506212711334229}, "3": {"loss": 1.3584253787994385}, "4": {"loss": 1.0340311527252197}}