{"0": {"loss": 2.7001220158168246}, "1": {"loss": 3.011333738054548}, "2": {"loss": 2.5356428963797435}, "3": {"loss": 1.4452322551182337}, "4": {"loss": 1.2512963158743722}}