{"0": {"loss": 3.3257131074604236}, "1": {"loss": 2.4959841276469983}, "2": {"loss": 1.4533531791285466}, "3": {"loss": 1.7485988014622738}, "4": {"loss": 1.8710792943050987}}