{"0": {"loss": 2.4737653096516925}, "1": {"loss": 1.8568644205729166}, "2": {"loss": 2.4000752766927085}, "3": {"loss": 2.0347470601399738}, "4": {"loss": 2.2577524820963544}}