{"0": {"loss": 4.047607823422081}, "1": {"loss": 1.8271954185084294}, "2": {"loss": 1.133231614765368}, "3": {"loss": 2.375919141267475}, "4": {"loss": 1.7216415405273438}}