{"0": {"loss": 2.2664482593536377}, "1": {"loss": 3.673142910003662}, "2": {"loss": 2.415300130844116}, "3": {"loss": 1.3956456184387207}, "4": {"loss": 0.9256839156150818}}