{"0": {"loss": 2.0536215040418835}, "1": {"loss": 1.7919898562961154}, "2": {"loss": 1.5624767939249675}, "3": {"loss": 0.9713059531317817}, "4": {"loss": 1.5539012485080295}}