{"0": {"loss": 2.3384180570903577}, "1": {"loss": 2.800899706388775}, "2": {"loss": 1.6640949249267578}, "3": {"loss": 1.2082131034449528}, "4": {"loss": 1.2400019796271073}}