{"0": {"loss": 2.2006048474993025}, "1": {"loss": 2.455417905535017}, "2": {"loss": 2.3868653433663503}, "3": {"loss": 2.204805374145508}, "4": {"loss": 2.206265722002302}}