{"0": {"loss": 4.726473808288574}, "1": {"loss": 4.882738431294759}, "2": {"loss": 2.863261858622233}, "3": {"loss": 2.3009117444356284}, "4": {"loss": 1.4031163851420085}}