{"0": {"loss": 2.051461628505162}, "1": {"loss": 2.146797316414969}, "2": {"loss": 2.4782011849539622}, "3": {"loss": 1.7464207240513392}, "4": {"loss": 1.3147321428571428}}