{"0": {"loss": 2.8278720162131568}, "1": {"loss": 1.9553916237571023}, "2": {"loss": 2.288005655462092}, "3": {"loss": 1.2364618127996272}, "4": {"loss": 0.8812978050925515}}