{"0": {"loss": 2.416984211314808}, "1": {"loss": 1.582751534201882}, "2": {"loss": 1.0374024998057971}, "3": {"loss": 1.0292936671863904}, "4": {"loss": 0.693674997849898}}