{"0": {"loss": 2.641042709350586}, "1": {"loss": 1.8568572998046875}, "2": {"loss": 1.1989330053329468}, "3": {"loss": 1.7275108098983765}, "4": {"loss": 0.8120005130767822}}