{"0": {"loss": 2.0937248865763345}, "1": {"loss": 4.526593208312988}, "2": {"loss": 3.6209287643432617}, "3": {"loss": 3.151153564453125}, "4": {"loss": 2.102466901143392}}