{"0": {"loss": 2.722444451373556}, "1": {"loss": 2.0188341555388076}, "2": {"loss": 1.769432897153108}, "3": {"loss": 1.4635860608971638}, "4": {"loss": 1.170298203178074}}