{"0": {"loss": 2.2737452189127603}, "1": {"loss": 1.966493182712131}, "2": {"loss": 1.3795221116807725}, "3": {"loss": 0.9465724097357856}, "4": {"loss": 0.97332763671875}}