{"0": {"loss": 2.574827755198759}, "1": {"loss": 2.84887201645795}, "2": {"loss": 2.258320079130285}, "3": {"loss": 1.2059521394617416}, "4": {"loss": 0.9456211538875804}}