{"0": {"loss": 3.0741132736206054}, "1": {"loss": 1.9076713562011718}, "2": {"loss": 1.2761526107788086}, "3": {"loss": 1.0640933036804199}, "4": {"loss": 1.0952422142028808}}