{"0": {"loss": 2.866162692799288}, "1": {"loss": 2.5753205243278954}, "2": {"loss": 1.983657163732192}, "3": {"loss": 1.758743734920726}, "4": {"loss": 1.8945931827320772}}