{"0": {"loss": 2.155173492431641}, "1": {"loss": 1.8716012954711914}, "2": {"loss": 1.130207347869873}, "3": {"loss": 1.0455452919006347}, "4": {"loss": 6.645388793945313}}