{"0": {"loss": 2.105127749235734}, "1": {"loss": 1.7184249214504077}, "2": {"loss": 1.4018558004628057}, "3": {"loss": 1.2718995965045432}, "4": {"loss": 1.013681411743164}}