{"0": {"loss": 2.5227718353271484}, "1": {"loss": 2.0281026363372803}, "2": {"loss": 1.596840739250183}, "3": {"loss": 1.5161247253417969}, "4": {"loss": 1.8622547388076782}}