{"0": {"loss": 2.260860963301225}, "1": {"loss": 1.6347210624001243}, "2": {"loss": 2.5196392752907495}, "3": {"loss": 1.556828412142667}, "4": {"loss": 1.6805537830699573}}