{"0": {"loss": 2.1783432960510254}, "1": {"loss": 2.1783432960510254}, "2": {"loss": 4.532643795013428}, "3": {"loss": 4.524603366851807}, "4": {"loss": 4.539783477783203}}