{"0": {"loss": 3.1979745864868163}, "1": {"loss": 3.178838348388672}, "2": {"loss": 2.3290271759033203}, "3": {"loss": 1.5194753646850585}, "4": {"loss": 0.8752520561218262}}