{"0": {"loss": 2.224149123482082}, "1": {"loss": 2.403951064400051}, "2": {"loss": 2.03789702705715}, "3": {"loss": 4.765853550123132}, "4": {"loss": 0.0}}