{"0": {"loss": 2.4277233123779296}, "1": {"loss": 1.781855583190918}, "2": {"loss": 1.6434837341308595}, "3": {"loss": 1.6103631973266601}, "4": {"loss": 1.7484485626220703}}