{"0": {"loss": 2.259409268697103}, "1": {"loss": 2.2451655069986978}, "2": {"loss": 2.326061248779297}, "3": {"loss": 1.3151658376057942}, "4": {"loss": 1.136357307434082}}