{"0": {"loss": 3.659505697397085}, "1": {"loss": 2.531844505896935}, "2": {"loss": 1.8166141510009766}, "3": {"loss": 1.334711221548227}, "4": {"loss": 1.1527940309964693}}