{"0": {"loss": 2.619974136352539}, "1": {"loss": 2.4514951705932617}, "2": {"loss": 1.3785955905914307}, "3": {"loss": 1.8271007537841797}, "4": {"loss": 1.3611162900924683}}