{"0": {"loss": 2.122851235525949}, "1": {"loss": 2.746872220720564}, "2": {"loss": 1.9145537785121374}, "3": {"loss": 1.070986270904541}, "4": {"loss": 1.681154659816197}}