{"0": {"loss": 2.302300328793733}, "1": {"loss": 1.9845844766368037}, "2": {"loss": 2.2029107135275137}, "3": {"loss": 1.6998005742612092}, "4": {"loss": 1.256185946257218}}