{"0": {"loss": 2.1023460734974253}, "1": {"loss": 1.7492443431507458}, "2": {"loss": 1.8463257876309482}, "3": {"loss": 3.937402205033736}, "4": {"loss": 1.2558836503462358}}