{"0": {"loss": 2.2603327433268228}, "1": {"loss": 1.5772239685058593}, "2": {"loss": 1.1832173665364583}, "3": {"loss": 1.508297602335612}, "4": {"loss": 1.963338851928711}}