{"0": {"loss": 2.202497100830078}, "1": {"loss": 1.788541030883789}, "2": {"loss": 1.172044563293457}, "3": {"loss": 0.7320883274078369}, "4": {"loss": 0.4791871070861816}}