{"0": {"loss": 4.241365909576416}, "1": {"loss": 2.054100513458252}, "2": {"loss": 1.591356873512268}, "3": {"loss": 2.2406625747680664}, "4": {"loss": 1.6484490633010864}}