{"0": {"loss": 2.216312885284424}, "1": {"loss": 2.476504325866699}, "2": {"loss": 1.7269055843353271}, "3": {"loss": 1.004218339920044}, "4": {"loss": 0.7109364867210388}}