{"0": {"loss": 2.921721267700195}, "1": {"loss": 3.2366329193115235}, "2": {"loss": 1.8980501174926758}, "3": {"loss": 2.9817182540893556}, "4": {"loss": 2.6575763702392576}}