{"0": {"loss": 2.658611297607422}, "1": {"loss": 1.8539158316219555}, "2": {"loss": 1.3706870359532974}, "3": {"loss": 1.7504004310159123}, "4": {"loss": 1.0788226408116959}}