{"0": {"loss": 2.590781021118164}, "1": {"loss": 2.1498565673828125}, "2": {"loss": 2.0134870529174806}, "3": {"loss": 1.5438313484191895}, "4": {"loss": 1.8721548080444337}}