{"0": {"loss": 2.2277603149414062}, "1": {"loss": 2.2306952225534538}, "2": {"loss": 2.240522685803865}, "3": {"loss": 1.575457121196546}, "4": {"loss": 1.630388059114155}}