{"0": {"loss": 2.2117691040039062}, "1": {"loss": 2.5722563894171464}, "2": {"loss": 1.8907358269942434}, "3": {"loss": 1.0060452912983142}, "4": {"loss": 1.7405801070363898}}