{"0": {"loss": 2.450726318359375}, "1": {"loss": 2.3042736053466797}, "2": {"loss": 1.662608528137207}, "3": {"loss": 1.171625804901123}, "4": {"loss": 1.081200122833252}}