{"0": {"loss": 2.2360191345214844}, "1": {"loss": 2.664956569671631}, "2": {"loss": 2.26248566309611}, "3": {"loss": 1.5286189715067546}, "4": {"loss": 0.9972639083862305}}