{"0": {"loss": 2.504937978891226}, "1": {"loss": 1.9265089768629808}, "2": {"loss": 1.3775983957143931}, "3": {"loss": 1.0472190563495343}, "4": {"loss": 2.3665281442495494}}