{"0": {"loss": 3.0390636920928955}, "1": {"loss": 3.381185531616211}, "2": {"loss": 2.724576950073242}, "3": {"loss": 2.628997564315796}, "4": {"loss": 2.6726555824279785}}