{"0": {"loss": 2.3092264447893416}, "1": {"loss": 1.6357333319527763}, "2": {"loss": 0.9774399484906878}, "3": {"loss": 0.8925194059099469}, "4": {"loss": 0.5817773001534599}}