{"0": {"loss": 1.8318899869918823}, "1": {"loss": 1.8318899869918823}, "2": {"loss": 2.446039915084839}, "3": {"loss": 2.8869686126708984}, "4": {"loss": 5.674904823303223}}