{"0": {"loss": 2.126598596572876}, "1": {"loss": 2.654390811920166}, "2": {"loss": 1.8622299432754517}, "3": {"loss": 2.259613037109375}, "4": {"loss": 1.3825663328170776}}