{"0": {"loss": 2.177323659261068}, "1": {"loss": 2.0475056966145835}, "2": {"loss": 1.4417021009657118}, "3": {"loss": 0.8483538097805448}, "4": {"loss": 0.9126664267645942}}