{"0": {"loss": 1.9972171783447266}, "1": {"loss": 1.843526840209961}, "2": {"loss": 1.629611651102702}, "3": {"loss": 0.9635928471883138}, "4": {"loss": 1.4243497848510742}}