{"0": {"loss": 2.4530629475911456}, "1": {"loss": 1.5246237436930339}, "2": {"loss": 1.2331072489420574}, "3": {"loss": 1.5880674997965494}, "4": {"loss": 0.7654363632202148}}