{"0": {"loss": 2.991114934285482}, "1": {"loss": 3.905837376912435}, "2": {"loss": 3.9109719594319663}, "3": {"loss": 3.8026301066080728}, "4": {"loss": 4.003438313802083}}