{"0": {"loss": 2.309833526611328}, "1": {"loss": 3.776556650797526}, "2": {"loss": 5.425271987915039}, "3": {"loss": 4.110056559244792}, "4": {"loss": 3.119717597961426}}