{"0": {"loss": 2.6673238118489584}, "1": {"loss": 1.6933586120605468}, "2": {"loss": 1.7811986287434896}, "3": {"loss": 2.6847819010416667}, "4": {"loss": 1.3203346252441406}}