{"0": {"loss": 2.182504336039225}, "1": {"loss": 1.9030189514160156}, "2": {"loss": 1.1327239672342937}, "3": {"loss": 0.5797411203384399}, "4": {"loss": 0.3222031792004903}}