{"0": {"loss": 2.427093332464045}, "1": {"loss": 2.0850358442826704}, "2": {"loss": 2.589305704290217}, "3": {"loss": 2.563465638594194}, "4": {"loss": 1.5766794031316584}}