{"0": {"loss": 2.1037684546576605}, "1": {"loss": 3.9404737684461804}, "2": {"loss": 2.634373346964518}, "3": {"loss": 2.461688995361328}, "4": {"loss": 2.5648155212402344}}