{"0": {"loss": 2.2400186538696287}, "1": {"loss": 2.117877197265625}, "2": {"loss": 1.7856021881103517}, "3": {"loss": 1.1907893180847169}, "4": {"loss": 1.3053288459777832}}