{"0": {"loss": 2.312525096692537}, "1": {"loss": 1.831479925858347}, "2": {"loss": 5.083640249151933}, "3": {"loss": 7.791167409796464}, "4": {"loss": 7.3450775146484375}}