{"0": {"loss": 2.20856177288553}, "1": {"loss": 2.4926819179369057}, "2": {"loss": 2.4808780836022417}, "3": {"loss": 1.6256196395210598}, "4": {"loss": 1.4947279225225034}}