{"0": {"loss": 2.3204383850097656}, "1": {"loss": 2.1159688404628207}, "2": {"loss": 1.3924341201782227}, "3": {"loss": 0.8208433559962681}, "4": {"loss": 0.7745206696646554}}