{"0": {"loss": 2.8143157958984375}, "1": {"loss": 1.9487683913286995}, "2": {"loss": 1.017477372113396}, "3": {"loss": 1.054241741404814}, "4": {"loss": 0.8333343057071462}}