{"0": {"loss": 3.6877754756382535}, "1": {"loss": 4.083815438406808}, "2": {"loss": 2.5084291185651506}, "3": {"loss": 2.2626051221575056}, "4": {"loss": 1.9823921748570033}}