{"0": {"loss": 2.2645189497205944}, "1": {"loss": 1.9146374596489801}, "2": {"loss": 2.0378570556640625}, "3": {"loss": 1.7324196497599285}, "4": {"loss": 1.9200782775878906}}