{"0": {"loss": 2.037551533092152}, "1": {"loss": 1.6460349343039773}, "2": {"loss": 1.1326848810369319}, "3": {"loss": 0.8948959003795277}, "4": {"loss": 0.7219257354736328}}