{"0": {"loss": 2.1669688977693258}, "1": {"loss": 2.286040657445004}, "2": {"loss": 1.8483348645662006}, "3": {"loss": 2.566752785130551}, "4": {"loss": 1.3845242952045642}}