{"0": {"loss": 2.555920737130301}, "1": {"loss": 2.2700772966657365}, "2": {"loss": 1.7376068660191126}, "3": {"loss": 1.3361855915614538}, "4": {"loss": 1.4264489582606725}}