{"0": {"loss": 3.3912193661644343}, "1": {"loss": 1.8977484930129278}, "2": {"loss": 1.3897453489757718}, "3": {"loss": 1.0866306849888392}, "4": {"loss": 1.3876174745105563}}