{"0": {"loss": 2.2577995572771346}, "1": {"loss": 1.9139916556222099}, "2": {"loss": 2.128600529261998}, "3": {"loss": 1.868553842817034}, "4": {"loss": 1.9450574602399553}}