{"0": {"loss": 2.407869338989258}, "1": {"loss": 2.2396608352661134}, "2": {"loss": 1.5654636383056642}, "3": {"loss": 1.4949967384338378}, "4": {"loss": 0.7126013278961182}}