{"0": {"loss": 2.363761138916016}, "1": {"loss": 1.7984991709391276}, "2": {"loss": 1.5547205607096355}, "3": {"loss": 1.1437283833821614}, "4": {"loss": 1.504795455932617}}