{"0": {"loss": 2.289995574951172}, "1": {"loss": 2.3349891662597657}, "2": {"loss": 1.3201326370239257}, "3": {"loss": 1.1005354881286622}, "4": {"loss": 0.760850477218628}}