{"0": {"loss": 2.3488863431490383}, "1": {"loss": 2.7732004018930287}, "2": {"loss": 3.1185050377478967}, "3": {"loss": 1.3002517406757061}, "4": {"loss": 1.913605469923753}}