{"0": {"loss": 2.6335075378417967}, "1": {"loss": 2.396013641357422}, "2": {"loss": 1.5153277079264322}, "3": {"loss": 0.9595188776652018}, "4": {"loss": 0.7152674992879232}}