{"0": {"loss": 2.266214370727539}, "1": {"loss": 2.5591049194335938}, "2": {"loss": 2.204591751098633}, "3": {"loss": 2.3789699554443358}, "4": {"loss": 1.2609918594360352}}