{"0": {"loss": 2.1919009344918385}, "1": {"loss": 2.5634070805140903}, "2": {"loss": 2.6059281485421315}, "3": {"loss": 1.6750217165265764}, "4": {"loss": 1.105194364275251}}