{"0": {"loss": 2.173539842878069}, "1": {"loss": 2.100759369986398}, "2": {"loss": 2.353656496320452}, "3": {"loss": 1.3999261856079102}, "4": {"loss": 1.0554611342293876}}