{"0": {"loss": 2.5091492789132253}, "1": {"loss": 1.8385460717337472}, "2": {"loss": 1.4377847399030412}, "3": {"loss": 1.6555897848946708}, "4": {"loss": 1.0819939885820662}}