{"0": {"loss": 2.2664281527201333}, "1": {"loss": 2.731098175048828}, "2": {"loss": 1.9883942604064941}, "3": {"loss": 1.619601567586263}, "4": {"loss": 1.2058916886647542}}