{"0": {"loss": 2.124185562133789}, "1": {"loss": 2.124182939529419}, "2": {"loss": 1.3367233276367188}, "3": {"loss": 1.1954349279403687}, "4": {"loss": 1.2567071914672852}}