{"0": {"loss": 2.3498943873814175}, "1": {"loss": 1.9533560616629464}, "2": {"loss": 1.2925428662981306}, "3": {"loss": 1.016007695879255}, "4": {"loss": 0.9614004407610212}}