{"0": {"loss": 2.0194761753082275}, "1": {"loss": 1.6021479368209839}, "2": {"loss": 1.1010445356369019}, "3": {"loss": 0.9710983037948608}, "4": {"loss": 0.653102695941925}}