{"0": {"loss": 2.27439022064209}, "1": {"loss": 1.6496192932128906}, "2": {"loss": 1.052267360687256}, "3": {"loss": 1.7151784896850586}, "4": {"loss": 2.2445411682128906}}