{"0": {"loss": 2.105426216125488}, "1": {"loss": 2.094333457946777}, "2": {"loss": 2.254921531677246}, "3": {"loss": 1.8767295837402345}, "4": {"loss": 1.144491481781006}}