{"0": {"loss": 2.4056037454044117}, "1": {"loss": 2.4275494743795956}, "2": {"loss": 1.3713621251723345}, "3": {"loss": 1.5035186094396256}, "4": {"loss": 2.082691192626953}}