{"0": {"loss": 2.5245708889431424}, "1": {"loss": 1.8299547831217449}, "2": {"loss": 1.9126135508219402}, "3": {"loss": 1.04174009958903}, "4": {"loss": 0.816660828060574}}