{"0": {"loss": 2.3329538981119793}, "1": {"loss": 1.7713385264078776}, "2": {"loss": 1.5146100362141928}, "3": {"loss": 1.5333230336507162}, "4": {"loss": 1.5298870086669922}}