{"0": {"loss": 1.9707595825195312}, "1": {"loss": 2.5141883850097657}, "2": {"loss": 2.168938636779785}, "3": {"loss": 1.421888542175293}, "4": {"loss": 1.0343144416809082}}