{"0": {"loss": 2.049901008605957}, "1": {"loss": 2.049901008605957}, "2": {"loss": 2.075021982192993}, "3": {"loss": 1.9103679656982422}, "4": {"loss": 1.9886983633041382}}