{"0": {"loss": 2.270509820235403}, "1": {"loss": 1.5881676924856085}, "2": {"loss": 1.7591930188630756}, "3": {"loss": 1.0005693937602795}, "4": {"loss": 1.453887939453125}}