{"0": {"loss": 2.120096206665039}, "1": {"loss": 2.135350290934245}, "2": {"loss": 1.3299484252929688}, "3": {"loss": 1.7345930735270183}, "4": {"loss": 1.7351468404134114}}