{"0": {"loss": 2.6783635881212025}, "1": {"loss": 1.7106972800360785}, "2": {"loss": 1.2478870815700955}, "3": {"loss": 0.8978961308797201}, "4": {"loss": 0.7538864347669814}}