{"0": {"loss": 2.4684886932373047}, "1": {"loss": 1.7788885434468586}, "2": {"loss": 1.368233362833659}, "3": {"loss": 1.7531274159749348}, "4": {"loss": 1.7050798734029133}}