{"0": {"loss": 2.138948440551758}, "1": {"loss": 2.230023002624512}, "2": {"loss": 2.6336139678955077}, "3": {"loss": 1.9573490142822265}, "4": {"loss": 1.114877700805664}}