{"0": {"loss": 2.549464730655446}, "1": {"loss": 3.886715159696691}, "2": {"loss": 2.2502133986529183}, "3": {"loss": 1.8477005678064682}, "4": {"loss": 2.0260238647460938}}