{"0": {"loss": 3.280325412750244}, "1": {"loss": 1.9511140584945679}, "2": {"loss": 1.1052950620651245}, "3": {"loss": 1.5399508476257324}, "4": {"loss": 1.4798353910446167}}