{"0": {"loss": 2.6517046973818825}, "1": {"loss": 1.6158910478864397}, "2": {"loss": 1.9471001397995722}, "3": {"loss": 6.0627085367838545}, "4": {"loss": 3.141514369419643}}