{"0": {"loss": 2.558135986328125}, "1": {"loss": 3.8286895751953125}, "2": {"loss": 2.9878752859015214}, "3": {"loss": 1.709711978310033}, "4": {"loss": 1.2258573833264803}}