{"0": {"loss": 2.2678835732596263}, "1": {"loss": 2.273495537894113}, "2": {"loss": 1.712200437273298}, "3": {"loss": 1.238025392804827}, "4": {"loss": 1.5329104832240514}}