{"0": {"loss": 2.039946295998313}, "1": {"loss": 1.821454481645064}, "2": {"loss": 1.4493498368696733}, "3": {"loss": 0.9095962697809393}, "4": {"loss": 0.5924423824657093}}