{"0": {"loss": 2.6641305776742787}, "1": {"loss": 1.7474403381347656}, "2": {"loss": 2.8992397601787863}, "3": {"loss": 1.9698113661545973}, "4": {"loss": 3.1056251525878906}}