{"0": {"loss": 2.8360396491156683}, "1": {"loss": 2.396239810519748}, "2": {"loss": 2.197390874226888}, "3": {"loss": 2.0275565253363714}, "4": {"loss": 1.325524753994412}}