{"0": {"loss": 2.4768860556862573}, "1": {"loss": 1.609267148104581}, "2": {"loss": 1.7195200486616655}, "3": {"loss": 3.4822242043235083}, "4": {"loss": 2.437471563165838}}