{"0": {"loss": 2.3751088310690487}, "1": {"loss": 1.762560115141027}, "2": {"loss": 1.4139865426456226}, "3": {"loss": 1.3773630927590763}, "4": {"loss": 1.6630656298469095}}