{"0": {"loss": 2.2049156535755503}, "1": {"loss": 1.6221131411465732}, "2": {"loss": 1.018956791270863}, "3": {"loss": 1.1975480859929866}, "4": {"loss": 0.8396939364346591}}