{"0": {"loss": 2.393526792526245}, "1": {"loss": 2.3279685974121094}, "2": {"loss": 1.9970173835754395}, "3": {"loss": 1.4416589736938477}, "4": {"loss": 1.739833116531372}}