{"0": {"loss": 2.8754744096235796}, "1": {"loss": 3.3688940568403765}, "2": {"loss": 3.716774680397727}, "3": {"loss": 2.7617950439453125}, "4": {"loss": 2.1583052548495205}}