{"0": {"loss": 2.3057610438420224}, "1": {"loss": 2.0367595966045675}, "2": {"loss": 1.515501462496244}, "3": {"loss": 1.1955939072829027}, "4": {"loss": 0.6348642202524039}}