{"0": {"loss": 2.6078135750510474}, "1": {"loss": 1.679046630859375}, "2": {"loss": 2.9833030700683594}, "3": {"loss": 1.0717416243119673}, "4": {"loss": 0.7795207283713601}}