{"0": {"loss": 2.91748046875}, "1": {"loss": 3.262380038990694}, "2": {"loss": 1.2781324947581572}, "3": {"loss": 1.0365104675292969}, "4": {"loss": 0.9491591734044692}}