{"0": {"loss": 2.1172091166178384}, "1": {"loss": 1.9135031700134277}, "2": {"loss": 1.8478379249572754}, "3": {"loss": 1.1429454485575359}, "4": {"loss": 0.6607138315836588}}