{"0": {"loss": 2.044955094655355}, "1": {"loss": 1.412089506785075}, "2": {"loss": 1.2230213483174641}, "3": {"loss": 1.0563838481903076}, "4": {"loss": 0.83258056640625}}