{"0": {"loss": 2.21106014251709}, "1": {"loss": 2.106123352050781}, "2": {"loss": 1.7064216613769532}, "3": {"loss": 1.8998334884643555}, "4": {"loss": 2.3657222747802735}}