{"0": {"loss": 2.246219253540039}, "1": {"loss": 3.4468154907226562}, "2": {"loss": 2.6334854125976563}, "3": {"loss": 2.293099021911621}, "4": {"loss": 3.37777099609375}}