{"0": {"loss": 2.3970797856648765}, "1": {"loss": 2.509512106577555}, "2": {"loss": 1.3619399070739746}, "3": {"loss": 0.8928022384643555}, "4": {"loss": 0.8082677523295084}}