{"0": {"loss": 2.4520435333251953}, "1": {"loss": 2.642216682434082}, "2": {"loss": 1.813671350479126}, "3": {"loss": 2.2520463466644287}, "4": {"loss": 1.192878007888794}}