{"0": {"loss": 2.693999767303467}, "1": {"loss": 2.154029607772827}, "2": {"loss": 1.2535310983657837}, "3": {"loss": 2.0683066844940186}, "4": {"loss": 2.525937795639038}}