{"0": {"loss": 2.4416360400971913}, "1": {"loss": 1.783919924781436}, "2": {"loss": 1.6212915693010603}, "3": {"loss": 1.304401579357329}, "4": {"loss": 2.2174595424107144}}