{"0": {"loss": 1.9969724416732788}, "1": {"loss": 2.2609310150146484}, "2": {"loss": 2.4524502754211426}, "3": {"loss": 2.833888530731201}, "4": {"loss": 1.5616286993026733}}