{"0": {"loss": 2.732771823280736}, "1": {"loss": 2.1980349892064144}, "2": {"loss": 1.8779453478361432}, "3": {"loss": 1.334584587498715}, "4": {"loss": 1.4656075929340564}}