{"0": {"loss": 2.5530391693115235}, "1": {"loss": 2.4668197631835938}, "2": {"loss": 2.822987174987793}, "3": {"loss": 1.463460636138916}, "4": {"loss": 0.6883647918701172}}