{"0": {"loss": 2.659617775364926}, "1": {"loss": 2.0040945755807975}, "2": {"loss": 1.6753610309801603}, "3": {"loss": 0.30969253339265523}, "4": {"loss": 1.2577045842220909}}