{"0": {"loss": 2.5373387336730957}, "1": {"loss": 2.5022435188293457}, "2": {"loss": 1.9411873817443848}, "3": {"loss": 1.3173408508300781}, "4": {"loss": 1.6391925811767578}}