{"0": {"loss": 2.1949990590413413}, "1": {"loss": 2.748048782348633}, "2": {"loss": 1.5930743217468262}, "3": {"loss": 1.0550078550974529}, "4": {"loss": 0.5541153351465861}}