{"0": {"loss": 2.7563600540161133}, "1": {"loss": 2.211491107940674}, "2": {"loss": 1.4276537895202637}, "3": {"loss": 0.9479590058326721}, "4": {"loss": 0.9254395961761475}}