{"0": {"loss": 2.35699953351702}, "1": {"loss": 1.8870064871651786}, "2": {"loss": 1.9151168096633184}, "3": {"loss": 1.280814942859468}, "4": {"loss": 1.1365003131684803}}