{"0": {"loss": 2.672312236967541}, "1": {"loss": 1.6960007803780692}, "2": {"loss": 1.667317889985584}, "3": {"loss": 3.6067443121047247}, "4": {"loss": 1.4195275079636347}}