{"0": {"loss": 2.764662655917081}, "1": {"loss": 1.9721362374045632}, "2": {"loss": 1.2878606102683328}, "3": {"loss": 1.4944679953835227}, "4": {"loss": 1.818110379305753}}