{"0": {"loss": 2.5602942074046418}, "1": {"loss": 2.151229409610524}, "2": {"loss": 1.660977419684915}, "3": {"loss": 1.2928016886991613}, "4": {"loss": 1.7419793746050667}}