{"0": {"loss": 2.23306941986084}, "1": {"loss": 2.2559878826141357}, "2": {"loss": 2.3507959842681885}, "3": {"loss": 2.1389715671539307}, "4": {"loss": 1.2065757513046265}}