{"0": {"loss": 2.1883883476257324}, "1": {"loss": 1.950008233388265}, "2": {"loss": 1.1831069787343342}, "3": {"loss": 1.001662810643514}, "4": {"loss": 1.5211310386657715}}