{"0": {"loss": 2.609611988067627}, "1": {"loss": 3.085024356842041}, "2": {"loss": 2.764509439468384}, "3": {"loss": 2.231405258178711}, "4": {"loss": 1.8507143259048462}}