{"0": {"loss": 1.6442091464996338}, "1": {"loss": 1.6710151433944702}, "2": {"loss": 1.5016605854034424}, "3": {"loss": 1.4267516136169434}, "4": {"loss": 1.7452987432479858}}