{"0": {"loss": 2.394248268821023}, "1": {"loss": 2.244090340354226}, "2": {"loss": 3.1189197193492544}, "3": {"loss": 1.1250446492975408}, "4": {"loss": 0.7525694587013938}}