{"0": {"loss": 3.3533866882324217}, "1": {"loss": 2.4590330123901367}, "2": {"loss": 1.6594230651855468}, "3": {"loss": 1.032780075073242}, "4": {"loss": 0.641384220123291}}