{"0": {"loss": 2.2551956176757812}, "1": {"loss": 2.0981079737345376}, "2": {"loss": 1.6683038075764973}, "3": {"loss": 1.8155797322591145}, "4": {"loss": 1.6078694661458333}}