{"0": {"loss": 2.3736759185791017}, "1": {"loss": 2.0122737884521484}, "2": {"loss": 1.6795377731323242}, "3": {"loss": 1.1335762023925782}, "4": {"loss": 1.2447815895080567}}