{"0": {"loss": 1.9836847131902522}, "1": {"loss": 1.799210635098544}, "2": {"loss": 2.4795265197753906}, "3": {"loss": 0.9907530004327948}, "4": {"loss": 0.5889534083279696}}