{"0": {"loss": 3.7972733633858815}, "1": {"loss": 2.600165230887277}, "2": {"loss": 1.9984901973179408}, "3": {"loss": 1.2133542469569616}, "4": {"loss": 1.3723043714250838}}