{"0": {"loss": 2.0560895919799806}, "1": {"loss": 1.609783935546875}, "2": {"loss": 0.9597160339355468}, "3": {"loss": 0.732120132446289}, "4": {"loss": 0.4109142303466797}}