{"0": {"loss": 2.8239994049072266}, "1": {"loss": 1.9872833887736003}, "2": {"loss": 1.2090764840443928}, "3": {"loss": 0.7939640680948893}, "4": {"loss": 0.550727128982544}}