{"0": {"loss": 2.1587597390879756}, "1": {"loss": 2.367768329122792}, "2": {"loss": 1.8079591834026834}, "3": {"loss": 1.4415619891622793}, "4": {"loss": 1.3840813844100288}}