{"0": {"loss": 2.5118298250086166}, "1": {"loss": 2.302683437571806}, "2": {"loss": 1.516760882209329}, "3": {"loss": 1.789430954877068}, "4": {"loss": 1.5878792931051815}}