{"0": {"loss": 3.330483627319336}, "1": {"loss": 2.4763336181640625}, "2": {"loss": 2.687925910949707}, "3": {"loss": 2.03406982421875}, "4": {"loss": 2.119180679321289}}