{"0": {"loss": 1.7914023399353027}, "1": {"loss": 1.7914023399353027}, "2": {"loss": 1.7914023399353027}, "3": {"loss": 4.867058277130127}, "4": {"loss": 4.8878173828125}}