{"0": {"loss": 2.7987917119806465}, "1": {"loss": 3.4691044200550425}, "2": {"loss": 3.251821691339666}, "3": {"loss": 3.489737770774148}, "4": {"loss": 6.302198930220171}}