{"0": {"loss": 2.679934414950284}, "1": {"loss": 2.1008243560791016}, "2": {"loss": 1.5046743913130327}, "3": {"loss": 0.9506464004516602}, "4": {"loss": 0.47955950823697174}}