{"0": {"loss": 2.6111141204833985}, "1": {"loss": 3.3072650909423826}, "2": {"loss": 2.473405456542969}, "3": {"loss": 3.049269676208496}, "4": {"loss": 2.4405914306640626}}