{"0": {"loss": 2.2898106575012207}, "1": {"loss": 2.117882490158081}, "2": {"loss": 1.750119924545288}, "3": {"loss": 1.2297033071517944}, "4": {"loss": 0.8978477716445923}}