{"0": {"loss": 1.9494566236223494}, "1": {"loss": 1.9992320196969169}, "2": {"loss": 1.089812959943499}, "3": {"loss": 0.9320440292358398}, "4": {"loss": 0.7292281559535435}}