{"0": {"loss": 2.2600646640943443}, "1": {"loss": 2.464624819548234}, "2": {"loss": 1.6617181197456692}, "3": {"loss": 2.125552965247113}, "4": {"loss": 2.267537158468495}}