{"0": {"loss": 2.5797438621520996}, "1": {"loss": 2.054997205734253}, "2": {"loss": 2.239558458328247}, "3": {"loss": 1.4993387460708618}, "4": {"loss": 1.6611764430999756}}