{"0": {"loss": 2.33901039759318}, "1": {"loss": 3.5825977325439453}, "2": {"loss": 3.928252855936686}, "3": {"loss": 3.29086971282959}, "4": {"loss": 2.7259750366210938}}