{"0": {"loss": 2.3322601318359375}, "1": {"loss": 1.9287628760704627}, "2": {"loss": 1.184495705824632}, "3": {"loss": 0.9694196260892428}, "4": {"loss": 0.8225493797889123}}