{"0": {"loss": 2.3067519664764404}, "1": {"loss": 3.091403007507324}, "2": {"loss": 2.6785078048706055}, "3": {"loss": 2.8040480613708496}, "4": {"loss": 2.3474655151367188}}