{"0": {"loss": 2.7073802947998047}, "1": {"loss": 2.143059866768973}, "2": {"loss": 1.5169849395751953}, "3": {"loss": 0.9168040411812919}, "4": {"loss": 0.9705873898097447}}