{"0": {"loss": 2.494056883312407}, "1": {"loss": 2.3775623866489957}, "2": {"loss": 1.9950436183384486}, "3": {"loss": 1.3784884498232888}, "4": {"loss": 1.137459437052409}}