{"0": {"loss": 2.5860252380371094}, "1": {"loss": 1.4261604655872693}, "2": {"loss": 2.0505957169966265}, "3": {"loss": 1.0377530184659092}, "4": {"loss": 0.7417883439497515}}