{"0": {"loss": 1.8693580627441406}, "1": {"loss": 2.0047659873962402}, "2": {"loss": 1.7011816501617432}, "3": {"loss": 1.3376015424728394}, "4": {"loss": 0.882283627986908}}