{"0": {"loss": 2.083374750046503}, "1": {"loss": 1.4394137064615886}, "2": {"loss": 1.2248838515508742}, "3": {"loss": 0.8150184268043155}, "4": {"loss": 1.2741793677920388}}