{"0": {"loss": 1.6942895889282226}, "1": {"loss": 2.5399852752685548}, "2": {"loss": 2.054574394226074}, "3": {"loss": 1.3741161346435546}, "4": {"loss": 0.8432216644287109}}