{"0": {"loss": 2.692051974209872}, "1": {"loss": 2.2249894575639204}, "2": {"loss": 1.8589331886985085}, "3": {"loss": 1.1522402329878374}, "4": {"loss": 0.7356772856278853}}