{"0": {"loss": 2.8744873046875}, "1": {"loss": 1.82004025777181}, "2": {"loss": 1.1737806955973307}, "3": {"loss": 0.9510907491048177}, "4": {"loss": 1.7902029673258464}}