{"0": {"loss": 2.3812271118164063}, "1": {"loss": 1.8677357991536458}, "2": {"loss": 2.101907475789388}, "3": {"loss": 2.280040740966797}, "4": {"loss": 1.0737951914469401}}