{"0": {"loss": 2.7412376403808594}, "1": {"loss": 2.711645317077637}, "2": {"loss": 1.9415006637573242}, "3": {"loss": 1.244556999206543}, "4": {"loss": 0.6699363708496093}}