{"0": {"loss": 2.504296064376831}, "1": {"loss": 2.504296064376831}, "2": {"loss": 2.0467073917388916}, "3": {"loss": 2.9422411918640137}, "4": {"loss": 2.230289936065674}}