{"0": {"loss": 2.4237843468075706}, "1": {"loss": 1.8288089207240514}, "2": {"loss": 1.7852423531668526}, "3": {"loss": 2.0484764462425593}, "4": {"loss": 1.9118926638648623}}