{"0": {"loss": 2.226216357687245}, "1": {"loss": 1.8405030292013418}, "2": {"loss": 2.2718485956606655}, "3": {"loss": 1.948315661886464}, "4": {"loss": 1.8269006480341372}}