{"0": {"loss": 2.4538227428089487}, "1": {"loss": 1.9056972156871448}, "2": {"loss": 1.7125927318226208}, "3": {"loss": 2.0953797427090732}, "4": {"loss": 1.3319391770796343}}