{"0": {"loss": 2.055692434310913}, "1": {"loss": 2.1052229404449463}, "2": {"loss": 1.7830684185028076}, "3": {"loss": 1.737828254699707}, "4": {"loss": 1.780843734741211}}