{"0": {"loss": 2.304812431335449}, "1": {"loss": 2.2174763679504395}, "2": {"loss": 1.3630419969558716}, "3": {"loss": 1.087403655052185}, "4": {"loss": 0.999722421169281}}