{"0": {"loss": 2.293921629587809}, "1": {"loss": 2.0750184059143066}, "2": {"loss": 1.7080025672912598}, "3": {"loss": 4.167603810628255}, "4": {"loss": 1.7260913848876953}}