{"0": {"loss": 2.6602442605154857}, "1": {"loss": 2.9394939967564175}, "2": {"loss": 2.519613265991211}, "3": {"loss": 1.7312826429094588}, "4": {"loss": 1.5550877707345145}}