{"0": {"loss": 2.505998196809188}, "1": {"loss": 2.265543896219005}, "2": {"loss": 1.620103587274966}, "3": {"loss": 3.930852475373641}, "4": {"loss": 3.505032083262568}}