{"0": {"loss": 2.2666805267333983}, "1": {"loss": 1.6757659912109375}, "2": {"loss": 2.2000898361206054}, "3": {"loss": 1.8942531585693358}, "4": {"loss": 1.8843727111816406}}