{"0": {"loss": 2.1265777587890624}, "1": {"loss": 1.6811655044555665}, "2": {"loss": 1.1103919982910155}, "3": {"loss": 1.1630769729614259}, "4": {"loss": 0.5923327445983887}}