{"0": {"loss": 2.58524169921875}, "1": {"loss": 1.948725700378418}, "2": {"loss": 2.965178871154785}, "3": {"loss": 1.2944765090942383}, "4": {"loss": 1.2581026077270507}}