{"0": {"loss": 2.351870128086635}, "1": {"loss": 1.8424647194998605}, "2": {"loss": 1.589099611554827}, "3": {"loss": 0.7780251502990723}, "4": {"loss": 0.33075523376464844}}