{"0": {"loss": 2.1537537574768066}, "1": {"loss": 2.1210901737213135}, "2": {"loss": 2.17169189453125}, "3": {"loss": 1.2757561206817627}, "4": {"loss": 0.6315833330154419}}