{"0": {"loss": 2.2061012585957847}, "1": {"loss": 1.9784231185913086}, "2": {"loss": 1.0230099360148113}, "3": {"loss": 0.7846741676330566}, "4": {"loss": 0.870992104212443}}