{"0": {"loss": 2.465716600418091}, "1": {"loss": 2.465716600418091}, "2": {"loss": 3.0140929222106934}, "3": {"loss": 3.0383121967315674}, "4": {"loss": 3.0311102867126465}}