{"0": {"loss": 1.9467002153396606}, "1": {"loss": 1.52016282081604}, "2": {"loss": 1.4056495428085327}, "3": {"loss": 1.1942110061645508}, "4": {"loss": 1.0448421239852905}}