{"0": {"loss": 2.991978168487549}, "1": {"loss": 5.6645917892456055}, "2": {"loss": 5.675800323486328}, "3": {"loss": 3.9150748252868652}, "4": {"loss": 2.6989636421203613}}