{"0": {"loss": 2.1495778220040456}, "1": {"loss": 1.5281696319580078}, "2": {"loss": 2.1070492608206615}, "3": {"loss": 1.2889823913574219}, "4": {"loss": 0.9301575933183942}}