{"0": {"loss": 2.5770323617117747}, "1": {"loss": 1.9451074600219727}, "2": {"loss": 1.520895276750837}, "3": {"loss": 1.6142474583217077}, "4": {"loss": 1.123208999633789}}