{"0": {"loss": 2.729580561319987}, "1": {"loss": 2.992248853047689}, "2": {"loss": 1.9409899711608887}, "3": {"loss": 1.631559689839681}, "4": {"loss": 1.412110964457194}}