{"0": {"loss": 3.8420292247425425}, "1": {"loss": 2.616223595359109}, "2": {"loss": 4.070688421075994}, "3": {"loss": 1.7405419783158735}, "4": {"loss": 1.3991410515525124}}