{"0": {"loss": 2.4829318706805887}, "1": {"loss": 2.0424655033991885}, "2": {"loss": 1.2698233677790716}, "3": {"loss": 1.3022777850811298}, "4": {"loss": 1.3260969015268178}}