{"0": {"loss": 2.962347242567274}, "1": {"loss": 2.1120732625325522}, "2": {"loss": 1.6575603485107422}, "3": {"loss": 1.1672643025716145}, "4": {"loss": 0.8130457136366103}}