{"0": {"loss": 2.3878564834594727}, "1": {"loss": 1.928939437866211}, "2": {"loss": 1.178432083129883}, "3": {"loss": 1.1634965896606446}, "4": {"loss": 1.6262020111083983}}