{"0": {"loss": 2.2383090125189886}, "1": {"loss": 1.6678392622205946}, "2": {"loss": 1.4061279296875}, "3": {"loss": 1.1911364661322699}, "4": {"loss": 0.9220235612657335}}