{"0": {"loss": 2.1804818240079014}, "1": {"loss": 1.908570723100142}, "2": {"loss": 1.3790969848632812}, "3": {"loss": 1.2700816067782315}, "4": {"loss": 0.7797484831376509}}