{"0": {"loss": 2.3241877922644982}, "1": {"loss": 1.771952409010667}, "2": {"loss": 1.0889310103196363}, "3": {"loss": 0.7232464276827298}, "4": {"loss": 0.9107210452740009}}