{"0": {"loss": 2.362670296116879}, "1": {"loss": 1.6549552114386308}, "2": {"loss": 1.1041574980083264}, "3": {"loss": 1.0206479524311267}, "4": {"loss": 0.7885824002717671}}