{"0": {"loss": 2.5551798893855167}, "1": {"loss": 2.83180911724384}, "2": {"loss": 1.73540159372183}, "3": {"loss": 1.1923363758967473}, "4": {"loss": 1.2079048156738281}}