{"0": {"loss": 2.4782615661621095}, "1": {"loss": 1.8150894165039062}, "2": {"loss": 1.8173242568969727}, "3": {"loss": 1.9311162948608398}, "4": {"loss": 2.2804777145385744}}