{"0": {"loss": 2.2228598594665527}, "1": {"loss": 1.9959429502487183}, "2": {"loss": 1.294071078300476}, "3": {"loss": 1.794176459312439}, "4": {"loss": 1.2875977754592896}}