{"0": {"loss": 2.0118966102600098}, "1": {"loss": 2.0770201683044434}, "2": {"loss": 1.1703741550445557}, "3": {"loss": 1.6663798093795776}, "4": {"loss": 2.2171151638031006}}