{"0": {"loss": 2.059607823689779}, "1": {"loss": 3.407277743021647}, "2": {"loss": 1.9720919926961262}, "3": {"loss": 2.4081950187683105}, "4": {"loss": 1.576198895772298}}