{"0": {"loss": 1.9545377095540364}, "1": {"loss": 1.544921875}, "2": {"loss": 1.3501651400611514}, "3": {"loss": 1.5344496227446056}, "4": {"loss": 1.905457996186756}}