{"0": {"loss": 2.3120471954345705}, "1": {"loss": 2.054719924926758}, "2": {"loss": 1.647285270690918}, "3": {"loss": 1.0497400283813476}, "4": {"loss": 1.2509064674377441}}