{"0": {"loss": 2.537023243151213}, "1": {"loss": 2.369053087736431}, "2": {"loss": 1.3321393665514494}, "3": {"loss": 1.2141667416221218}, "4": {"loss": 0.957094995599044}}