{"0": {"loss": 2.1805627242378565}, "1": {"loss": 1.715283269467561}, "2": {"loss": 1.7187456877335259}, "3": {"loss": 1.0096202518628992}, "4": {"loss": 0.9214880570121433}}