{"0": {"loss": 2.64887269337972}, "1": {"loss": 2.4969088236490884}, "2": {"loss": 2.0299550692240396}, "3": {"loss": 1.5987904866536458}, "4": {"loss": 1.5411389668782551}}