{"0": {"loss": 2.0014841079711916}, "1": {"loss": 2.704802131652832}, "2": {"loss": 2.034983825683594}, "3": {"loss": 1.2146294593811036}, "4": {"loss": 1.160276222229004}}