{"0": {"loss": 2.173317287279212}, "1": {"loss": 1.8520670351774797}, "2": {"loss": 1.3895109425420347}, "3": {"loss": 1.3688100731891135}, "4": {"loss": 0.8857139089833135}}