{"0": {"loss": 2.2195504995492787}, "1": {"loss": 2.266028330876277}, "2": {"loss": 1.3685120802659254}, "3": {"loss": 0.8179261867816632}, "4": {"loss": 0.9177424357487605}}