{"0": {"loss": 2.9186458587646484}, "1": {"loss": 1.9594392776489258}, "2": {"loss": 1.6644909381866455}, "3": {"loss": 1.2391811609268188}, "4": {"loss": 0.8381091356277466}}