{"0": {"loss": 3.767392208701686}, "1": {"loss": 2.049604717053865}, "2": {"loss": 1.3069385729337994}, "3": {"loss": 1.0991670708907277}, "4": {"loss": 2.3788233305278577}}