{"0": {"loss": 2.437446049281529}, "1": {"loss": 2.3008956909179688}, "2": {"loss": 1.636634145464216}, "3": {"loss": 1.065455641065325}, "4": {"loss": 0.8448422976902553}}