{"0": {"loss": 1.4244701862335205}, "1": {"loss": 1.4244701862335205}, "2": {"loss": 1.4244701862335205}, "3": {"loss": 1.1521657705307007}, "4": {"loss": 1.1311694383621216}}