{"0": {"loss": 3.09535551071167}, "1": {"loss": 2.740121364593506}, "2": {"loss": 2.82623291015625}, "3": {"loss": 1.5000289678573608}, "4": {"loss": 0.9684999585151672}}