{"0": {"loss": 2.640882051908053}, "1": {"loss": 1.958638411301833}, "2": {"loss": 1.1096458435058594}, "3": {"loss": 0.7968924595759466}, "4": {"loss": 0.5789324687077448}}