{"0": {"loss": 2.7374744415283203}, "1": {"loss": 2.323484738667806}, "2": {"loss": 2.3660581906636557}, "3": {"loss": 2.5748186111450195}, "4": {"loss": 1.3682161966959636}}