{"0": {"loss": 2.227947950363159}, "1": {"loss": 1.7194207906723022}, "2": {"loss": 0.8275526165962219}, "3": {"loss": 0.7057391405105591}, "4": {"loss": 0.4744681417942047}}