{"0": {"loss": 2.7736098766326904}, "1": {"loss": 2.3336143493652344}, "2": {"loss": 1.1372122764587402}, "3": {"loss": 0.9619278311729431}, "4": {"loss": 0.9528325796127319}}