{"0": {"loss": 2.524524862116033}, "1": {"loss": 1.573965766213157}, "2": {"loss": 0.931220834905451}, "3": {"loss": 0.5448770523071289}, "4": {"loss": 0.3448297543959184}}