{"0": {"loss": 2.15390412012736}, "1": {"loss": 1.9254921277364094}, "2": {"loss": 1.9001557032267253}, "3": {"loss": 2.1898063023885093}, "4": {"loss": 1.9057413736979167}}