{"0": {"loss": 2.3547254709097056}, "1": {"loss": 1.6850703312800481}, "2": {"loss": 1.2273323352520282}, "3": {"loss": 1.122442392202524}, "4": {"loss": 2.264142109797551}}