{"0": {"loss": 2.6761059480554916}, "1": {"loss": 2.2705692964441635}, "2": {"loss": 1.5585709740133846}, "3": {"loss": 1.9650932760799633}, "4": {"loss": 2.2147795733283546}}