{"0": {"loss": 2.09944520677839}, "1": {"loss": 1.7353766305106026}, "2": {"loss": 1.5796654564993722}, "3": {"loss": 1.320166724068778}, "4": {"loss": 0.870194843837193}}