{"0": {"loss": 2.3487544426551232}, "1": {"loss": 1.6134574596698468}, "2": {"loss": 1.5020646315354567}, "3": {"loss": 0.7760141079242413}, "4": {"loss": 0.6706680151132437}}