{"0": {"loss": 4.674412727355957}, "1": {"loss": 3.310340642929077}, "2": {"loss": 1.95082426071167}, "3": {"loss": 2.161222219467163}, "4": {"loss": 1.1606749296188354}}