{"0": {"loss": 2.1710410740064536}, "1": {"loss": 1.8002095429793648}, "2": {"loss": 2.0050922891368037}, "3": {"loss": 1.3657694277556047}, "4": {"loss": 1.8264143570609714}}