{"0": {"loss": 2.1504272792650307}, "1": {"loss": 2.9073230909264605}, "2": {"loss": 2.746630627176036}, "3": {"loss": 2.9009210337763247}, "4": {"loss": 0.0}}