{"0": {"loss": 2.4221064249674478}, "1": {"loss": 2.7600380579630532}, "2": {"loss": 2.312952677408854}, "3": {"loss": 4.035248756408691}, "4": {"loss": 1.545068899790446}}