{"0": {"loss": 3.3150405883789062}, "1": {"loss": 3.706456184387207}, "2": {"loss": 2.3404455184936523}, "3": {"loss": 1.8967337608337402}, "4": {"loss": 1.706390380859375}}