{"0": {"loss": 2.066378593444824}, "1": {"loss": 2.7223777770996094}, "2": {"loss": 1.9902076721191406}, "3": {"loss": 1.718550682067871}, "4": {"loss": 2.3688646952311196}}