{"0": {"loss": 3.24852720896403}, "1": {"loss": 2.405437469482422}, "2": {"loss": 1.453890323638916}, "3": {"loss": 1.0357826550801594}, "4": {"loss": 4.011278470357259}}