{"0": {"loss": 2.3599867139543806}, "1": {"loss": 2.171739033290318}, "2": {"loss": 2.4223025185721263}, "3": {"loss": 1.9233887536185128}, "4": {"loss": 1.2553550175258092}}