{"0": {"loss": 1.984872817993164}, "1": {"loss": 3.7268826961517334}, "2": {"loss": 4.9268479347229}, "3": {"loss": 4.95743465423584}, "4": {"loss": 4.928277015686035}}