{"0": {"loss": 2.3869196573893228}, "1": {"loss": 2.4029623667399087}, "2": {"loss": 1.30314212375217}, "3": {"loss": 0.8696961932712131}, "4": {"loss": 0.6552401648627387}}