{"0": {"loss": 2.2368087768554688}, "1": {"loss": 1.7945214680262975}, "2": {"loss": 1.3096237182617188}, "3": {"loss": 0.7330372674124581}, "4": {"loss": 4.37358147757394}}