{"0": {"loss": 2.1175115373399525}, "1": {"loss": 2.0879334343804254}, "2": {"loss": 1.1883296966552734}, "3": {"loss": 0.6582341194152832}, "4": {"loss": 0.8754862679375542}}