{"0": {"loss": 2.097854795910063}, "1": {"loss": 1.28973997206915}, "2": {"loss": 1.7729319617861794}, "3": {"loss": 1.6199647812616258}, "4": {"loss": 1.2538103376116072}}