{"0": {"loss": 2.6262507231339165}, "1": {"loss": 1.6765339063561482}, "2": {"loss": 1.2842857526696247}, "3": {"loss": 1.7037773132324219}, "4": {"loss": 1.314656630806301}}