{"0": {"loss": 2.213633037748791}, "1": {"loss": 1.6013870239257812}, "2": {"loss": 1.188820521036784}, "3": {"loss": 0.9271946861630395}, "4": {"loss": 0.6372904096330915}}