{"0": {"loss": 3.4770977020263674}, "1": {"loss": 2.503135871887207}, "2": {"loss": 1.8186742782592773}, "3": {"loss": 2.092710494995117}, "4": {"loss": 1.9338895797729492}}