{"0": {"loss": 2.803956001535113}, "1": {"loss": 2.317035272464541}}