{"0": {"loss": 2.494280182913448}, "1": {"loss": 1.7071510343515917}, "2": {"loss": 1.0952529907226562}}