{"0": {"loss": 2.0235699547661676}, "1": {"loss": 1.2424343956841364}, "2": {"loss": 0.6637208196851943}}