{"0": {"loss": 2.0824819104424837}, "1": {"loss": 1.179443227833715}, "2": {"loss": 1.0584346508157665}, "3": {"loss": 0.9117238932642443}, "4": {"loss": 0.4827556610107422}, "5": {"loss": 0.9767532348632812}}