{"0": {"loss": 2.1665746370951333}, "1": {"loss": 1.141936461130778}, "2": {"loss": 0.5885364611943563}, "3": {"loss": 0.37377576033274335}, "4": {"loss": 0.3121797442436218}, "5": {"loss": 0.29115694761276245}, "6": {"loss": 0.19637062152226767}, "7": {"loss": 0.20085984468460083}}