{"0": {"loss": 2.228875812731291}, "1": {"loss": 1.5089060130872225}, "2": {"loss": 1.0394208807694285}, "3": {"loss": 0.5568584140978361}, "4": {"loss": 0.5081840314363179}, "5": {"loss": 0.4248819351196289}, "6": {"loss": 0.3540103310032895}, "7": {"loss": 0.35782286995335627}}