{"0": {"loss": 2.603747334231443}, "1": {"loss": 2.0120702374973485}}