{"0": {"loss": 2.6599810310963834}, "1": {"loss": 2.1698916223855256}}