{"0": {"loss": 2.5001555097864028}, "1": {"loss": 1.8264692996410614}, "2": {"loss": 1.2088543709288253}, "3": {"loss": 0.8500318222857536}}