{"0": {"loss": 2.2571935017903644}, "1": {"loss": 1.290655008951823}}