{"0": {"loss": 2.623302840649998}, "1": {"loss": 2.076999519444719}, "2": {"loss": 1.5286978199847472}, "3": {"loss": 1.1918845398013602}, "4": {"loss": 0.9620499671260013}}