{"0": {"loss": 2.3597670873006185}, "1": {"loss": 1.5379748026529947}, "2": {"loss": 0.9607428618839808}, "3": {"loss": 0.6442641303652809}, "4": {"loss": 0.5711193606967018}}