{"0": {"loss": 2.6469939844048036}, "1": {"loss": 2.135610151630452}, "2": {"loss": 1.6667440420249713}, "3": {"loss": 1.373213914500612}}