{"0": {"loss": 2.5001555097864028}, "1": {"loss": 1.8264692996410614}}