{"0": {"loss": 2.5522679396665815}, "1": {"loss": 1.8580724580691812}, "2": {"loss": 1.2146392989028347}}