{"0": {"loss": 2.3659056700192966}, "1": {"loss": 1.4960175706790044}, "2": {"loss": 0.8675820231437683}}