{"0": {"loss": 2.0235699547661676}, "1": {"loss": 1.2424343956841364}, "2": {"loss": 0.6637208196851943}, "3": {"loss": 0.7649438116285536}, "4": {"loss": 0.36519209543863934}, "5": {"loss": 0.3595408863491482}, "6": {"loss": 0.4811178313361274}, "7": {"loss": 0.6462104055616591}, "8": {"loss": 0.4646097289191352}, "9": {"loss": 0.5211989614698622}}