{"0": {"loss": 2.308011934354708}, "1": {"loss": 1.5673243535029424}, "2": {"loss": 0.8930505529626623}, "3": {"loss": 0.587984258478338}, "4": {"loss": 0.4514241899762835}, "5": {"loss": 0.35002361644398083}, "6": {"loss": 0.3485214679272144}, "7": {"loss": 0.3131080478816837}}