{"0": {"loss": 2.028708809300473}, "1": {"loss": 1.1583678596898128}}