{"0": {"loss": 2.880167977556969}, "1": {"loss": 2.6336554860027754}, "2": {"loss": 2.457638702918542}, "3": {"loss": 2.3328400154946545}}