{"0": {"loss": 2.228875812731291}, "1": {"loss": 1.5089060130872225}, "2": {"loss": 1.0394208807694285}}