{"0": {"loss": 2.9740578641683415}, "1": {"loss": 2.8331268592882934}}