{"0": {"loss": 2.593445509045188}, "1": {"loss": 2.0476066728460838}}