{"0": {"loss": 2.1349200813137754}, "1": {"loss": 1.1990936434998805}}