{"0": {"loss": 2.6091605472025896}, "1": {"loss": 2.0325118700663247}, "2": {"loss": 1.4891967652207714}}