{"0": {"loss": 2.132928975423177}, "1": {"loss": 1.2486502329508464}, "2": {"loss": 0.7886435190836588}, "3": {"loss": 0.4456636428833008}, "4": {"loss": 0.3034438451131185}, "5": {"loss": 0.29193321863810223}}