{"0": {"loss": 2.2571935017903644}, "1": {"loss": 1.290655008951823}, "2": {"loss": 0.736397467719184}}