{"0": {"loss": 2.295650100708008}, "1": {"loss": 1.507144832611084}, "2": {"loss": 0.9982159614562989}, "3": {"loss": 0.6828041076660156}, "4": {"loss": 0.4695461273193359}, "5": {"loss": 0.4108252048492432}, "6": {"loss": 0.3346076726913452}, "7": {"loss": 0.27753453254699706}}