{"0": {"loss": 2.791097382967921}, "1": {"loss": 2.046255060831706}}