{"0": {"loss": 2.1667697429656982}, "1": {"loss": 1.374493956565857}, "2": {"loss": 0.762682318687439}}