{"0": {"loss": 2.60216266425081}, "1": {"loss": 1.962319906367812}}