{"0": {"loss": 2.5732117140224213}, "1": {"loss": 1.895037237619389}, "2": {"loss": 1.3473844656824836}, "3": {"loss": 0.9764190445975302}, "4": {"loss": 0.7831793198925452}, "5": {"loss": 0.6469413209742434}}