{"0": {"loss": 2.1075276555241764}, "1": {"loss": 1.5453682976800043}}