{"0": {"loss": 2.236615674249057}, "1": {"loss": 1.3767742288523708}, "2": {"loss": 0.8518101922396956}}