{"0": {"loss": 2.182825888356855}, "1": {"loss": 1.2578042553317161}, "2": {"loss": 0.8012789449384136}, "3": {"loss": 0.561812739218435}}