{"0": {"loss": 2.6469939844048036}, "1": {"loss": 2.135610151630452}}