{"0": {"loss": 2.2157880609685723}, "1": {"loss": 1.3415103392167524}, "2": {"loss": 0.73987830768932}, "3": {"loss": 0.5199246406555176}, "4": {"loss": 0.359717152335427}, "5": {"loss": 0.2722793925892223}, "6": {"loss": 0.25768028606068005}}