{"0": {"loss": 2.202753413807262}, "1": {"loss": 1.322282617742365}}