{"0": {"loss": 2.828999869636163}, "1": {"loss": 2.957447205885707}}