{"0": {"loss": 2.9740578641683415}, "1": {"loss": 2.8331268592882934}, "2": {"loss": 2.81035275631799}, "3": {"loss": 2.844720887334529}, "4": {"loss": 3.1004092562300696}}