{"0": {"loss": 2.3508966433121854}, "1": {"loss": 1.5047081556896236}}