{"0": {"loss": 2.0824819104424837}, "1": {"loss": 1.179443227833715}}