{"0": {"loss": 2.5522679396665815}, "1": {"loss": 1.8580724580691812}}