{"0": {"loss": 2.512050382552608}, "1": {"loss": 1.8543201979770456}, "2": {"loss": 1.2252291402509135}}