{"0": {"loss": 2.0063072551380503}, "1": {"loss": 1.023350022055886}, "2": {"loss": 0.6659030480818315}, "3": {"loss": 0.8616544550115411}, "4": {"loss": 0.5218504125421698}, "5": {"loss": 0.318866491317749}, "6": {"loss": 0.3030612685463645}, "7": {"loss": 0.2986609502272172}}