{"0": {"loss": 2.236615674249057}, "1": {"loss": 1.3767742288523708}, "2": {"loss": 0.8518101922396956}, "3": {"loss": 0.5627275006524448}, "4": {"loss": 0.48693844367717876}, "5": {"loss": 0.40443607856487407}, "6": {"loss": 0.3445195822880186}, "7": {"loss": 0.26791972127454033}, "8": {"loss": 0.2589095214317585}}