{"0": {"loss": 2.028708809300473}, "1": {"loss": 1.1583678596898128}, "2": {"loss": 0.6279899195620888}, "3": {"loss": 0.3621858797575298}, "4": {"loss": 0.3303319780450118}, "5": {"loss": 0.35556343982094213}}