{"0": {"loss": 2.7506064473708705}, "1": {"loss": 2.2816651419810188}}