{"0": {"loss": 2.400093772194602}, "1": {"loss": 1.5547369754675664}, "2": {"loss": 0.8838875510475852}, "3": {"loss": 0.5794780230281329}, "4": {"loss": 0.45886897077464095}, "5": {"loss": 0.5581065091219816}, "6": {"loss": 0.8882189663973722}, "7": {"loss": 1.9824562458076862}, "8": {"loss": 4.30186539466935}, "9": {"loss": 8.64132351345486}}