{"0": {"loss": 2.0666429428827193}, "1": {"loss": 1.5474815368652344}, "2": {"loss": 1.2451751345679873}, "3": {"loss": 0.6641124543689546}, "4": {"loss": 0.47007924034481957}, "5": {"loss": 0.3471812293643043}, "6": {"loss": 0.311254342397054}, "7": {"loss": 0.5515876497541156}, "8": {"loss": 0.24637086050851004}}