{"0": {"loss": 2.6269201698450506}, "1": {"loss": 2.0138706001075537}}