{"0": {"loss": 2.623302840649998}, "1": {"loss": 2.076999519444719}, "2": {"loss": 1.5286978199847472}}