{"0": {"loss": 2.2842049947599086}, "1": {"loss": 1.437486602038872}, "2": {"loss": 1.0988694167718656}}