{"0": {"loss": 2.10116822378976}, "1": {"loss": 1.368222645350865}}