{"0": {"loss": 2.1564266017225924}, "1": {"loss": 1.902222680263832}, "2": {"loss": 0.8792524494108607}, "3": {"loss": 0.7601270206639024}}