{"0": {"loss": 2.5522679396665815}, "1": {"loss": 1.8580724580691812}, "2": {"loss": 1.2146392989028347}, "3": {"loss": 0.8430722137617934}, "4": {"loss": 0.6220027266955767}, "5": {"loss": 0.5549901795517551}, "6": {"loss": 0.5490291053480137}}