{"0": {"loss": 2.222124553862072}, "1": {"loss": 1.2782098679315477}, "2": {"loss": 0.6985766092936198}, "3": {"loss": 0.5145137423560733}, "4": {"loss": 0.061875439825512114}, "5": {"loss": 0.0}}