{"0": {"loss": 2.4591584497568557}, "1": {"loss": 1.6936703896035954}, "2": {"loss": 1.157473544685208}, "3": {"loss": 0.7825513567243304}, "4": {"loss": 0.5870355294675244}, "5": {"loss": 0.5444851700140505}, "6": {"loss": 0.43101826492620976}, "7": {"loss": 0.7329370537582709}, "8": {"loss": 0.9290274795220823}, "9": {"loss": 0.9315981962242905}}