{"0": {"loss": 2.6269201698450506}, "1": {"loss": 2.0138706001075537}, "2": {"loss": 1.412464311224153}, "3": {"loss": 1.0092114849900646}}