{"0": {"loss": 2.445280477303226}, "1": {"loss": 1.5493106971792623}, "2": {"loss": 0.9212965413826664}}