{"0": {"loss": 2.0550104777018228}, "1": {"loss": 1.096313730875651}, "2": {"loss": 0.6581708272298177}, "3": {"loss": 0.3887218157450358}, "4": {"loss": 0.30363181432088215}, "5": {"loss": 0.22282238006591798}, "6": {"loss": 0.18461410204569498}, "7": {"loss": 0.18941078186035157}}