{"0": {"loss": 2.132928975423177}, "1": {"loss": 1.2486502329508464}, "2": {"loss": 0.7886435190836588}, "3": {"loss": 0.4456636428833008}, "4": {"loss": 0.3034438451131185}, "5": {"loss": 0.29193321863810223}, "6": {"loss": 0.284551207224528}, "7": {"loss": 0.20378998120625813}, "8": {"loss": 0.23915038108825684}, "9": {"loss": 0.15356141726175945}}