{"0": {"loss": 2.1564266017225924}, "1": {"loss": 1.902222680263832}}