{"0": {"loss": 2.0666429428827193}, "1": {"loss": 1.5474815368652344}}