{"0": {"loss": 2.326455524989537}, "1": {"loss": 1.3182543345860072}, "2": {"loss": 0.8335428237915039}, "3": {"loss": 0.5937660762241909}, "4": {"loss": 0.4711224011012486}, "5": {"loss": 0.30624212537493023}}