{"0": {"loss": 2.380568644205729}, "1": {"loss": 1.5064801025390624}, "2": {"loss": 0.8436145528157553}, "3": {"loss": 0.5781248474121093}}