{"0": {"loss": 2.185544602414395}, "1": {"loss": 1.4806533164166389}}