{"0": {"loss": 2.6091605472025896}, "1": {"loss": 2.0325118700663247}, "2": {"loss": 1.4891967652207714}, "3": {"loss": 1.5468720285232458}, "4": {"loss": 2.156025695800781}}