{"0": {"loss": 2.0757084599247686}, "1": {"loss": 1.1651324519404658}, "2": {"loss": 1.109307395087348}, "3": {"loss": 0.7417721924958406}, "4": {"loss": 0.3597886120831525}, "5": {"loss": 0.48859073497630934}, "6": {"loss": 0.4791261178475839}, "7": {"loss": 0.2612494362725152}}