{"0": {"loss": 2.5832439163356153}, "1": {"loss": 1.9261680232668386}, "2": {"loss": 1.3305643618685528}}