{"0": {"loss": 2.2571935017903644}, "1": {"loss": 1.290655008951823}, "2": {"loss": 0.736397467719184}, "3": {"loss": 0.4608427259657118}, "4": {"loss": 0.3978925069173177}, "5": {"loss": 0.3335058636135525}, "6": {"loss": 0.26755349900987413}, "7": {"loss": 0.21690953572591146}, "8": {"loss": 0.20798541174994575}, "9": {"loss": 0.16937354405721028}}