{"0": {"loss": 2.457811737060547}, "1": {"loss": 1.6676041412353515}}