{"0": {"loss": 2.7407360987834943}, "1": {"loss": 2.2824945947337376}}