{"0": {"loss": 2.1667697429656982}, "1": {"loss": 1.374493956565857}}