{"0": {"loss": 2.65673697067916}, "1": {"loss": 1.5574769592285156}}