{"0": {"loss": 2.5409131668061304}, "1": {"loss": 1.8691781669336316}}