{"0": {"loss": 2.62494744075818}, "1": {"loss": 2.042413427588645}, "2": {"loss": 1.4935853347349703}, "3": {"loss": 1.1159062465924896}, "4": {"loss": 0.9289014727881785}}