{"0": {"loss": 2.745082113555662}, "1": {"loss": 8.807940185725995}}