{"0": {"loss": 2.4489904807431855}, "1": {"loss": 1.7514341034158303}}