{"0": {"loss": 2.623302840649998}, "1": {"loss": 2.076999519444719}, "2": {"loss": 1.5286978199847472}, "3": {"loss": 1.1918845398013602}, "4": {"loss": 0.9620499671260013}, "5": {"loss": 0.837546587325685}, "6": {"loss": 0.7625291753251173}, "7": {"loss": 0.7589803875414799}}