{"0": {"loss": 2.4607159679472757}, "1": {"loss": 1.6770703380644634}, "2": {"loss": 1.0915466228704802}, "3": {"loss": 0.357936841655152}}