{"0": {"loss": 2.596110908134834}, "1": {"loss": 2.0124171437083422}, "2": {"loss": 1.5204237317705487}, "3": {"loss": 1.1658590223405745}}