{"0": {"loss": 2.8161608756856715}, "1": {"loss": 2.533783056380901}}