{"0": {"loss": 2.323034587659334}, "1": {"loss": 1.3697512777228105}, "2": {"loss": 0.8073309346249229}, "3": {"loss": 0.517787732576069}, "4": {"loss": 0.38551985590081467}, "5": {"loss": 0.3240265344318591}, "6": {"loss": 0.2783552470960115}, "7": {"loss": 0.2125648197374846}, "8": {"loss": 0.21006848937586733}}