{"0": {"loss": 2.0757084599247686}, "1": {"loss": 1.1651324519404658}, "2": {"loss": 1.109307395087348}, "3": {"loss": 0.7417721924958406}, "4": {"loss": 0.3597886120831525}}