{"0": {"loss": 2.308011934354708}, "1": {"loss": 1.5673243535029424}, "2": {"loss": 0.8930505529626623}}