{"0": {"loss": 2.5249139997694225}, "1": {"loss": 1.7800415886773004}, "2": {"loss": 0.8023307588365343}, "3": {"loss": 0.516884273952908}, "4": {"loss": 0.40729310777452254}, "5": {"loss": 0.3318512969546848}, "6": {"loss": 0.5894465446472168}}