{"0": {"loss": 2.345365731221325}, "1": {"loss": 1.5093138982664864}, "2": {"loss": 0.8850240347520361}, "3": {"loss": 0.5779662402171009}, "4": {"loss": 0.43816919371766866}, "5": {"loss": 0.3567656492287258}}