{"0": {"loss": 2.916172198395231}, "1": {"loss": 3.340821704864502}}