{"0": {"loss": 3.8232249915599823}, "1": {"loss": 2.8021256551146507}}