{"0": {"loss": 2.445280477303226}, "1": {"loss": 1.5493106971792623}, "2": {"loss": 0.9212965413826664}, "3": {"loss": 0.5802787469357861}, "4": {"loss": 0.4697231889582005}, "5": {"loss": 0.39093771434965585}, "6": {"loss": 0.3398396887746798}, "7": {"loss": 0.32321645775619817}, "8": {"loss": 0.2958339574385662}, "9": {"loss": 0.24691837336741337}}