{"0": {"loss": 2.4607159679472757}, "1": {"loss": 1.6770703380644634}}