{"0": {"loss": 2.464744338415619}, "1": {"loss": 1.7443058616236637}, "2": {"loss": 1.0980037889982526}, "3": {"loss": 0.7712416828126836}, "4": {"loss": 0.6001583185411037}, "5": {"loss": 0.5248094716466459}, "6": {"loss": 0.4264106822193117}, "7": {"loss": 0.40270718596035376}, "8": {"loss": 0.5324072586862665}}