{"0": {"loss": 2.130209732055664}, "1": {"loss": 1.5618454933166503}, "2": {"loss": 0.7159832954406739}, "3": {"loss": 0.6827103614807128}}