{"0": {"loss": 2.825080026579868}, "1": {"loss": 2.486367458225693}, "2": {"loss": 4.634221922983123}}