{"0": {"loss": 2.775391130257916}, "1": {"loss": 2.3120828871344536}, "2": {"loss": 1.9038076056900755}, "3": {"loss": 1.6924549689443784}, "4": {"loss": 3.9090643988715277}}