{"0": {"loss": 2.461204112659801}, "1": {"loss": 1.8126966996626421}}