{"0": {"loss": 2.338689574488887}, "1": {"loss": 1.4365867155569572}}