{"0": {"loss": 3.0601661172996004}, "1": {"loss": 3.0639212703704835}}