{"0": {"loss": 2.202753413807262}, "1": {"loss": 1.322282617742365}, "2": {"loss": 0.736356561834162}, "3": {"loss": 0.4995412826538086}}