{"0": {"loss": 2.2175752094813754}, "1": {"loss": 1.7588742119925362}, "2": {"loss": 1.0723628316606795}}