{"0": {"loss": 1.8986825488862538}, "1": {"loss": 1.0318950471423922}, "2": {"loss": 0.7907457805815197}, "3": {"loss": 0.4553719021025158}, "4": {"loss": 0.4495635713849749}}