{"0": {"loss": 2.464744338415619}, "1": {"loss": 1.7443058616236637}, "2": {"loss": 1.0980037889982526}, "3": {"loss": 0.7712416828126836}}