{"0": {"loss": 2.259301927354601}, "1": {"loss": 1.2886499475549769}, "2": {"loss": 0.7570389641655816}, "3": {"loss": 0.49885018666585285}, "4": {"loss": 0.34851692340992113}, "5": {"loss": 0.2950305762114348}, "6": {"loss": 0.2510193012378834}, "7": {"loss": 0.21294049863462094}}