{"0": {"loss": 2.0235699547661676}, "1": {"loss": 1.2424343956841364}}