{"0": {"loss": 2.512050382552608}, "1": {"loss": 1.8543201979770456}, "2": {"loss": 1.2252291402509135}, "3": {"loss": 0.8278182552706811}, "4": {"loss": 0.6609536960560788}, "5": {"loss": 0.5929918904458323}, "6": {"loss": 0.5333441457440776}, "7": {"loss": 0.46314626611689086}, "8": {"loss": 0.437138424124769}}