{"0": {"loss": 1.9057967446067117}, "1": {"loss": 1.073080149563876}, "2": {"loss": 0.9179287823763761}, "3": {"loss": 0.9007919484918768}, "4": {"loss": 0.3383439237421209}, "5": {"loss": 0.4264246333729137}, "6": {"loss": 0.255782885984941}, "7": {"loss": 0.1669247258793224}, "8": {"loss": 0.30190324783325195}, "9": {"loss": 0.17094457149505615}}