{"0": {"loss": 2.130209732055664}, "1": {"loss": 1.5618454933166503}, "2": {"loss": 0.7159832954406739}, "3": {"loss": 0.6827103614807128}, "4": {"loss": 0.5298273086547851}, "5": {"loss": 0.3371198415756226}, "6": {"loss": 0.2206822633743286}, "7": {"loss": 0.5183303356170654}}