{"0": {"loss": 2.8109547955349155}, "1": {"loss": 2.353382878016445}}