{"0": {"loss": 2.62494744075818}, "1": {"loss": 2.042413427588645}}