{"0": {"loss": 2.111281712849935}, "1": {"loss": 1.2628376483917236}}