{"0": {"loss": 2.2127227783203125}, "1": {"loss": 1.2389450073242188}}