{"0": {"loss": 2.2157880609685723}, "1": {"loss": 1.3415103392167524}}