{"0": {"loss": 2.3837367541169465}, "1": {"loss": 1.5584823921935198}}