{"0": {"loss": 2.447122254347438}, "1": {"loss": 1.7014098966182185}, "2": {"loss": 1.1161503670784423}, "3": {"loss": 0.7714866986734613}, "4": {"loss": 0.6199102062864352}, "5": {"loss": 0.5045734347425742}, "6": {"loss": 0.4088825671200825}}