{"0": {"loss": 2.5832439163356153}, "1": {"loss": 1.9261680232668386}, "2": {"loss": 1.3305643618685528}, "3": {"loss": 0.9993033492449418}, "4": {"loss": 0.8751295515634481}, "5": {"loss": 0.7125586685625095}}