{"0": {"loss": 2.5409131668061304}, "1": {"loss": 1.8691781669336316}, "2": {"loss": 1.2945688605539112}, "3": {"loss": 0.9359364315896246}, "4": {"loss": 0.7423760434414478}, "5": {"loss": 0.6749527818690877}, "6": {"loss": 0.5670637318889684}}