{"0": {"loss": 2.9897800482490084}, "1": {"loss": 2.8229568755808048}}