{"0": {"loss": 2.451476770288804}, "1": {"loss": 1.7733766892377067}, "2": {"loss": 1.1451331026413862}, "3": {"loss": 1.2704703948077034}}