{"0": {"loss": 2.3837367541169465}, "1": {"loss": 1.5584823921935198}, "2": {"loss": 0.9305329780056052}}