{"0": {"loss": 2.833269127344681}, "1": {"loss": 7.335557969950013}}