{"0": {"loss": 2.0063072551380503}, "1": {"loss": 1.023350022055886}}