{"0": {"loss": 2.0063072551380503}, "1": {"loss": 1.023350022055886}, "2": {"loss": 0.6659030480818315}, "3": {"loss": 0.8616544550115411}}