{"0": {"loss": 2.617937745166426}, "1": {"loss": 2.0144315019709054}}