{"0": {"loss": 2.420757293701172}, "1": {"loss": 1.6251701569892991}, "2": {"loss": 1.008434859799667}, "3": {"loss": 0.6736192568926744}, "4": {"loss": 0.5247202456836969}, "5": {"loss": 0.46240253179845675}, "6": {"loss": 7.6589189986108055}}