{"0": {"loss": 2.1075276555241764}, "1": {"loss": 1.5453682976800043}, "2": {"loss": 0.9978733578243771}, "3": {"loss": 0.653188860094225}, "4": {"loss": 0.3780306996525945}, "5": {"loss": 0.2696794045938028}, "6": {"loss": 0.6592208759204762}, "7": {"loss": 0.6537547240386138}}