{"0": {"loss": 2.185544602414395}, "1": {"loss": 1.4806533164166389}, "2": {"loss": 1.079420617286195}, "3": {"loss": 0.7156995408078457}}