{"0": {"loss": 2.332225197239926}, "1": {"loss": 1.4061649724056846}}