{"0": {"loss": 2.140933082217262}, "1": {"loss": 1.27730221218533}}