{"0": {"loss": 2.3650965505433312}, "1": {"loss": 1.4988387603204227}, "2": {"loss": 0.8862667268919713}, "3": {"loss": 0.5959550964022146}, "4": {"loss": 0.4429190876414475}, "5": {"loss": 0.44106506317564587}, "6": {"loss": 0.34783822703130035}, "7": {"loss": 0.35311568130567234}}