{"0": {"loss": 2.6599810310963834}, "1": {"loss": 2.1698916223855256}, "2": {"loss": 1.6906690821584325}, "3": {"loss": 1.3803433660832563}, "4": {"loss": 1.184917890258415}}