{"0": {"loss": 2.628438423373175}, "1": {"loss": 2.0327320775241717}, "2": {"loss": 1.470266041857131}}