{"0": {"loss": 2.874147291658482}, "1": {"loss": 2.6322263374182455}}