{"0": {"loss": 1.9699081182479858}, "1": {"loss": 1.1801974773406982}, "2": {"loss": 0.6628025770187378}, "3": {"loss": 0.4776841104030609}, "4": {"loss": 0.29844632744789124}, "5": {"loss": 0.43413618206977844}, "6": {"loss": 0.2771317660808563}, "7": {"loss": 0.24568170309066772}, "8": {"loss": 0.16191978752613068}}