{"0": {"loss": 2.5128144054878048}, "1": {"loss": 1.8382289028426173}, "2": {"loss": 1.2001955812862573}}