{"0": {"loss": 2.308011934354708}, "1": {"loss": 1.5673243535029424}}