{"0": {"loss": 2.420757293701172}, "1": {"loss": 1.6251701569892991}, "2": {"loss": 1.008434859799667}}