{"0": {"loss": 2.2911012948277487}, "1": {"loss": 1.5830475221197289}}