{"0": {"loss": 2.656430433636252}, "1": {"loss": 2.1572198751966964}, "2": {"loss": 1.6917483681126644}, "3": {"loss": 1.3693994298155008}}