{"0": {"loss": 2.8859609308479848}, "1": {"loss": 2.6099052764717525}, "2": {"loss": 2.454820880196974}, "3": {"loss": 2.4168833278561186}}