{"0": {"loss": 2.460595330761978}, "1": {"loss": 1.78742398127953}}