{"0": {"loss": 2.259301927354601}, "1": {"loss": 1.2886499475549769}}