{"0": {"loss": 2.825080026579868}, "1": {"loss": 2.486367458225693}}