{"0": {"loss": 2.222124553862072}, "1": {"loss": 1.2782098679315477}}