{"0": {"loss": 2.459028617820548}, "1": {"loss": 1.7434409443457521}, "2": {"loss": 1.1214808171717965}, "3": {"loss": 0.9467779571686558}, "4": {"loss": 0.9213026420554923}, "5": {"loss": 0.9048308942785215}}