{"0": {"loss": 2.4889602661132812}, "1": {"loss": 1.823562560210357}, "2": {"loss": 1.213165943042652}}