{"0": {"loss": 2.596110908134834}, "1": {"loss": 2.0124171437083422}}