{"0": {"loss": 2.3597670873006185}, "1": {"loss": 1.5379748026529947}}