{"0": {"loss": 2.2607899201221957}, "1": {"loss": 1.3029854603302784}, "2": {"loss": 0.86260741796249}, "3": {"loss": 0.5332086025140225}, "4": {"loss": 0.4161913456060948}}