{"0": {"loss": 2.656430433636252}, "1": {"loss": 2.1572198751966964}}