{"0": {"loss": 2.338689574488887}, "1": {"loss": 1.4365867155569572}, "2": {"loss": 0.829698196163884}}