{"0": {"loss": 3.8232249915599823}, "1": {"loss": 2.8021256551146507}, "2": {"loss": 1.8829520754516125}, "3": {"loss": 1.45120070874691}}