{"0": {"loss": 2.3009242522410855}, "1": {"loss": 1.4155947367350261}}