{"0": {"loss": 2.2696102142333983}, "1": {"loss": 1.2963083267211915}, "2": {"loss": 0.6437903881072998}, "3": {"loss": 0.44361572265625}, "4": {"loss": 0.3906547546386719}, "5": {"loss": 0.303891921043396}, "6": {"loss": 0.2613633155822754}, "7": {"loss": 0.1782703161239624}, "8": {"loss": 0.15933945178985595}}