{"0": {"loss": 2.693418839169812}, "1": {"loss": 2.196998059567326}, "2": {"loss": 1.731142353209516}}