{"0": {"loss": 2.512050382552608}, "1": {"loss": 1.8543201979770456}}