{"0": {"loss": 2.846843296974882}, "1": {"loss": 2.5087385152342714}}