{"0": {"loss": 2.4126344310293955}, "1": {"loss": 1.6398518788728782}, "2": {"loss": 0.9828443733050669}}