{"0": {"loss": 2.2008650406547217}, "1": {"loss": 1.275658483090608}, "2": {"loss": 0.7262705098027769}}