{"0": {"loss": 2.445280477303226}, "1": {"loss": 1.5493106971792623}, "2": {"loss": 0.9212965413826664}, "3": {"loss": 0.5802787469357861}, "4": {"loss": 0.4697231889582005}, "5": {"loss": 0.39093771434965585}}