{"0": {"loss": 2.4261381729789404}, "1": {"loss": 1.6020222539487092}, "2": {"loss": 1.0890727941540703}, "3": {"loss": 0.6904869494230851}, "4": {"loss": 0.5276877500008845}}