{"0": {"loss": 2.3650965505433312}, "1": {"loss": 1.4988387603204227}, "2": {"loss": 0.8862667268919713}, "3": {"loss": 0.5959550964022146}, "4": {"loss": 0.4429190876414475}}