{"0": {"loss": 2.469124179416233}, "1": {"loss": 1.6847034313060618}}