{"0": {"loss": 2.5249139997694225}, "1": {"loss": 1.7800415886773004}, "2": {"loss": 0.8023307588365343}}