{"0": {"loss": 2.0666429428827193}, "1": {"loss": 1.5474815368652344}, "2": {"loss": 1.2451751345679873}, "3": {"loss": 0.6641124543689546}}