{"0": {"loss": 2.828999869636163}, "1": {"loss": 2.957447205885707}, "2": {"loss": 3.2804816503180567}}