{"0": {"loss": 2.1750400349245234}, "1": {"loss": 1.3250758284229343}}