{"0": {"loss": 2.400093772194602}, "1": {"loss": 1.5547369754675664}, "2": {"loss": 0.8838875510475852}}