{"0": {"loss": 2.1919888814290363}, "1": {"loss": 1.3013009389241537}, "2": {"loss": 0.745588747660319}}