{"0": {"loss": 2.323034587659334}, "1": {"loss": 1.3697512777228105}}