{"0": {"loss": 2.4126344310293955}, "1": {"loss": 1.6398518788728782}, "2": {"loss": 0.9828443733050669}, "3": {"loss": 0.9870918328813512}, "4": {"loss": 1.0956337194648578}, "5": {"loss": 1.118772932093778}}