{"0": {"loss": 2.1750400349245234}, "1": {"loss": 1.3250758284229343}, "2": {"loss": 0.8965357117733713}, "3": {"loss": 0.49199230388059456}, "4": {"loss": 0.40405483569129036}, "5": {"loss": 0.4512020692986957}}