{"0": {"loss": 2.2008650406547217}, "1": {"loss": 1.275658483090608}, "2": {"loss": 0.7262705098027769}, "3": {"loss": 0.4942131457121476}, "4": {"loss": 0.43995343083920685}, "5": {"loss": 0.30639229650082794}}