{"0": {"loss": 2.452292530807023}, "1": {"loss": 1.699370787315762}}