{"0": {"loss": 2.185544602414395}, "1": {"loss": 1.4806533164166389}, "2": {"loss": 1.079420617286195}, "3": {"loss": 0.7156995408078457}, "4": {"loss": 0.4709226730022025}, "5": {"loss": 0.4187407797955452}, "6": {"loss": 0.26839440934201503}, "7": {"loss": 0.3165415500072723}, "8": {"loss": 0.2926285114694149}, "9": {"loss": 0.24381864831802694}}