{"0": {"loss": 2.561044964409246}, "1": {"loss": 1.9344059905113533}}