{"0": {"loss": 2.2842049947599086}, "1": {"loss": 1.437486602038872}}