{"0": {"loss": 2.326455524989537}, "1": {"loss": 1.3182543345860072}}