{"0": {"loss": 2.603747334231443}, "1": {"loss": 2.0120702374973485}, "2": {"loss": 1.4621787185561337}}