{"0": {"loss": 1.9057967446067117}, "1": {"loss": 1.073080149563876}}