{"0": {"loss": 2.4591584497568557}, "1": {"loss": 1.6936703896035954}}