{"0": {"loss": 2.132928975423177}, "1": {"loss": 1.2486502329508464}}