{"0": {"loss": 2.1349200813137754}, "1": {"loss": 1.1990936434998805}, "2": {"loss": 0.6253294652822067}, "3": {"loss": 0.43709712125817124}, "4": {"loss": 0.3778631249252631}}