{"0": {"loss": 2.4261381729789404}, "1": {"loss": 1.6020222539487092}, "2": {"loss": 1.0890727941540703}, "3": {"loss": 0.6904869494230851}, "4": {"loss": 0.5276877500008845}, "5": {"loss": 0.3838880511297696}, "6": {"loss": 0.37710947230242303}, "7": {"loss": 0.3244336307912633}, "8": {"loss": 0.28333909960760584}}