{"0": {"loss": 2.3659056700192966}, "1": {"loss": 1.4960175706790044}, "2": {"loss": 0.8675820231437683}, "3": {"loss": 0.603630794928624}, "4": {"loss": 0.5140803525081048}, "5": {"loss": 0.335451310643783}, "6": {"loss": 0.3187513053417206}, "7": {"loss": 0.29863114540393537}, "8": {"loss": 0.27092547714710236}}