{"0": {"loss": 2.348172344738924}, "1": {"loss": 1.4482996493955202}, "2": {"loss": 0.8983331994165348}, "3": {"loss": 0.6163194873664952}, "4": {"loss": 0.4529487513288667}, "5": {"loss": 0.3747804376143443}}