{"0": {"loss": 2.1667697429656982}, "1": {"loss": 1.374493956565857}, "2": {"loss": 0.762682318687439}, "3": {"loss": 0.4777582287788391}, "4": {"loss": 0.379911333322525}, "5": {"loss": 0.30879634618759155}, "6": {"loss": 0.31461215019226074}}