{"0": {"loss": 2.348172344738924}, "1": {"loss": 1.4482996493955202}}