{"0": {"loss": 2.10116822378976}, "1": {"loss": 1.368222645350865}, "2": {"loss": 0.7708650316510882}, "3": {"loss": 0.5086839199066162}, "4": {"loss": 0.4227915491376604}}