{"0": {"loss": 2.3650965505433312}, "1": {"loss": 1.4988387603204227}}