{"0": {"loss": 2.3009242522410855}, "1": {"loss": 1.4155947367350261}, "2": {"loss": 0.8292790926419772}, "3": {"loss": 0.5466182904365735}, "4": {"loss": 0.4000126765324519}, "5": {"loss": 0.30107647333389675}, "6": {"loss": 0.2813751514141376}, "7": {"loss": 0.25069564428084934}}