{"0": {"loss": 2.4783727327982583}, "1": {"loss": 1.6904295285542805}, "2": {"loss": 1.0439634720484416}}