{"0": {"loss": 2.603747334231443}, "1": {"loss": 2.0120702374973485}, "2": {"loss": 1.4621787185561337}, "3": {"loss": 1.1114616770670342}, "4": {"loss": 0.9112691569899974}, "5": {"loss": 0.8176540245626474}, "6": {"loss": 2.5408379644870087}}