{"0": {"loss": 2.7569629405138243}, "1": {"loss": 2.3201509568406835}}