{"0": {"loss": 2.2696102142333983}, "1": {"loss": 1.2963083267211915}, "2": {"loss": 0.6437903881072998}, "3": {"loss": 0.44361572265625}, "4": {"loss": 0.3906547546386719}}