{"0": {"loss": 2.138475666875425}, "1": {"loss": 1.1540347389552905}}