{"0": {"loss": 2.795145959595829}, "1": {"loss": 0.613929549853007}}