{"0": {"loss": 2.5345362031747443}, "1": {"loss": 1.8195296177595615}}