{"0": {"loss": 1.9699081182479858}, "1": {"loss": 1.1801974773406982}, "2": {"loss": 0.6628025770187378}}