{"0": {"loss": 2.6599810310963834}, "1": {"loss": 2.1698916223855256}, "2": {"loss": 1.6906690821584325}, "3": {"loss": 1.3803433660832563}, "4": {"loss": 1.184917890258415}, "5": {"loss": 1.047631303672284}, "6": {"loss": 0.9712837967370942}, "7": {"loss": 0.8948017155430047}, "8": {"loss": 0.9276226616490241}}