{"0": {"loss": 2.3837367541169465}, "1": {"loss": 1.5584823921935198}, "2": {"loss": 0.9305329780056052}, "3": {"loss": 0.7708870221490729}, "4": {"loss": 0.5268095486784634}}