{"0": {"loss": 2.0550104777018228}, "1": {"loss": 1.096313730875651}, "2": {"loss": 0.6581708272298177}}