{"0": {"loss": 2.1564266017225924}, "1": {"loss": 1.902222680263832}, "2": {"loss": 0.8792524494108607}, "3": {"loss": 0.7601270206639024}, "4": {"loss": 0.5232585219086193}, "5": {"loss": 0.3427324764064101}, "6": {"loss": 0.2587851696327084}, "7": {"loss": 0.2979458668192879}, "8": {"loss": 0.2787876441830494}}