{"0": {"loss": 2.561044964409246}, "1": {"loss": 1.9344059905113533}, "2": {"loss": 1.3406173248737179}, "3": {"loss": 1.0253524873224151}}