{"0": {"loss": 2.803956001535113}, "1": {"loss": 2.317035272464541}, "2": {"loss": 1.9601796167802987}, "3": {"loss": 2.918936971028646}}