{"0": {"loss": 2.692427473503926}, "1": {"loss": 2.158250094186231}, "2": {"loss": 1.6627212601869845}}