{"0": {"loss": 2.874147291658482}, "1": {"loss": 2.6322263374182455}, "2": {"loss": 2.49056809231696}, "3": {"loss": 2.3975526612380453}}