{"0": {"loss": 2.0550104777018228}, "1": {"loss": 1.096313730875651}}