{"0": {"loss": 2.445280477303226}, "1": {"loss": 1.5493106971792623}}