{"0": {"loss": 2.447122254347438}, "1": {"loss": 1.7014098966182185}}