{"0": {"loss": 2.2127227783203125}, "1": {"loss": 1.2389450073242188}, "2": {"loss": 0.6561586743309384}, "3": {"loss": 0.5716635386149088}, "4": {"loss": 0.46533407483782085}, "5": {"loss": 0.533550534929548}, "6": {"loss": 0.5742840085710798}, "7": {"loss": 0.32562648682367235}, "8": {"loss": 0.21889806929088773}}