{"0": {"loss": 1.8986825488862538}, "1": {"loss": 1.0318950471423922}, "2": {"loss": 0.7907457805815197}, "3": {"loss": 0.4553719021025158}, "4": {"loss": 0.4495635713849749}, "5": {"loss": 0.524456432887486}, "6": {"loss": 0.22678291229974656}, "7": {"loss": 0.25866390409923734}, "8": {"loss": 0.2495854241507394}, "9": {"loss": 0.7796728951590401}}