{"0": {"loss": 2.2842049947599086}, "1": {"loss": 1.437486602038872}, "2": {"loss": 1.0988694167718656}, "3": {"loss": 0.714017449355707}, "4": {"loss": 0.4618481891911204}, "5": {"loss": 0.3619866487456531}}