{"0": {"loss": 2.380568644205729}, "1": {"loss": 1.5064801025390624}, "2": {"loss": 0.8436145528157553}, "3": {"loss": 0.5781248474121093}, "4": {"loss": 0.6082847086588542}, "5": {"loss": 0.4085390218098958}, "6": {"loss": 0.30345792134602867}, "7": {"loss": 0.3010404459635417}, "8": {"loss": 0.28179903666178385}, "9": {"loss": 0.2265075174967448}}