{"0": {"loss": 2.451869589059464}, "1": {"loss": 1.6039654825635525}}