{"0": {"loss": 2.348172344738924}, "1": {"loss": 1.4482996493955202}, "2": {"loss": 0.8983331994165348}, "3": {"loss": 0.6163194873664952}, "4": {"loss": 0.4529487513288667}, "5": {"loss": 0.3747804376143443}, "6": {"loss": 0.3378701994690714}, "7": {"loss": 0.2928198078010656}, "8": {"loss": 0.23925129371353343}, "9": {"loss": 0.28013915049878857}}