{"0": {"loss": 2.469124179416233}, "1": {"loss": 1.6847034313060618}, "2": {"loss": 1.080616788510923}, "3": {"loss": 0.8222807990180121}}