{"0": {"loss": 2.0112836284022175}, "1": {"loss": 1.0765008003480974}, "2": {"loss": 0.6290016789590159}, "3": {"loss": 0.8842682992258379}, "4": {"loss": 0.4375270720451109}, "5": {"loss": 0.5509898278021044}}