{"0": {"loss": 2.911677375904707}, "1": {"loss": 1.938896942138672}}