{"0": {"loss": 2.880167977556969}, "1": {"loss": 2.6336554860027754}}