{"0": {"loss": 2.323034587659334}, "1": {"loss": 1.3697512777228105}, "2": {"loss": 0.8073309346249229}, "3": {"loss": 0.517787732576069}, "4": {"loss": 0.38551985590081467}}