{"0": {"loss": 2.6091605472025896}, "1": {"loss": 2.0325118700663247}}