{"0": {"loss": 2.9897800482490084}, "1": {"loss": 2.8229568755808048}, "2": {"loss": 2.7807939183827424}, "3": {"loss": 2.7899636180239265}, "4": {"loss": 2.8153371301759162}, "5": {"loss": 2.8615743381188947}, "6": {"loss": 2.918128738297796}, "7": {"loss": 3.0459723940858536}}