{"0": {"loss": 2.3659056700192966}, "1": {"loss": 1.4960175706790044}}