{"0": {"loss": 2.7569629405138243}, "1": {"loss": 2.3201509568406835}, "2": {"loss": 1.9614298487622537}, "3": {"loss": 1.6700404677018852}, "4": {"loss": 1.481522735685593}}