{"0": {"loss": 2.5613013676234653}, "1": {"loss": 1.8999401137320262}, "2": {"loss": 1.3059692737407647}}