{"0": {"loss": 2.740812521015768}, "1": {"loss": 3.3585054502382383}}