{"0": {"loss": 2.7506064473708705}, "1": {"loss": 2.2816651419810188}, "2": {"loss": 1.9159219747414686}, "3": {"loss": 1.6443930203613997}, "4": {"loss": 1.4615099618861402}}