{"0": {"loss": 2.4489904807431855}, "1": {"loss": 1.7514341034158303}, "2": {"loss": 1.1284877749255104}, "3": {"loss": 0.732194037333022}, "4": {"loss": 0.5740955519850237}, "5": {"loss": 0.47351502328023426}, "6": {"loss": 0.42356332375185335}, "7": {"loss": 0.3815867222138565}}