{"0": {"loss": 2.4727828285910864}, "1": {"loss": 0.8463490295410157}}