{"0": {"loss": 2.1665746370951333}, "1": {"loss": 1.141936461130778}}