{"0": {"loss": 2.7506064473708705}, "1": {"loss": 2.2816651419810188}, "2": {"loss": 1.9159219747414686}}