{"0": {"loss": 2.138475666875425}, "1": {"loss": 1.1540347389552905}, "2": {"loss": 0.6074601049008577}, "3": {"loss": 0.4429109407507855}, "4": {"loss": 0.4060843094535496}, "5": {"loss": 0.38059582917586615}}