{"0": {"loss": 2.488394096716126}, "1": {"loss": 1.7384810945880946}}