{"0": {"loss": 2.9897800482490084}, "1": {"loss": 2.8229568755808048}, "2": {"loss": 2.7807939183827424}, "3": {"loss": 2.7899636180239265}}