{"0": {"loss": 2.3817703458997936}, "1": {"loss": 1.5788570510016546}, "2": {"loss": 0.32164314058091903}}