{"0": {"loss": 2.130209732055664}, "1": {"loss": 1.5618454933166503}}