{"0": {"loss": 2.50633412487102}, "1": {"loss": 0.594324399840157}}