{"0": {"loss": 2.459028617820548}, "1": {"loss": 1.7434409443457521}}