{"0": {"loss": 2.182825888356855}, "1": {"loss": 1.2578042553317161}}