{"0": {"loss": 2.338689574488887}, "1": {"loss": 1.4365867155569572}, "2": {"loss": 0.829698196163884}, "3": {"loss": 0.5068494589240463}, "4": {"loss": 0.3987627183949506}}