{"0": {"loss": 2.451869589059464}, "1": {"loss": 1.6039654825635525}, "2": {"loss": 1.0122620972944665}, "3": {"loss": 0.6786698850325352}, "4": {"loss": 0.5152368100813634}, "5": {"loss": 0.4540330165408436}, "6": {"loss": 0.38462506427666066}, "7": {"loss": 0.3607984157423899}, "8": {"loss": 0.30840390457390504}}