{"0": {"loss": 2.8859609308479848}, "1": {"loss": 2.6099052764717525}}