{"0": {"loss": 2.348172344738924}, "1": {"loss": 1.4482996493955202}, "2": {"loss": 0.8983331994165348}, "3": {"loss": 0.6163194873664952}}