{"0": {"loss": 2.617937745166426}, "1": {"loss": 2.0144315019709054}, "2": {"loss": 1.448249743432224}, "3": {"loss": 1.1566155056993501}, "4": {"loss": 1.1631172885413932}}