{"0": {"loss": 2.0112836284022175}, "1": {"loss": 1.0765008003480974}}