{"0": {"loss": 2.332225197239926}, "1": {"loss": 1.4061649724056846}, "2": {"loss": 0.7579838100232577}, "3": {"loss": 0.5365190004047594}, "4": {"loss": 0.315159421218069}, "5": {"loss": 0.2754183568452534}, "6": {"loss": 0.3477155534844649}, "7": {"loss": 0.29440094295300934}, "8": {"loss": 0.22097597624126233}}