{"0": {"loss": 2.925360730820638}, "1": {"loss": 2.666506958885427}}