{"0": {"loss": 2.2008650406547217}, "1": {"loss": 1.275658483090608}}