{"0": {"loss": 1.9057967446067117}, "1": {"loss": 1.073080149563876}, "2": {"loss": 0.9179287823763761}}