{"0": {"loss": 2.775391130257916}, "1": {"loss": 2.3120828871344536}}