{"0": {"loss": 2.4591584497568557}, "1": {"loss": 1.6936703896035954}, "2": {"loss": 1.157473544685208}, "3": {"loss": 0.7825513567243304}, "4": {"loss": 0.5870355294675244}}