{"0": {"loss": 2.5001555097864028}, "1": {"loss": 1.8264692996410614}, "2": {"loss": 1.2088543709288253}, "3": {"loss": 0.8500318222857536}, "4": {"loss": 0.6770839183888537}, "5": {"loss": 0.5790931924860528}, "6": {"loss": 0.5416975427181163}, "7": {"loss": 0.4792131007985866}, "8": {"loss": 0.42980970220362885}, "9": {"loss": 0.44892309067097114}}