{"0": {"loss": 2.10116822378976}, "1": {"loss": 1.368222645350865}, "2": {"loss": 0.7708650316510882}, "3": {"loss": 0.5086839199066162}, "4": {"loss": 0.4227915491376604}, "5": {"loss": 0.38217759132385254}, "6": {"loss": 0.2715214661189488}, "7": {"loss": 0.1805827787944249}, "8": {"loss": 0.2392031635556902}}