{"0": {"loss": 2.140933082217262}, "1": {"loss": 1.27730221218533}, "2": {"loss": 0.737991938515315}, "3": {"loss": 0.5431174626426091}, "4": {"loss": 0.49321713523259236}}