{"0": {"loss": 2.0757084599247686}, "1": {"loss": 1.1651324519404658}, "2": {"loss": 1.109307395087348}}