{"0": {"loss": 2.332225197239926}, "1": {"loss": 1.4061649724056846}, "2": {"loss": 0.7579838100232577}, "3": {"loss": 0.5365190004047594}}