{"0": {"loss": 2.2127227783203125}, "1": {"loss": 1.2389450073242188}, "2": {"loss": 0.6561586743309384}, "3": {"loss": 0.5716635386149088}, "4": {"loss": 0.46533407483782085}}