{"0": {"loss": 2.459028617820548}, "1": {"loss": 1.7434409443457521}, "2": {"loss": 1.1214808171717965}}