{"0": {"loss": 2.4889602661132812}, "1": {"loss": 1.823562560210357}, "2": {"loss": 1.213165943042652}, "3": {"loss": 0.86254483815786}, "4": {"loss": 0.651142862680796}, "5": {"loss": 0.5583856582641602}, "6": {"loss": 0.5117590981560785}, "7": {"loss": 0.5630071743114574}, "8": {"loss": 0.43724433795825857}, "9": {"loss": 0.43536048579860376}}