{"0": {"loss": 2.140933082217262}, "1": {"loss": 1.27730221218533}, "2": {"loss": 0.737991938515315}, "3": {"loss": 0.5431174626426091}, "4": {"loss": 0.49321713523259236}, "5": {"loss": 0.3294891175769624}, "6": {"loss": 0.2674139416407025}, "7": {"loss": 0.3041341266934834}, "8": {"loss": 0.22466788216242714}}