{"0": {"loss": 2.2607899201221957}, "1": {"loss": 1.3029854603302784}}