{"0": {"loss": 2.775391130257916}, "1": {"loss": 2.3120828871344536}, "2": {"loss": 1.9038076056900755}}