{"0": {"loss": 2.5128144054878048}, "1": {"loss": 1.8382289028426173}, "2": {"loss": 1.2001955812862573}, "3": {"loss": 0.8317622052944773}, "4": {"loss": 0.6559714650720115}, "5": {"loss": 0.5737583294793519}, "6": {"loss": 0.5626639492789581}, "7": {"loss": 0.4746715214840442}, "8": {"loss": 0.43168721289492556}}