{"0": {"loss": 2.345365731221325}, "1": {"loss": 1.5093138982664864}}