{"0": {"loss": 2.452292530807023}, "1": {"loss": 1.699370787315762}, "2": {"loss": 1.127877658175439}, "3": {"loss": 0.8181374146766269}, "4": {"loss": 0.5998352680009665}, "5": {"loss": 0.5254411992338515}}