{"0": {"loss": 2.464744338415619}, "1": {"loss": 1.7443058616236637}}