{"0": {"loss": 2.733834528290065}, "1": {"loss": 2.2794555844107207}, "2": {"loss": 1.853983262998868}}