{"0": {"loss": 1.9057967446067117}, "1": {"loss": 1.073080149563876}, "2": {"loss": 0.9179287823763761}, "3": {"loss": 0.9007919484918768}}