{"0": {"loss": 2.451869589059464}, "1": {"loss": 1.6039654825635525}, "2": {"loss": 1.0122620972944665}}