{"0": {"loss": 2.692427473503926}, "1": {"loss": 2.158250094186231}}