{"0": {"loss": 2.451476770288804}, "1": {"loss": 1.7733766892377067}}