{"0": {"loss": 2.7569629405138243}, "1": {"loss": 2.3201509568406835}, "2": {"loss": 1.9614298487622537}, "3": {"loss": 1.6700404677018852}, "4": {"loss": 1.481522735685593}, "5": {"loss": 1.3262631664922206}, "6": {"loss": 1.2581800536659926}, "7": {"loss": 1.2673230543403458}}