{"0": {"loss": 2.028708809300473}, "1": {"loss": 1.1583678596898128}, "2": {"loss": 0.6279899195620888}, "3": {"loss": 0.3621858797575298}}