{"0": {"loss": 2.345365731221325}, "1": {"loss": 1.5093138982664864}, "2": {"loss": 0.8850240347520361}}