{"0": {"loss": 2.1919888814290363}, "1": {"loss": 1.3013009389241537}, "2": {"loss": 0.745588747660319}, "3": {"loss": 0.5073699951171875}, "4": {"loss": 0.44210437138875325}, "5": {"loss": 0.4122947692871094}, "6": {"loss": 0.3767755190531413}, "7": {"loss": 0.28915316263834634}, "8": {"loss": 0.2048779010772705}}