{"0": {"loss": 3.0449361142178644}, "1": {"loss": 2.8533667785878833}, "2": {"loss": 1.6723154830932616}}