{"0": {"loss": 2.447122254347438}, "1": {"loss": 1.7014098966182185}, "2": {"loss": 1.1161503670784423}, "3": {"loss": 0.7714866986734613}}