{"0": {"loss": 2.7383941089405734}, "1": {"loss": 2.273064265531652}, "2": {"loss": 7.493369080038631}}