{"0": {"loss": 2.4783727327982583}, "1": {"loss": 1.6904295285542805}, "2": {"loss": 1.0439634720484416}, "3": {"loss": 0.7187159061431885}, "4": {"loss": 0.691645344098409}, "5": {"loss": 0.7056758403778076}}