{"0": {"loss": 2.2911012948277487}, "1": {"loss": 1.5830475221197289}, "2": {"loss": 0.8559943509389119}, "3": {"loss": 0.6768763898366905}, "4": {"loss": 0.4450913394790098}, "5": {"loss": 0.3588765615440277}, "6": {"loss": 0.31039516035332737}, "7": {"loss": 0.3219002643263484}}