{"0": {"loss": 2.733834528290065}, "1": {"loss": 2.2794555844107207}, "2": {"loss": 1.853983262998868}, "3": {"loss": 1.59086182405815}, "4": {"loss": 1.4369903553200332}, "5": {"loss": 1.3100525538126628}, "6": {"loss": 1.2343309115519565}}