{"0": {"loss": 2.457811737060547}, "1": {"loss": 1.6676041412353515}, "2": {"loss": 1.0874816513061523}, "3": {"loss": 0.7066947555541992}}