{"0": {"loss": 2.457811737060547}, "1": {"loss": 1.6676041412353515}, "2": {"loss": 1.0874816513061523}, "3": {"loss": 0.7066947555541992}, "4": {"loss": 0.5573899459838867}, "5": {"loss": 0.460478458404541}}