{"0": {"loss": 2.5732117140224213}, "1": {"loss": 1.895037237619389}, "2": {"loss": 1.3473844656824836}}