{"0": {"loss": 2.5364917575259107}, "1": {"loss": 1.9034137238687991}, "2": {"loss": 0.618070276260376}}