{"0": {"loss": 2.295650100708008}, "1": {"loss": 1.507144832611084}}