{"0": {"loss": 2.2696102142333983}, "1": {"loss": 1.2963083267211915}}