{"0": {"loss": 2.487068522292956}, "1": {"loss": 2.1710603384845024}, "2": {"loss": 1.770581111971256}, "3": {"loss": 1.408766172628487}, "4": {"loss": 1.1616150568016863}, "5": {"loss": 0.9932553066616565}}