{"0": {"loss": 2.199563561416254}, "1": {"loss": 1.2928029502310403}, "2": {"loss": 0.5506917906970512}}