{"0": {"loss": 2.2149078369140627}, "1": {"loss": 1.352475357055664}, "2": {"loss": 0.669550085067749}, "3": {"loss": 0.3582694292068481}, "4": {"loss": 0.22363083362579345}, "5": {"loss": 0.1476434588432312}, "6": {"loss": 0.09322817921638489}, "7": {"loss": 0.08475683331489563}}