{"0": {"loss": 2.300450188773019}, "1": {"loss": 1.4903707776750836}, "2": {"loss": 0.7153771536690848}, "3": {"loss": 0.42764344896589007}, "4": {"loss": 0.25596251487731936}}