{"0": {"loss": 2.292788727114899}, "1": {"loss": 1.548872051816998}, "2": {"loss": 0.8746352147574377}, "3": {"loss": 0.47233473652541036}, "4": {"loss": 0.33124078885473385}, "5": {"loss": 0.23467622622094972}, "6": {"loss": 0.15915997341425733}}