{"0": {"loss": 2.203606678889348}, "1": {"loss": 1.3469380598801832}, "2": {"loss": 0.6068474329434909}, "3": {"loss": 0.3226145597604605}, "4": {"loss": 0.20761473362262434}, "5": {"loss": 0.13582724791306716}, "6": {"loss": 0.1069788382603572}, "7": {"loss": 0.07267245879540077}, "8": {"loss": 0.07323257281230046}, "9": {"loss": 0.0646092203947214}}