{"0": {"loss": 2.4777295138171183}, "1": {"loss": 2.1660224279997657}, "2": {"loss": 1.7658888317992523}, "3": {"loss": 1.4034794883590997}, "4": {"loss": 1.1543618170850742}, "5": {"loss": 0.9831177389203398}, "6": {"loss": 0.8794763540819752}, "7": {"loss": 0.8123917364883106}}