{"0": {"loss": 2.1734488747336647}, "1": {"loss": 1.2697831587357955}}