{"0": {"loss": 2.2850658741403134}, "1": {"loss": 1.6100739418192114}, "2": {"loss": 0.9401355905735747}, "3": {"loss": 0.619416094840841}, "4": {"loss": 0.5881498925229336}, "5": {"loss": 0.5889039546885388}, "6": {"loss": 0.5877247363963025}, "7": {"loss": 0.5885031172569762}, "8": {"loss": 0.5897478448583725}}