{"0": {"loss": 2.0189750671386717}, "1": {"loss": 1.1022361755371093}, "2": {"loss": 0.5697505950927735}, "3": {"loss": 0.359910519917806}, "4": {"loss": 0.2724788983662923}}