{"0": {"loss": 2.262463175455729}, "1": {"loss": 1.370518290201823}, "2": {"loss": 0.6211490885416666}, "3": {"loss": 0.3328384653727214}, "4": {"loss": 0.24497339884440103}, "5": {"loss": 0.18620408376057943}, "6": {"loss": 0.15096609751383464}, "7": {"loss": 0.09369403839111329}, "8": {"loss": 0.09959534962972005}, "9": {"loss": 0.0950392723083496}}