{"0": {"loss": 2.1523206374224495}, "1": {"loss": 1.2062273586497587}}