{"0": {"loss": 2.442741222410868}, "1": {"loss": 2.087699964059287}, "2": {"loss": 1.6056664313889428}, "3": {"loss": 1.194083738949147}, "4": {"loss": 0.9399427611921168}, "5": {"loss": 0.7795236983485891}, "6": {"loss": 0.7050296125829174}, "7": {"loss": 0.6330743555096782}, "8": {"loss": 0.6017281569065905}, "9": {"loss": 0.5635669936789793}}