{"0": {"loss": 2.1962931069983056}, "1": {"loss": 1.3441259545016002}}