{"0": {"loss": 2.391169074708829}, "1": {"loss": 1.9622527615486784}, "2": {"loss": 1.3975035283983368}, "3": {"loss": 0.950179168858479}}