{"0": {"loss": 2.2893890595771897}, "1": {"loss": 1.4748686938218667}}