{"0": {"loss": 2.4143961847714306}, "1": {"loss": 2.020246161523645}, "2": {"loss": 1.5085516401157257}, "3": {"loss": 1.0755430695357595}}