{"0": {"loss": 2.1578500270843506}, "1": {"loss": 1.2384519577026367}, "2": {"loss": 0.5811911225318909}, "3": {"loss": 0.3505179286003113}}