{"0": {"loss": 2.3834613140788}, "1": {"loss": 1.9361627091333116}, "2": {"loss": 1.3673205185499995}, "3": {"loss": 0.9311018595843407}, "4": {"loss": 0.6615016914717028}, "5": {"loss": 0.5305804163877862}, "6": {"loss": 0.4527175768087322}, "7": {"loss": 0.4231592231874452}, "8": {"loss": 0.40436432597556177}, "9": {"loss": 0.37647890164193587}}