{"0": {"loss": 2.474736607426999}, "1": {"loss": 2.172556532907473}}