{"0": {"loss": 2.2009143122920283}, "1": {"loss": 1.3274208351417824}, "2": {"loss": 0.6031594453034578}}