{"0": {"loss": 2.1578500270843506}, "1": {"loss": 1.2384519577026367}}