{"0": {"loss": 2.4777295138171183}, "1": {"loss": 2.1660224279997657}}