{"0": {"loss": 2.3279135199154126}, "1": {"loss": 1.7050967010797238}}