{"0": {"loss": 2.3418184734896097}, "1": {"loss": 1.8147068839451932}, "2": {"loss": 1.2164589207915328}, "3": {"loss": 0.7609497699621011}}