{"0": {"loss": 2.3279135199154126}, "1": {"loss": 1.7050967010797238}, "2": {"loss": 1.0524163358351764}}