{"0": {"loss": 2.0892381410341003}, "1": {"loss": 1.136155618203653}, "2": {"loss": 0.5150032043457031}, "3": {"loss": 0.3019947619051547}, "4": {"loss": 0.18724307498416384}, "5": {"loss": 0.14671610497139595}, "6": {"loss": 0.07831606349429569}}