{"0": {"loss": 2.292878680759006}, "1": {"loss": 1.4435079362657335}, "2": {"loss": 0.7036548720465766}, "3": {"loss": 0.3914413981967502}, "4": {"loss": 0.23218107223510742}, "5": {"loss": 0.18184704250759548}, "6": {"loss": 0.14108532004886204}, "7": {"loss": 0.1086453530523512}, "8": {"loss": 0.10239846838845147}}