{"0": {"loss": 2.292878680759006}, "1": {"loss": 1.4435079362657335}, "2": {"loss": 0.7036548720465766}}