{"0": {"loss": 2.5111936361934704}, "1": {"loss": 2.2536056655473033}, "2": {"loss": 1.9344477142912084}, "3": {"loss": 1.6480789412767556}, "4": {"loss": 1.4193568088002837}}