{"0": {"loss": 2.178386535644531}, "1": {"loss": 1.2374656677246094}}