{"0": {"loss": 2.300450188773019}, "1": {"loss": 1.4903707776750836}}