{"0": {"loss": 2.3834613140788}, "1": {"loss": 1.9361627091333116}}