{"0": {"loss": 2.0802611033121745}, "1": {"loss": 1.1113089243570964}, "2": {"loss": 0.5181885083516439}, "3": {"loss": 0.34848699569702146}, "4": {"loss": 0.17917693456013997}, "5": {"loss": 0.12656432787577312}, "6": {"loss": 0.09096445242563883}}