{"0": {"loss": 2.1542848627618016}, "1": {"loss": 1.2761734495771693}, "2": {"loss": 0.5909824371337891}, "3": {"loss": 0.34496668551830534}, "4": {"loss": 0.23373928475887218}, "5": {"loss": 0.13098307873340362}, "6": {"loss": 0.10532432921389316}, "7": {"loss": 0.09390097476066427}, "8": {"loss": 0.0675062524511459}}