{"0": {"loss": 2.0892381410341003}, "1": {"loss": 1.136155618203653}}