{"0": {"loss": 2.1542848627618016}, "1": {"loss": 1.2761734495771693}, "2": {"loss": 0.5909824371337891}, "3": {"loss": 0.34496668551830534}}