{"0": {"loss": 2.474736607426999}, "1": {"loss": 2.172556532907473}, "2": {"loss": 1.7653361491424806}, "3": {"loss": 1.4090209261418312}, "4": {"loss": 1.1606373638120417}, "5": {"loss": 0.992365799434802}, "6": {"loss": 0.8852640719283388}}