{"0": {"loss": 2.1578500270843506}, "1": {"loss": 1.2384519577026367}, "2": {"loss": 0.5811911225318909}, "3": {"loss": 0.3505179286003113}, "4": {"loss": 0.1993592232465744}, "5": {"loss": 0.1519019603729248}, "6": {"loss": 0.1176152154803276}, "7": {"loss": 0.07977169752120972}, "8": {"loss": 0.10654768347740173}}