{"0": {"loss": 2.309854566436453}, "1": {"loss": 1.5497235956880235}, "2": {"loss": 0.84041937601935}}