{"0": {"loss": 2.442741222410868}, "1": {"loss": 2.087699964059287}, "2": {"loss": 1.6056664313889428}}