{"0": {"loss": 2.2850658741403134}, "1": {"loss": 1.6100739418192114}, "2": {"loss": 0.9401355905735747}}