{"0": {"loss": 2.2893890595771897}, "1": {"loss": 1.4748686938218667}, "2": {"loss": 0.7452187739627462}, "3": {"loss": 0.4493523987246231}}