{"0": {"loss": 2.181444295247396}, "1": {"loss": 1.2498121473524306}, "2": {"loss": 0.5918621487087674}, "3": {"loss": 0.2937579049004449}, "4": {"loss": 0.24296749962700737}, "5": {"loss": 0.12865653567843968}, "6": {"loss": 0.10144169065687392}, "7": {"loss": 0.12198904885186089}, "8": {"loss": 0.08531558778550889}, "9": {"loss": 0.07671527862548828}}