{"0": {"loss": 2.474736607426999}, "1": {"loss": 2.172556532907473}, "2": {"loss": 1.7653361491424806}, "3": {"loss": 1.4090209261418312}}