{"0": {"loss": 2.2149078369140627}, "1": {"loss": 1.352475357055664}}