{"0": {"loss": 2.411975474476372}, "1": {"loss": 2.0089761625854945}, "2": {"loss": 1.4838833023014686}, "3": {"loss": 1.0587112232687363}}