{"0": {"loss": 2.203606678889348}, "1": {"loss": 1.3469380598801832}}