{"0": {"loss": 2.4461915942100068}, "1": {"loss": 2.076117002945764}, "2": {"loss": 1.6060273607145954}}