{"0": {"loss": 2.2760870361328127}, "1": {"loss": 1.5965422196821732}, "2": {"loss": 0.9091158225319602}, "3": {"loss": 0.5594942682439631}, "4": {"loss": 0.31408429232510654}, "5": {"loss": 0.2265751960060813}, "6": {"loss": 0.18335229353471236}}