{"0": {"loss": 2.4517085926546476}, "1": {"loss": 2.095424411942085}, "2": {"loss": 1.61770462614561}}