{"0": {"loss": 2.487068522292956}, "1": {"loss": 2.1710603384845024}, "2": {"loss": 1.770581111971256}}