{"0": {"loss": 2.203606678889348}, "1": {"loss": 1.3469380598801832}, "2": {"loss": 0.6068474329434909}, "3": {"loss": 0.3226145597604605}, "4": {"loss": 0.20761473362262434}, "5": {"loss": 0.13582724791306716}}