{"0": {"loss": 2.1523206374224495}, "1": {"loss": 1.2062273586497587}, "2": {"loss": 0.5613189585068646}, "3": {"loss": 0.325229756972369}}