{"0": {"loss": 2.3103406157207673}, "1": {"loss": 1.6763945197690155}}