{"0": {"loss": 2.3103406157207673}, "1": {"loss": 1.6763945197690155}, "2": {"loss": 1.0070286184491688}, "3": {"loss": 0.5996190150425097}, "4": {"loss": 0.39076099635554007}, "5": {"loss": 0.3077367408132645}, "6": {"loss": 0.27106335545877425}, "7": {"loss": 0.25006890896441164}}