{"0": {"loss": 2.3418184734896097}, "1": {"loss": 1.8147068839451932}}