{"0": {"loss": 2.411975474476372}, "1": {"loss": 2.0089761625854945}, "2": {"loss": 1.4838833023014686}, "3": {"loss": 1.0587112232687363}, "4": {"loss": 0.7920310885172138}, "5": {"loss": 0.63326485800124}, "6": {"loss": 0.5675118208310562}, "7": {"loss": 0.5116273003655512}, "8": {"loss": 0.48058256524292703}, "9": {"loss": 0.46352286305955687}}