{"0": {"loss": 2.0189750671386717}, "1": {"loss": 1.1022361755371093}, "2": {"loss": 0.5697505950927735}}