{"0": {"loss": 2.3325562368739736}, "1": {"loss": 1.7721591659567573}, "2": {"loss": 1.1205485361543568}, "3": {"loss": 0.6776271211830053}, "4": {"loss": 0.44935308362949977}, "5": {"loss": 0.34091619097373704}, "6": {"loss": 0.3021604157984257}}