{"0": {"loss": 2.0189750671386717}, "1": {"loss": 1.1022361755371093}, "2": {"loss": 0.5697505950927735}, "3": {"loss": 0.359910519917806}, "4": {"loss": 0.2724788983662923}, "5": {"loss": 0.10914696852366129}, "6": {"loss": 0.08643751939137777}, "7": {"loss": 0.08227286338806153}, "8": {"loss": 0.06379757324854533}}