{"0": {"loss": 2.181444295247396}, "1": {"loss": 1.2498121473524306}, "2": {"loss": 0.5918621487087674}, "3": {"loss": 0.2937579049004449}}