{"0": {"loss": 2.2009143122920283}, "1": {"loss": 1.3274208351417824}, "2": {"loss": 0.6031594453034578}, "3": {"loss": 0.3156194333676939}, "4": {"loss": 0.18212466769748265}, "5": {"loss": 0.14721731786374692}, "6": {"loss": 0.11624232927958171}, "7": {"loss": 0.07117851133699771}, "8": {"loss": 0.07337869538201226}}