{"0": {"loss": 2.3103406157207673}, "1": {"loss": 1.6763945197690155}, "2": {"loss": 1.0070286184491688}, "3": {"loss": 0.5996190150425097}}