{"0": {"loss": 2.391169074708829}, "1": {"loss": 1.9622527615486784}}