{"0": {"loss": 2.391169074708829}, "1": {"loss": 1.9622527615486784}, "2": {"loss": 1.3975035283983368}, "3": {"loss": 0.950179168858479}, "4": {"loss": 0.6872861213290814}, "5": {"loss": 0.5479319955884796}, "6": {"loss": 0.4670979888871071}, "7": {"loss": 0.4319555805077082}, "8": {"loss": 0.4026091607926696}}