{"0": {"loss": 2.1523206374224495}, "1": {"loss": 1.2062273586497587}, "2": {"loss": 0.5613189585068646}, "3": {"loss": 0.325229756972369}, "4": {"loss": 0.20471781842848835}, "5": {"loss": 0.15072721593520222}, "6": {"loss": 0.08225419942070455}}