{"0": {"loss": 2.2850658741403134}, "1": {"loss": 1.6100739418192114}}