{"0": {"loss": 2.2954561040642556}, "1": {"loss": 1.557013150904509}}