{"0": {"loss": 2.2149078369140627}, "1": {"loss": 1.352475357055664}, "2": {"loss": 0.669550085067749}, "3": {"loss": 0.3582694292068481}}