{"0": {"loss": 2.3834613140788}, "1": {"loss": 1.9361627091333116}, "2": {"loss": 1.3673205185499995}, "3": {"loss": 0.9311018595843407}, "4": {"loss": 0.6615016914717028}}