{"0": {"loss": 2.420527640809404}, "1": {"loss": 1.9958820830000208}}