{"0": {"loss": 2.1542848627618016}, "1": {"loss": 1.2761734495771693}}