{"0": {"loss": 2.3547743816764988}, "1": {"loss": 1.8569250768544723}, "2": {"loss": 1.2525421142578126}, "3": {"loss": 0.8034967850665657}}