{"0": {"loss": 2.292788727114899}, "1": {"loss": 1.548872051816998}, "2": {"loss": 0.8746352147574377}}