{"0": {"loss": 2.1734488747336647}, "1": {"loss": 1.2697831587357955}, "2": {"loss": 0.5735617204145952}, "3": {"loss": 0.3373984943736683}, "4": {"loss": 0.20093196522105825}, "5": {"loss": 0.13353864496404474}, "6": {"loss": 0.09591304605657404}, "7": {"loss": 0.10353775891390714}, "8": {"loss": 0.08374458659778941}, "9": {"loss": 0.0746003497730602}}