{"0": {"loss": 2.5111936361934704}, "1": {"loss": 2.2536056655473033}, "2": {"loss": 1.9344477142912084}, "3": {"loss": 1.6480789412767556}, "4": {"loss": 1.4193568088002837}, "5": {"loss": 1.2400660028961576}, "6": {"loss": 1.127550047915336}, "7": {"loss": 1.0376853402804282}, "8": {"loss": 0.9685946075652437}, "9": {"loss": 0.9046073854623264}}