{"0": {"loss": 2.4517085926546476}, "1": {"loss": 2.095424411942085}}