{"0": {"loss": 2.178386535644531}, "1": {"loss": 1.2374656677246094}, "2": {"loss": 0.5577128601074218}, "3": {"loss": 0.340968017578125}}