{"0": {"loss": 2.3325562368739736}, "1": {"loss": 1.7721591659567573}}