{"0": {"loss": 2.309854566436453}, "1": {"loss": 1.5497235956880235}, "2": {"loss": 0.84041937601935}, "3": {"loss": 0.4666324104230428}, "4": {"loss": 0.25173079107225554}, "5": {"loss": 0.1886050332452833}}