{"0": {"loss": 2.2954561040642556}, "1": {"loss": 1.557013150904509}, "2": {"loss": 0.8832883084757944}}