{"0": {"loss": 2.3547743816764988}, "1": {"loss": 1.8569250768544723}}