{"0": {"loss": 2.411975474476372}, "1": {"loss": 2.0089761625854945}}