{"0": {"loss": 2.262463175455729}, "1": {"loss": 1.370518290201823}, "2": {"loss": 0.6211490885416666}, "3": {"loss": 0.3328384653727214}, "4": {"loss": 0.24497339884440103}}