{"0": {"loss": 2.3547743816764988}, "1": {"loss": 1.8569250768544723}, "2": {"loss": 1.2525421142578126}, "3": {"loss": 0.8034967850665657}, "4": {"loss": 0.5442192544742507}, "5": {"loss": 0.43000734874180385}, "6": {"loss": 0.37686972131534496}, "7": {"loss": 0.3397676253805355}}