{"0": {"loss": 2.292788727114899}, "1": {"loss": 1.548872051816998}}