{"0": {"loss": 2.4777295138171183}, "1": {"loss": 2.1660224279997657}, "2": {"loss": 1.7658888317992523}, "3": {"loss": 1.4034794883590997}}