{"0": {"loss": 2.199563561416254}, "1": {"loss": 1.2928029502310403}, "2": {"loss": 0.5506917906970512}, "3": {"loss": 0.3429872001089701}, "4": {"loss": 0.17967713751444003}, "5": {"loss": 0.12497254115779226}, "6": {"loss": 0.08819154413734995}, "7": {"loss": 0.06965702917517685}, "8": {"loss": 0.06755108949614734}}