{"0": {"loss": 2.4517085926546476}, "1": {"loss": 2.095424411942085}, "2": {"loss": 1.61770462614561}, "3": {"loss": 1.2253349207184365}, "4": {"loss": 0.9579941934450117}, "5": {"loss": 0.7916576952943417}, "6": {"loss": 0.6949573576335943}}