{"0": {"loss": 2.2954561040642556}, "1": {"loss": 1.557013150904509}, "2": {"loss": 0.8832883084757944}, "3": {"loss": 0.5299527886208524}, "4": {"loss": 0.31522496541341144}, "5": {"loss": 0.23631059810909885}, "6": {"loss": 0.17483042241928728}, "7": {"loss": 0.17176433806115768}, "8": {"loss": 0.1531953668772951}, "9": {"loss": 0.17449276099044286}}