{"0": {"loss": 2.1962931069983056}, "1": {"loss": 1.3441259545016002}, "2": {"loss": 0.5970649259636202}, "3": {"loss": 0.38695746732045366}, "4": {"loss": 0.2480576756488846}, "5": {"loss": 0.1810429699449654}, "6": {"loss": 0.1497858805828784}}