{"0": {"loss": 2.4461915942100068}, "1": {"loss": 2.076117002945764}, "2": {"loss": 1.6060273607145954}, "3": {"loss": 1.2068461656205323}, "4": {"loss": 0.9362285115269753}, "5": {"loss": 0.7873467800263059}, "6": {"loss": 0.6898914190382907}, "7": {"loss": 0.6383270410447172}}