{"0": {"loss": 2.420527640809404}, "1": {"loss": 1.9958820830000208}, "2": {"loss": 1.4558447533465446}, "3": {"loss": 1.0353582503947807}, "4": {"loss": 0.7765918386743423}, "5": {"loss": 0.6330177733238708}, "6": {"loss": 0.5558669171434768}, "7": {"loss": 0.4958637004202985}, "8": {"loss": 0.4759560057457457}}