{"0": {"loss": 2.442741222410868}, "1": {"loss": 2.087699964059287}}