{"0": {"loss": 2.2760870361328127}, "1": {"loss": 1.5965422196821732}}