{"0": {"loss": 2.262463175455729}, "1": {"loss": 1.370518290201823}}