{"0": {"loss": 2.376242741095624}, "1": {"loss": 1.9301825604315614}}