{"0": {"loss": 2.4143961847714306}, "1": {"loss": 2.020246161523645}}