{"0": {"loss": 3.219373491075304}, "1": {"loss": 1.9692834218343098}, "2": {"loss": 1.0883088641696506}, "3": {"loss": 0.6736551390753852}, "4": {"loss": 0.46710819668240017}}