{"0": {"loss": 1.8318899869918823}, "1": {"loss": 1.8318899869918823}, "2": {"loss": 2.6731514930725098}, "3": {"loss": 3.1745810508728027}, "4": {"loss": 3.1780810356140137}}