{"0": {"loss": 2.017486572265625}, "1": {"loss": 1.787853717803955}, "2": {"loss": 0.9145391583442688}, "3": {"loss": 0.69637531042099}, "4": {"loss": 0.3206094205379486}}