{"0": {"loss": 2.211421012878418}, "1": {"loss": 2.4199867248535156}, "2": {"loss": 1.2573142846425374}, "3": {"loss": 0.7645998001098633}, "4": {"loss": 0.5614930391311646}}