{"0": {"loss": 2.750606155395508}, "1": {"loss": 4.291792297363282}, "2": {"loss": 1.9159664154052733}, "3": {"loss": 1.1204710006713867}, "4": {"loss": 0.6817619323730468}}