{"0": {"loss": 2.2918388843536377}, "1": {"loss": 1.8485329151153564}, "2": {"loss": 1.213492512702942}, "3": {"loss": 0.8785043358802795}, "4": {"loss": 0.7894707322120667}}