{"0": {"loss": 2.5675046708848743}, "1": {"loss": 2.0247378879123263}, "2": {"loss": 1.1150940789116754}, "3": {"loss": 0.679565323723687}, "4": {"loss": 0.4509970347086589}}