{"0": {"loss": 2.350777816772461}, "1": {"loss": 2.2491302490234375}, "2": {"loss": 1.9300086975097657}, "3": {"loss": 0.8839856147766113}, "4": {"loss": 0.43453149795532225}}