{"0": {"loss": 2.1647026538848877}, "1": {"loss": 1.9788800477981567}, "2": {"loss": 1.3764275312423706}, "3": {"loss": 0.7593685984611511}, "4": {"loss": 0.4516476094722748}}