{"0": {"loss": 2.2240470250447593}, "1": {"loss": 3.7621707916259766}, "2": {"loss": 2.252320925394694}, "3": {"loss": 1.7019287745157878}, "4": {"loss": 1.195265769958496}}