{"0": {"loss": 2.2507604598999023}, "1": {"loss": 2.2850027084350586}, "2": {"loss": 1.4643343925476073}, "3": {"loss": 0.8361307144165039}, "4": {"loss": 0.4345693588256836}}