{"0": {"loss": 2.39058256149292}, "1": {"loss": 2.5633974075317383}, "2": {"loss": 1.6983002424240112}, "3": {"loss": 0.9396670460700989}, "4": {"loss": 0.6647151708602905}}