{"0": {"loss": 2.0138467152913413}, "1": {"loss": 2.211245059967041}, "2": {"loss": 1.5567599932352703}, "3": {"loss": 0.7522013982137045}, "4": {"loss": 0.47442622979482013}}