{"0": {"loss": 2.1848862965901694}, "1": {"loss": 1.8867487907409668}, "2": {"loss": 0.9344546794891357}, "3": {"loss": 0.5329198837280273}, "4": {"loss": 0.39685602982838947}}