{"0": {"loss": 2.5137415799227627}, "1": {"loss": 1.6764502091841265}, "2": {"loss": 1.0652735450051047}, "3": {"loss": 0.6831362030722878}, "4": {"loss": 0.4699166037819602}}