{"0": {"loss": 2.39962523324149}, "1": {"loss": 3.283763885498047}, "2": {"loss": 4.482180731637137}, "3": {"loss": 4.056024006434849}, "4": {"loss": 1.9324045181274414}}