{"0": {"loss": 2.2424613104926214}, "1": {"loss": 5.091647677951389}, "2": {"loss": 2.577459971110026}, "3": {"loss": 1.5912094116210938}, "4": {"loss": 1.1028481589423285}}