{"0": {"loss": 2.7348329755995007}, "1": {"loss": 2.0307432810465493}, "2": {"loss": 1.062750604417589}, "3": {"loss": 1.0472983254326715}, "4": {"loss": 0.5583513047960069}}