{"0": {"loss": 2.1333870887756348}, "1": {"loss": 2.035978317260742}, "2": {"loss": 1.4934115409851074}, "3": {"loss": 0.9271180629730225}, "4": {"loss": 0.640998125076294}}