{"0": {"loss": 2.5399527916541467}, "1": {"loss": 2.2145770146296573}, "2": {"loss": 1.2385600163386419}, "3": {"loss": 0.7695859762338492}, "4": {"loss": 0.4548419438875638}}