{"0": {"loss": 2.583000728062221}, "1": {"loss": 1.7360243116106306}, "2": {"loss": 0.9134200641087123}, "3": {"loss": 0.5367095129830497}, "4": {"loss": 0.34400640215192524}}