{"0": {"loss": 2.330824534098307}, "1": {"loss": 4.5194346110026045}, "2": {"loss": 4.414376576741536}, "3": {"loss": 2.225256601969401}, "4": {"loss": 1.3929896354675293}}