{"0": {"loss": 2.358144442240397}, "1": {"loss": 2.1538317998250327}, "2": {"loss": 2.575265407562256}, "3": {"loss": 2.6576385498046875}, "4": {"loss": 1.4673892656962078}}