{"0": {"loss": 2.078554630279541}, "1": {"loss": 1.7845227718353271}, "2": {"loss": 1.2820007801055908}, "3": {"loss": 0.8447890281677246}, "4": {"loss": 0.5409148931503296}}