{"0": {"loss": 2.3565235137939453}, "1": {"loss": 3.854134368896484}, "2": {"loss": 3.935360336303711}, "3": {"loss": 1.5427132606506349}, "4": {"loss": 1.140324306488037}}