{"0": {"loss": 2.265682856241862}, "1": {"loss": 1.611477216084798}, "2": {"loss": 0.7715368270874023}, "3": {"loss": 0.5109444061915079}, "4": {"loss": 0.43006575107574463}}