{"0": {"loss": 2.194430351257324}, "1": {"loss": 2.1280982971191404}, "2": {"loss": 1.4005373954772948}, "3": {"loss": 0.7886332511901856}, "4": {"loss": 0.5557920932769775}}