{"0": {"loss": 2.0466442108154297}, "1": {"loss": 2.197805404663086}, "2": {"loss": 3.406006336212158}, "3": {"loss": 1.776375651359558}, "4": {"loss": 1.8599987030029297}}