{"0": {"loss": 3.1595935821533203}, "1": {"loss": 1.7299868265787761}, "2": {"loss": 0.9581069946289062}, "3": {"loss": 0.4886193672815959}, "4": {"loss": 0.3448009490966797}}