{"0": {"loss": 2.5325467427571615}, "1": {"loss": 1.7627358754475912}, "2": {"loss": 1.1930226643880208}, "3": {"loss": 0.916938845316569}, "4": {"loss": 0.6115763346354167}}