{"0": {"loss": 2.259507242838542}, "1": {"loss": 1.7182348887125651}, "2": {"loss": 1.008055559794108}, "3": {"loss": 0.6640752156575521}, "4": {"loss": 0.44746650060017906}}