{"0": {"loss": 2.48297061920166}, "1": {"loss": 2.3349655151367186}, "2": {"loss": 1.4840456008911134}, "3": {"loss": 0.7465090751647949}, "4": {"loss": 0.3475517988204956}}