{"0": {"loss": 2.5561145146687827}, "1": {"loss": 2.048895835876465}, "2": {"loss": 0.9962510267893473}, "3": {"loss": 0.5571518341700236}, "4": {"loss": 6.452706654866536}}