{"0": {"loss": 2.446121802696815}, "1": {"loss": 1.6147277538593}, "2": {"loss": 0.9785058681781476}, "3": {"loss": 0.6250818692720853}, "4": {"loss": 0.4214765475346492}}