{"0": {"loss": 2.364200210571289}, "1": {"loss": 2.199783706665039}, "2": {"loss": 1.515469741821289}, "3": {"loss": 0.9467055320739746}, "4": {"loss": 0.6390973091125488}}