{"0": {"loss": 2.460573673248291}, "1": {"loss": 2.403669595718384}, "2": {"loss": 2.773824691772461}, "3": {"loss": 2.387434482574463}, "4": {"loss": 1.861433506011963}}