{"0": {"loss": 2.3040650685628257}, "1": {"loss": 3.6765257517496743}, "2": {"loss": 4.718774159749349}, "3": {"loss": 5.4474531809488935}, "4": {"loss": 2.610532760620117}}