{"0": {"loss": 2.667891589078036}, "1": {"loss": 1.5007376237349077}, "2": {"loss": 0.9420730417424982}, "3": {"loss": 0.5184894475069913}, "4": {"loss": 0.3651423454284668}}