{"0": {"loss": 2.600295140193059}, "1": {"loss": 1.71708737886869}, "2": {"loss": 1.0181694030761719}, "3": {"loss": 0.6560173768263596}, "4": {"loss": 0.6074378673846905}}