{"0": {"loss": 2.4466964403788247}, "1": {"loss": 1.7138301531473796}, "2": {"loss": 0.9042734305063883}, "3": {"loss": 0.5746297438939413}, "4": {"loss": 0.3988517125447591}}