{"0": {"loss": 2.4491107940673826}, "1": {"loss": 1.916061782836914}, "2": {"loss": 1.0817097663879394}, "3": {"loss": 0.7622771739959717}, "4": {"loss": 0.490869140625}}