{"0": {"loss": 2.5026001563439}, "1": {"loss": 1.7364444732666016}, "2": {"loss": 0.9400774882389948}, "3": {"loss": 0.4927985117985652}, "4": {"loss": 0.5153481776897724}}