{"0": {"loss": 2.3495376110076904}, "1": {"loss": 3.0666260719299316}, "2": {"loss": 2.102130651473999}, "3": {"loss": 0.9840657711029053}, "4": {"loss": 0.508492112159729}}