{"0": {"loss": 2.386000156402588}, "1": {"loss": 1.8821852207183838}, "2": {"loss": 1.8385124206542969}, "3": {"loss": 1.7983813285827637}, "4": {"loss": 1.5568811893463135}}