{"0": {"loss": 2.727414539882115}, "1": {"loss": 1.8691200528826033}, "2": {"loss": 1.0391125679016113}, "3": {"loss": 0.5432724612099784}, "4": {"loss": 0.5045231751033238}}