{"0": {"loss": 2.2670246760050454}, "1": {"loss": 1.7624700864156086}, "2": {"loss": 1.3054452737172444}, "3": {"loss": 0.7144484519958496}, "4": {"loss": 0.3740984598795573}}