{"0": {"loss": 2.3510594367980957}, "1": {"loss": 2.107567548751831}, "2": {"loss": 1.3387978076934814}, "3": {"loss": 0.8300237655639648}, "4": {"loss": 0.49770987033843994}}