{"0": {"loss": 2.5054591252253604}, "1": {"loss": 1.8098795964167669}, "2": {"loss": 1.0341254014235277}, "3": {"loss": 0.6345013838547927}, "4": {"loss": 0.44641003241905797}}