{"0": {"loss": 2.0185295740763345}, "1": {"loss": 1.6735965410868328}, "2": {"loss": 1.0215933322906494}, "3": {"loss": 0.6942526499430338}, "4": {"loss": 0.5141535997390747}}