{"0": {"loss": 2.7136455535888673}, "1": {"loss": 3.8018009185791017}, "2": {"loss": 1.893062210083008}, "3": {"loss": 1.2230049133300782}, "4": {"loss": 0.8865522384643555}}