{"0": {"loss": 2.2521093913487027}, "1": {"loss": 1.6800388608660017}, "2": {"loss": 1.2081263405936105}, "3": {"loss": 0.8760890960693359}, "4": {"loss": 0.5598254544394357}}