{"0": {"loss": 2.928192683628627}, "1": {"loss": 2.186061450413295}, "2": {"loss": 1.8766882760184151}, "3": {"loss": 0.9800198418753487}, "4": {"loss": 0.6957286425999233}}