{"0": {"loss": 2.2426898956298826}, "1": {"loss": 2.07069091796875}, "2": {"loss": 1.9846572875976562}, "3": {"loss": 1.182976531982422}, "4": {"loss": 0.634693956375122}}