{"0": {"loss": 2.758538382393973}, "1": {"loss": 1.9770088195800781}, "2": {"loss": 1.2475310734340124}, "3": {"loss": 0.7566024916512626}, "4": {"loss": 0.5040182045527867}}