{"0": {"loss": 2.1371912956237793}, "1": {"loss": 1.8196872075398762}, "2": {"loss": 0.9357041517893473}, "3": {"loss": 0.5275863806406657}, "4": {"loss": 0.4789711634318034}}