{"0": {"loss": 2.114447911580404}, "1": {"loss": 4.87723445892334}, "2": {"loss": 1.6749707857767742}, "3": {"loss": 0.8707468509674072}, "4": {"loss": 0.5183102687199911}}