{"0": {"loss": 2.3386569023132324}, "1": {"loss": 3.0228726863861084}, "2": {"loss": 1.922008752822876}, "3": {"loss": 1.811366081237793}, "4": {"loss": 0.853922426700592}}