{"0": {"loss": 2.0483603477478027}, "1": {"loss": 2.0483603477478027}, "2": {"loss": 2.4642322063446045}, "3": {"loss": 3.5908656120300293}, "4": {"loss": 1.8210890293121338}}