{"0": {"loss": 1.7768181165059407}, "1": {"loss": 1.5381698608398438}, "2": {"loss": 1.835546334584554}, "3": {"loss": 1.437696139017741}, "4": {"loss": 1.4470251401265461}}