{"0": {"loss": 2.225968497140067}, "1": {"loss": 1.5164664132254464}, "2": {"loss": 0.937706470489502}, "3": {"loss": 0.8111802509852818}, "4": {"loss": 0.5592297145298549}}