{"0": {"loss": 2.3093130111694338}, "1": {"loss": 2.2957807540893556}, "2": {"loss": 2.386629104614258}, "3": {"loss": 1.2844342231750487}, "4": {"loss": 0.9370991706848144}}