{"0": {"loss": 2.736598253250122}, "1": {"loss": 2.053044319152832}, "2": {"loss": 1.115850567817688}, "3": {"loss": 0.6759139895439148}, "4": {"loss": 0.46873509883880615}}