{"0": {"loss": 2.2129308382670083}, "1": {"loss": 1.9475324948628743}, "2": {"loss": 3.2534497578938804}, "3": {"loss": 1.3814632097880046}, "4": {"loss": 0.5332272052764893}}