{"0": {"loss": 2.238277859157986}, "1": {"loss": 3.08286984761556}, "2": {"loss": 1.7347381379869249}, "3": {"loss": 1.2714658313327365}, "4": {"loss": 0.6371480623881022}}