{"0": {"loss": 2.186796400282118}, "1": {"loss": 2.520345264010959}, "2": {"loss": 1.8655448489718967}, "3": {"loss": 0.8659324645996094}, "4": {"loss": 0.5091145303514268}}