{"0": {"loss": 2.3959375381469727}, "1": {"loss": 3.2414710998535154}, "2": {"loss": 4.405853271484375}, "3": {"loss": 2.0444358825683593}, "4": {"loss": 1.3101922988891601}}