{"0": {"loss": 2.02168337504069}, "1": {"loss": 2.0237552324930825}, "2": {"loss": 3.180882453918457}, "3": {"loss": 2.759768803914388}, "4": {"loss": 1.7264680862426758}}