{"0": {"loss": 2.6766654423304965}, "1": {"loss": 1.8957603999546595}, "2": {"loss": 1.242835181100028}, "3": {"loss": 0.827115671975272}, "4": {"loss": 0.42325639724731445}}