{"0": {"loss": 2.293581008911133}, "1": {"loss": 3.4937338829040527}, "2": {"loss": 2.4509780406951904}, "3": {"loss": 1.238471269607544}, "4": {"loss": 1.2018802165985107}}