{"0": {"loss": 2.087535540262858}, "1": {"loss": 1.8752145767211914}, "2": {"loss": 1.6190040906270344}, "3": {"loss": 1.203369140625}, "4": {"loss": 0.9255995750427246}}