{"0": {"loss": 2.0480883916219077}, "1": {"loss": 2.069232622782389}, "2": {"loss": 1.7696720759073894}, "3": {"loss": 1.6718103090922039}, "4": {"loss": 0.975554625193278}}