{"0": {"loss": 2.6531211535135903}, "1": {"loss": 3.542797088623047}, "2": {"loss": 3.414346694946289}, "3": {"loss": 1.601027011871338}, "4": {"loss": 0.9857014020284017}}