{"0": {"loss": 2.544673332801232}, "1": {"loss": 1.520849081186148}, "2": {"loss": 0.986737691439115}, "3": {"loss": 0.46975895074697643}, "4": {"loss": 0.4545799402090219}}