{"0": {"loss": 2.3259927576238457}, "1": {"loss": 1.6525223471901633}, "2": {"loss": 1.0757063085382634}, "3": {"loss": 0.6077353737571023}, "4": {"loss": 0.673011606389826}}