{"0": {"loss": 2.7177030775282116}, "1": {"loss": 1.6714434093899198}, "2": {"loss": 1.0162339740329318}, "3": {"loss": 0.7965308825174967}, "4": {"loss": 0.5471266110738119}}