{"0": {"loss": 2.0226030349731445}, "1": {"loss": 1.8832133611043294}, "2": {"loss": 1.3862519264221191}, "3": {"loss": 1.119510571161906}, "4": {"loss": 0.7983664671579996}}