{"0": {"loss": 2.1938092367989674}, "1": {"loss": 1.8521364756992884}, "2": {"loss": 1.1219696317400252}, "3": {"loss": 0.776651314326695}, "4": {"loss": 0.5982792036873954}}