{"0": {"loss": 2.1885061264038086}, "1": {"loss": 3.2114973068237305}, "2": {"loss": 2.140116532643636}, "3": {"loss": 1.3727550506591797}, "4": {"loss": 1.145752747853597}}