{"0": {"loss": 2.7081361770629884}, "1": {"loss": 2.6541955947875975}, "2": {"loss": 2.0201560974121096}, "3": {"loss": 1.1131838798522948}, "4": {"loss": 1.8200511932373047}}