{"0": {"loss": 2.2657455444335937}, "1": {"loss": 4.3597267150878904}, "2": {"loss": 4.159248733520508}, "3": {"loss": 2.244210052490234}, "4": {"loss": 1.3355083465576172}}