{"0": {"loss": 2.2874844868977866}, "1": {"loss": 1.5596463945176866}, "2": {"loss": 0.9787683486938477}, "3": {"loss": 0.6422548823886447}, "4": {"loss": 1.1585019429524739}}