{"0": {"loss": 2.286165714263916}, "1": {"loss": 2.4269909858703613}, "2": {"loss": 1.8847001791000366}, "3": {"loss": 1.2786451578140259}, "4": {"loss": 1.0469858646392822}}