{"0": {"loss": 2.310150718688965}, "1": {"loss": 2.4186355590820314}, "2": {"loss": 1.541114616394043}, "3": {"loss": 0.7793313026428222}, "4": {"loss": 0.5926905155181885}}