{"0": {"loss": 2.0008416175842285}, "1": {"loss": 1.8001721700032551}, "2": {"loss": 1.1142377058664958}, "3": {"loss": 0.7641216119130453}, "4": {"loss": 0.6831312974294027}}