{"0": {"loss": 2.036473274230957}, "1": {"loss": 1.7487965822219849}, "2": {"loss": 2.45961856842041}, "3": {"loss": 2.452223539352417}, "4": {"loss": 2.4979920387268066}}