{"0": {"loss": 2.4525034427642822}, "1": {"loss": 2.2599751949310303}, "2": {"loss": 1.9200270175933838}, "3": {"loss": 1.9745709896087646}, "4": {"loss": 1.2485860586166382}}