{"0": {"loss": 2.0890689425998263}, "1": {"loss": 1.444440205891927}, "2": {"loss": 0.9451912773980035}, "3": {"loss": 0.6736104753282335}, "4": {"loss": 0.4141751130421956}}