{"0": {"loss": 2.256591033935547}, "1": {"loss": 1.9282213211059571}, "2": {"loss": 1.7392866134643554}, "3": {"loss": 0.876197338104248}, "4": {"loss": 0.5349924087524414}}