{"0": {"loss": 2.497992992401123}, "1": {"loss": 3.3482014338175454}, "2": {"loss": 2.6607128779093423}, "3": {"loss": 1.402579625447591}, "4": {"loss": 1.0353341897328694}}