{"0": {"loss": 2.2508543014526365}, "1": {"loss": 2.295277214050293}, "2": {"loss": 1.310112190246582}, "3": {"loss": 0.9561513900756836}, "4": {"loss": 0.5249658584594726}}