{"0": {"loss": 2.0804052352905273}, "1": {"loss": 2.352430979410807}, "2": {"loss": 3.1156482696533203}, "3": {"loss": 1.6039859453837078}, "4": {"loss": 1.1426049868265789}}