{"0": {"loss": 2.5183868408203125}, "1": {"loss": 1.5014779017521784}, "2": {"loss": 0.9112312610332782}, "3": {"loss": 0.4444919732900766}, "4": {"loss": 0.4109908617459811}}