{"0": {"loss": 2.714069886641069}, "1": {"loss": 2.089429335160689}, "2": {"loss": 1.5746132243763318}, "3": {"loss": 0.9157075014981356}, "4": {"loss": 0.516364270990545}}