{"0": {"loss": 2.705873662775213}, "1": {"loss": 1.6417380246249111}, "2": {"loss": 0.8887796401977539}, "3": {"loss": 0.6567909934303977}, "4": {"loss": 0.41826829043301667}}