{"0": {"loss": 1.919987678527832}, "1": {"loss": 3.221759478251139}, "2": {"loss": 3.222980181376139}, "3": {"loss": 2.1488868395487466}, "4": {"loss": 1.3452761967976887}}