{"0": {"loss": 2.573634060946378}, "1": {"loss": 1.5112703496759587}, "2": {"loss": 1.0319210399280896}, "3": {"loss": 0.5198112834583629}, "4": {"loss": 0.4325846758755771}}