{"0": {"loss": 2.9660364786783853}, "1": {"loss": 3.180321375528971}, "2": {"loss": 1.768809159596761}, "3": {"loss": 1.3094377517700195}, "4": {"loss": 0.9206735293070475}}