{"0": {"loss": 2.740450859069824}, "1": {"loss": 2.191079616546631}, "2": {"loss": 2.0153326988220215}, "3": {"loss": 1.6110929250717163}, "4": {"loss": 1.6276061534881592}}