{"0": {"loss": 2.3555306025913785}, "1": {"loss": 2.3347554888044084}, "2": {"loss": 1.1362011773245675}, "3": {"loss": 0.674574443272182}, "4": {"loss": 0.413240773337228}}