{"0": {"loss": 2.6923777840354224}, "1": {"loss": 2.2307217337868432}, "2": {"loss": 1.4952316284179688}, "3": {"loss": 0.7773350802334872}, "4": {"loss": 0.5274120677601207}}