{"0": {"loss": 2.4647191365559897}, "1": {"loss": 2.7320984734429254}, "2": {"loss": 1.4419857660929363}, "3": {"loss": 1.0315217971801758}, "4": {"loss": 0.7160560819837782}}