{"0": {"loss": 2.2730910778045654}, "1": {"loss": 4.130710601806641}, "2": {"loss": 3.024977207183838}, "3": {"loss": 1.9676921367645264}, "4": {"loss": 1.6523479223251343}}