{"0": {"loss": 2.589928944905599}, "1": {"loss": 3.1862767537434897}, "2": {"loss": 2.346719741821289}, "3": {"loss": 1.24094820022583}, "4": {"loss": 1.19868270556132}}