{"0": {"loss": 2.0851387977600098}, "1": {"loss": 1.7946680784225464}, "2": {"loss": 3.1496434211730957}, "3": {"loss": 3.1549553871154785}, "4": {"loss": 3.0456926822662354}}