{"0": {"loss": 2.3322505950927734}, "1": {"loss": 2.667348861694336}, "2": {"loss": 5.623264789581299}, "3": {"loss": 1.8963072299957275}, "4": {"loss": 1.187181830406189}}