{"0": {"loss": 2.8935136795043945}, "1": {"loss": 2.2853312492370605}, "2": {"loss": 1.3708736896514893}, "3": {"loss": 0.8271571397781372}, "4": {"loss": 0.5369859933853149}}