{"0": {"loss": 2.5236575786884012}, "1": {"loss": 1.6224268399752104}, "2": {"loss": 0.9861971781804011}, "3": {"loss": 0.6278830308180589}, "4": {"loss": 0.5304753963763897}}