{"0": {"loss": 2.3580965995788574}, "1": {"loss": 2.273554960886637}, "2": {"loss": 1.1297589143117268}, "3": {"loss": 0.7368545532226562}, "4": {"loss": 0.5151118437449137}}