{"0": {"loss": 2.7374390822190504}, "1": {"loss": 1.9704246520996094}, "2": {"loss": 1.0570196005014272}, "3": {"loss": 0.6039926822368915}, "4": {"loss": 0.423187255859375}}