{"0": {"loss": 2.9182821420522838}, "1": {"loss": 2.879304739145132}, "2": {"loss": 1.4728992168719952}, "3": {"loss": 0.9022356180044321}, "4": {"loss": 0.5501911089970515}}