{"0": {"loss": 2.4249213536580405}, "1": {"loss": 2.1493032773335776}, "2": {"loss": 1.5458869934082031}, "3": {"loss": 1.1631464958190918}, "4": {"loss": 1.3337424596150715}}