{"0": {"loss": 2.0385716756184897}, "1": {"loss": 1.7654212315877278}, "2": {"loss": 1.5277175903320312}, "3": {"loss": 0.9890019098917643}, "4": {"loss": 0.6605780124664307}}