{"0": {"loss": 1.984545350074768}, "1": {"loss": 1.9351744651794434}, "2": {"loss": 1.8086912631988525}, "3": {"loss": 1.4167011976242065}, "4": {"loss": 1.324256181716919}}