{"0": {"loss": 2.7587464650472007}, "1": {"loss": 2.7042131423950195}, "2": {"loss": 1.3725164731343586}, "3": {"loss": 0.734235684076945}, "4": {"loss": 0.6863128344217936}}