{"0": {"loss": 3.0540332794189453}, "1": {"loss": 2.127508980887277}, "2": {"loss": 1.3248182024274553}, "3": {"loss": 0.8111332484654018}, "4": {"loss": 0.5702571868896484}}