{"0": {"loss": 2.500925237482244}, "1": {"loss": 1.689264644276012}, "2": {"loss": 1.0878667831420898}, "3": {"loss": 0.5220768668434836}, "4": {"loss": 0.3625806461681019}}