{"0": {"loss": 2.4286651611328125}, "1": {"loss": 2.135143280029297}, "2": {"loss": 2.436941385269165}, "3": {"loss": 2.45394229888916}, "4": {"loss": 2.440523386001587}}