{"0": {"loss": 2.173795223236084}, "1": {"loss": 1.695535659790039}, "2": {"loss": 1.2847926616668701}, "3": {"loss": 1.4772385358810425}, "4": {"loss": 0.5869339108467102}}