{"0": {"loss": 2.1138908863067627}, "1": {"loss": 1.905104398727417}, "2": {"loss": 1.879498839378357}, "3": {"loss": 1.4410442113876343}, "4": {"loss": 0.8349708914756775}}