{"0": {"loss": 3.421099132961697}, "1": {"loss": 2.088012271457248}, "2": {"loss": 1.4510762956407335}, "3": {"loss": 0.8887868457370334}, "4": {"loss": 0.6219425201416016}}