{"0": {"loss": 2.0448408126831055}, "1": {"loss": 1.9005783626011439}, "2": {"loss": 1.4212369918823242}, "3": {"loss": 0.7149782180786133}, "4": {"loss": 5.535094124930246}}