{"0": {"loss": 2.1141746044158936}, "1": {"loss": 3.6704864501953125}, "2": {"loss": 4.97624397277832}, "3": {"loss": 4.985197067260742}, "4": {"loss": 3.694852352142334}}