{"0": {"loss": 2.3193747202555337}, "1": {"loss": 2.094388167063395}, "2": {"loss": 0.9248242378234863}, "3": {"loss": 0.6351625124613444}, "4": {"loss": 0.4240614175796509}}