{"0": {"loss": 2.312764803568522}, "1": {"loss": 2.3962507247924805}, "2": {"loss": 2.2189661661783853}, "3": {"loss": 1.3556056022644043}, "4": {"loss": 0.789525032043457}}