{"0": {"loss": 2.926176071166992}, "1": {"loss": 1.9109305143356323}, "2": {"loss": 1.3215135335922241}, "3": {"loss": 0.7638972997665405}, "4": {"loss": 0.4847027361392975}}