{"0": {"loss": 2.472834746042887}, "1": {"loss": 2.020491600036621}, "2": {"loss": 1.0095869700113933}, "3": {"loss": 0.5474373499552408}, "4": {"loss": 0.5379638274510702}}