{"0": {"loss": 2.10176944732666}, "1": {"loss": 1.924197514851888}, "2": {"loss": 1.3084397315979004}, "3": {"loss": 0.7984542846679688}, "4": {"loss": 0.3105332652727763}}