{"0": {"loss": 2.1620573564009233}, "1": {"loss": 1.859887036410245}, "2": {"loss": 1.0340436588634143}, "3": {"loss": 0.5537467869845304}, "4": {"loss": 0.4218772974881259}}