{"0": {"loss": 2.92944826398577}, "1": {"loss": 2.0823565891810825}, "2": {"loss": 1.5415582656860352}, "3": {"loss": 0.7989469255719867}, "4": {"loss": 0.46625862802777973}}