{"0": {"loss": 1.9205640157063801}, "1": {"loss": 1.6091410319010417}, "2": {"loss": 1.0504620869954426}, "3": {"loss": 0.8675759103563097}, "4": {"loss": 0.4866736200120714}}