{"0": {"loss": 2.2852033615112304}, "1": {"loss": 2.237801933288574}, "2": {"loss": 1.1307252883911132}, "3": {"loss": 0.7073850631713867}, "4": {"loss": 0.5253348350524902}}