{"0": {"loss": 2.1846025784810386}, "1": {"loss": 1.9043703079223633}, "2": {"loss": 1.053033669789632}, "3": {"loss": 0.6592559417088827}, "4": {"loss": 0.519381602605184}}