{"0": {"loss": 2.28452389056866}, "1": {"loss": 1.705419393686148}, "2": {"loss": 0.9726133346557617}, "3": {"loss": 0.5965807621295636}, "4": {"loss": 0.41762792147122896}}