{"0": {"loss": 2.254084587097168}, "1": {"loss": 1.8483457565307617}, "2": {"loss": 1.072666883468628}, "3": {"loss": 0.5339968204498291}, "4": {"loss": 0.40123844146728516}}