{"0": {"loss": 2.7344192928738065}, "1": {"loss": 2.0477027893066406}, "2": {"loss": 1.4135281244913738}, "3": {"loss": 1.3673028945922852}, "4": {"loss": 0.6688158777025011}}