{"0": {"loss": 2.0048327445983887}, "1": {"loss": 1.7342184782028198}, "2": {"loss": 1.8140509128570557}, "3": {"loss": 1.2895632982254028}, "4": {"loss": 0.8393721580505371}}