{"0": {"loss": 2.4792308807373047}, "1": {"loss": 2.125576972961426}, "2": {"loss": 1.2216154336929321}, "3": {"loss": 0.6558133959770203}, "4": {"loss": 0.29082533717155457}}