{"0": {"loss": 2.707121588967063}, "1": {"loss": 1.844810659235174}, "2": {"loss": 1.1647145531394265}, "3": {"loss": 0.6475071040066805}, "4": {"loss": 0.5030750361355868}}