{"0": {"loss": 2.9159789085388184}, "1": {"loss": 2.9159789085388184}, "2": {"loss": 2.544926643371582}, "3": {"loss": 1.215770959854126}, "4": {"loss": 1.7065520286560059}}