{"0": {"loss": 2.366299629211426}, "1": {"loss": 2.366299629211426}, "2": {"loss": 2.2251181602478027}, "3": {"loss": 1.8558354377746582}, "4": {"loss": 1.2908216714859009}}