{"0": {"loss": 2.238596255962665}, "1": {"loss": 1.6504110189584584}, "2": {"loss": 0.9850012705876277}, "3": {"loss": 0.560397404890794}, "4": {"loss": 0.4434275993934044}}