{"0": {"loss": 2.0555520057678223}, "1": {"loss": 1.8973543643951416}, "2": {"loss": 1.7895368337631226}, "3": {"loss": 1.7274558544158936}, "4": {"loss": 1.0380858182907104}}