{"0": {"loss": 2.918186664581299}, "1": {"loss": 2.8058524131774902}, "2": {"loss": 1.830500841140747}, "3": {"loss": 1.4885730743408203}, "4": {"loss": 0.88099205493927}}