{"0": {"loss": 2.349374453226725}, "1": {"loss": 1.9884055455525715}, "2": {"loss": 2.8312559127807617}, "3": {"loss": 4.138434092203776}, "4": {"loss": 1.811274528503418}}