{"0": {"loss": 2.430262565612793}, "1": {"loss": 2.540109952290853}, "2": {"loss": 1.558531920115153}, "3": {"loss": 1.9340120951334636}, "4": {"loss": 1.0804872512817383}}