{"0": {"loss": 2.6235554218292236}, "1": {"loss": 2.5216166973114014}, "2": {"loss": 1.884631633758545}, "3": {"loss": 1.0700275897979736}, "4": {"loss": 0.5729820728302002}}