{"0": {"loss": 2.3347669748159556}, "1": {"loss": 1.6662283677321215}, "2": {"loss": 0.9766844969529372}, "3": {"loss": 0.612790951362023}, "4": {"loss": 0.37724010760967547}}