{"0": {"loss": 2.1382013956705728}, "1": {"loss": 2.1412277221679688}, "2": {"loss": 1.463921758863661}, "3": {"loss": 0.6552673975626627}, "4": {"loss": 0.615946716732449}}