{"0": {"loss": 2.98018673488072}, "1": {"loss": 2.3078536987304688}, "2": {"loss": 1.8486603328159876}, "3": {"loss": 0.8311022349766323}, "4": {"loss": 0.7866947310311454}}