{"0": {"loss": 2.391693592071533}, "1": {"loss": 2.249695301055908}, "2": {"loss": 1.598631223042806}, "3": {"loss": 1.1992367108662922}, "4": {"loss": 1.728150208791097}}