{"0": {"loss": 3.340120553970337}, "1": {"loss": 2.4184255599975586}, "2": {"loss": 1.4200997352600098}, "3": {"loss": 0.8309345841407776}, "4": {"loss": 0.5347297191619873}}