{"0": {"loss": 2.150808334350586}, "1": {"loss": 2.143073797225952}, "2": {"loss": 1.6782488822937012}, "3": {"loss": 1.0162898302078247}, "4": {"loss": 0.6800488829612732}}