{"0": {"loss": 2.2525835037231445}, "1": {"loss": 2.218705177307129}, "2": {"loss": 1.5160701274871826}, "3": {"loss": 0.8425260782241821}, "4": {"loss": 2.0999410152435303}}