{"0": {"loss": 2.1327390670776367}, "1": {"loss": 1.9984577178955079}, "2": {"loss": 1.286458683013916}, "3": {"loss": 0.7100018978118896}, "4": {"loss": 0.43984270095825195}}