{"0": {"loss": 2.5658487173227162}, "1": {"loss": 1.611272665170523}, "2": {"loss": 0.9571545674250677}, "3": {"loss": 0.635829705458421}, "4": {"loss": 0.4557534364553598}}