{"0": {"loss": 2.4610257148742676}, "1": {"loss": 1.9178414344787598}, "2": {"loss": 1.4086467425028484}, "3": {"loss": 0.5782780647277832}, "4": {"loss": 0.46181408564249676}}