{"0": {"loss": 2.191506767272949}, "1": {"loss": 1.9789592742919921}, "2": {"loss": 1.718853759765625}, "3": {"loss": 1.1111742019653321}, "4": {"loss": 0.48359074592590334}}