{"0": {"loss": 2.0507176717122397}, "1": {"loss": 1.7935552597045898}, "2": {"loss": 1.9692721366882324}, "3": {"loss": 0.934882640838623}, "4": {"loss": 0.6439723173777262}}