{"0": {"loss": 2.3177342414855957}, "1": {"loss": 2.1404387950897217}, "2": {"loss": 1.7591900825500488}, "3": {"loss": 1.7150192260742188}, "4": {"loss": 0.8387964963912964}}