{"0": {"loss": 2.580422782897949}, "1": {"loss": 3.601352310180664}, "2": {"loss": 1.915003204345703}, "3": {"loss": 1.162816333770752}, "4": {"loss": 0.6571381568908692}}