{"0": {"loss": 2.1482884883880615}, "1": {"loss": 2.1482884883880615}, "2": {"loss": 1.546964406967163}, "3": {"loss": 1.5264363288879395}, "4": {"loss": 1.0843170881271362}}