{"0": {"loss": 2.6628189086914062}, "1": {"loss": 2.6881126827663846}, "2": {"loss": 1.4720728132459853}, "3": {"loss": 0.9465815226236979}, "4": {"loss": 0.8483325640360514}}