{"0": {"loss": 2.3940278689066568}, "1": {"loss": 2.393946965535482}, "2": {"loss": 1.9890562693277996}, "3": {"loss": 1.0331055323282878}, "4": {"loss": 0.8141132990519205}}