{"0": {"loss": 2.0326935450236}, "1": {"loss": 1.9739144643147786}, "2": {"loss": 1.2066983381907146}, "3": {"loss": 0.6969853242238363}, "4": {"loss": 0.4996986389160156}}