{"0": {"loss": 2.3348575005164514}, "1": {"loss": 2.8536896338829627}, "2": {"loss": 1.943731894859901}, "3": {"loss": 1.3177516643817608}, "4": {"loss": 1.2883127652681792}}