{"0": {"loss": 2.627342462539673}, "1": {"loss": 2.627342462539673}, "2": {"loss": 3.720341682434082}, "3": {"loss": 3.7230734825134277}, "4": {"loss": 3.675246477127075}}