{"0": {"loss": 2.230254332224528}, "1": {"loss": 1.8387635548909504}, "2": {"loss": 1.3801930745442708}, "3": {"loss": 0.9852643013000488}, "4": {"loss": 0.6154098510742188}}