{"0": {"loss": 2.5723319053649902}, "1": {"loss": 2.996398687362671}, "2": {"loss": 1.7477003335952759}, "3": {"loss": 0.9048265814781189}, "4": {"loss": 0.7467977404594421}}