{"0": {"loss": 2.315778038718484}, "1": {"loss": 1.793787869540128}, "2": {"loss": 1.225045377557928}, "3": {"loss": 0.6467811844565652}, "4": {"loss": 0.40099672837690875}}