{"0": {"loss": 2.340702438354492}, "1": {"loss": 2.3292430877685546}, "2": {"loss": 1.3632589340209962}, "3": {"loss": 0.7584998130798339}, "4": {"loss": 0.4124137401580811}}