{"0": {"loss": 2.723245620727539}, "1": {"loss": 2.8839282989501953}, "2": {"loss": 2.2285215854644775}, "3": {"loss": 1.2816342115402222}, "4": {"loss": 1.3307372331619263}}