{"0": {"loss": 2.2910502751668296}, "1": {"loss": 2.145640214284261}, "2": {"loss": 1.9646933873494465}, "3": {"loss": 1.9230578740437825}, "4": {"loss": 0.9965222676595052}}