{"0": {"loss": 1.9951159159342449}, "1": {"loss": 1.8247172037760417}, "2": {"loss": 0.9541500409444174}, "3": {"loss": 0.6173503398895264}, "4": {"loss": 0.35938088099161786}}