{"0": {"loss": 2.6632085279984907}, "1": {"loss": 1.6721959547563032}, "2": {"loss": 0.9982310208407316}, "3": {"loss": 0.6849698153409091}, "4": {"loss": 0.35425532947887073}}