{"0": {"loss": 2.2166362762451173}, "1": {"loss": 2.225507354736328}, "2": {"loss": 1.4555228233337403}, "3": {"loss": 0.8180253982543946}, "4": {"loss": 0.5226512908935547}}