{"0": {"loss": 2.0372283935546873}, "1": {"loss": 1.9217206954956054}, "2": {"loss": 1.3968209266662597}, "3": {"loss": 0.5556536674499511}, "4": {"loss": 0.3422043561935425}}