{"0": {"loss": 3.216522693634033}, "1": {"loss": 2.2214572429656982}, "2": {"loss": 1.2758342027664185}, "3": {"loss": 0.7528451085090637}, "4": {"loss": 0.4094204902648926}}