{"0": {"loss": 2.5470347934299045}, "1": {"loss": 1.760464032491048}, "2": {"loss": 1.060180875990126}, "3": {"loss": 0.7032709121704102}, "4": {"loss": 0.48472266727023655}}