{"0": {"loss": 2.0250745500837053}, "1": {"loss": 1.5993712288992745}, "2": {"loss": 0.953484194619315}, "3": {"loss": 0.6515097618103027}, "4": {"loss": 0.441892283303397}}