{"0": {"loss": 2.512375831604004}, "1": {"loss": 2.4518680572509766}, "2": {"loss": 1.7384848594665527}, "3": {"loss": 0.8188381989796957}, "4": {"loss": 0.44854148228963214}}