{"0": {"loss": 2.2651270230611167}, "1": {"loss": 1.8448214530944824}, "2": {"loss": 0.7898393472035726}, "3": {"loss": 0.5909500122070312}, "4": {"loss": 0.43852416674296063}}