{"0": {"loss": 2.6166469867412863}, "1": {"loss": 3.6052527794471154}, "2": {"loss": 1.4911317091721754}, "3": {"loss": 0.8229894638061523}, "4": {"loss": 0.4780863981980544}}