{"0": {"loss": 2.6486042022705076}, "1": {"loss": 2.123621368408203}, "2": {"loss": 1.2085232734680176}, "3": {"loss": 0.7391103267669678}, "4": {"loss": 0.4622283935546875}}