{"0": {"loss": 2.2242952982584634}, "1": {"loss": 2.015215343899197}, "2": {"loss": 0.9799834357367622}, "3": {"loss": 0.679107771979438}, "4": {"loss": 0.45364416970147026}}