{"0": {"loss": 2.0414573669433596}, "1": {"loss": 1.8306402206420898}, "2": {"loss": 1.4726588249206543}, "3": {"loss": 0.7021091938018799}, "4": {"loss": 0.4294883728027344}}