{"0": {"loss": 2.584520763821072}, "1": {"loss": 1.5670651329888239}, "2": {"loss": 0.814958413441976}, "3": {"loss": 0.6209607124328613}, "4": {"loss": 0.559157583448622}}