{"0": {"loss": 2.2182540893554688}, "1": {"loss": 2.003385305404663}, "2": {"loss": 1.8231704235076904}, "3": {"loss": 1.1132625341415405}, "4": {"loss": 0.5876091122627258}}