{"0": {"loss": 2.3837451934814453}, "1": {"loss": 2.3837451934814453}, "2": {"loss": 3.5050406455993652}, "3": {"loss": 3.7145824432373047}, "4": {"loss": 3.3837404251098633}}