{"0": {"loss": 2.178018161228725}, "1": {"loss": 2.7626699720110213}, "2": {"loss": 1.4279098510742188}, "3": {"loss": 0.8718343462262835}, "4": {"loss": 0.43209362030029297}}