{"0": {"loss": 2.905088996887207}, "1": {"loss": 1.9516855239868165}, "2": {"loss": 0.9640836715698242}, "3": {"loss": 0.6325230121612548}, "4": {"loss": 0.4940191745758057}}