{"0": {"loss": 2.4275420795787466}, "1": {"loss": 1.4680486158891157}, "2": {"loss": 4.860871054909446}, "3": {"loss": 4.653525959361684}, "4": {"loss": 4.787396517666903}}