{"0": {"loss": 2.4614615807166467}, "1": {"loss": 1.579119168795072}, "2": {"loss": 0.8374760701106145}, "3": {"loss": 0.5433857991145208}, "4": {"loss": 0.3285074234008789}}