{"0": {"loss": 2.637960433959961}, "1": {"loss": 1.787457823753357}, "2": {"loss": 0.9384675025939941}, "3": {"loss": 0.7793779373168945}, "4": {"loss": 0.49198606610298157}}