{"0": {"loss": 2.278072738647461}, "1": {"loss": 1.6312641143798827}, "2": {"loss": 0.8857121467590332}, "3": {"loss": 0.6611286163330078}, "4": {"loss": 0.44533424377441405}}