{"0": {"loss": 2.222770267062717}, "1": {"loss": 2.121056874593099}, "2": {"loss": 1.5822379853990343}, "3": {"loss": 0.9053701824612088}, "4": {"loss": 0.5350358221266005}}