{"0": {"loss": 2.7647606242786753}, "1": {"loss": 1.8187115409157493}, "2": {"loss": 1.1531051288951526}, "3": {"loss": 0.6544652418656782}, "4": {"loss": 0.44745930758389557}}