{"0": {"loss": 2.2343309190538196}, "1": {"loss": 1.4025859832763672}, "2": {"loss": 1.0786311891343858}, "3": {"loss": 0.6652801831563314}, "4": {"loss": 0.4044209056430393}}