{"0": {"loss": 1.9995967320033483}, "1": {"loss": 1.4953666414533342}, "2": {"loss": 0.8637242317199707}, "3": {"loss": 0.5923961911882673}, "4": {"loss": 0.3831773485456194}}