{"0": {"loss": 2.237570953369141}, "1": {"loss": 1.8779754638671875}, "2": {"loss": 0.9715155601501465}, "3": {"loss": 0.4753592014312744}, "4": {"loss": 0.3660117626190186}}