{"0": {"loss": 2.8711631298065186}, "1": {"loss": 2.139606475830078}, "2": {"loss": 1.1373156309127808}, "3": {"loss": 0.6684548854827881}, "4": {"loss": 0.3592853546142578}}