{"0": {"loss": 1.975202242533366}, "1": {"loss": 1.6784407297770183}, "2": {"loss": 0.9920344352722168}, "3": {"loss": 0.6049925883611044}, "4": {"loss": 0.3257376551628113}}