{"0": {"loss": 2.6080355644226074}, "1": {"loss": 2.0541610717773438}, "2": {"loss": 1.1762259006500244}, "3": {"loss": 0.5619314312934875}, "4": {"loss": 0.3581840395927429}}