{"0": {"loss": 2.5987540024977465}, "1": {"loss": 2.151544424203726}, "2": {"loss": 1.2249074349036584}, "3": {"loss": 0.6762332916259766}, "4": {"loss": 0.4408408311697153}}