{"0": {"loss": 2.2876837253570557}, "1": {"loss": 2.596303939819336}, "2": {"loss": 3.447551727294922}, "3": {"loss": 1.4508603811264038}, "4": {"loss": 0.8156325221061707}}