{"0": {"loss": 2.697733243306478}, "1": {"loss": 2.952310562133789}, "2": {"loss": 1.6720271110534668}, "3": {"loss": 0.8110750516255697}, "4": {"loss": 0.5891903241475424}}