{"0": {"loss": 2.3596399625142417}, "1": {"loss": 1.8848098119099934}, "2": {"loss": 1.3196031252543132}, "3": {"loss": 0.6390928427378336}, "4": {"loss": 0.38295761744181317}}