{"0": {"loss": 2.377668857574463}, "1": {"loss": 1.9306298891703289}, "2": {"loss": 1.1699098745981853}, "3": {"loss": 0.5616804758707682}, "4": {"loss": 0.3050140142440796}}