{"0": {"loss": 2.4485023498535154}, "1": {"loss": 1.7520128885904949}, "2": {"loss": 1.084463119506836}, "3": {"loss": 0.6948829650878906}, "4": {"loss": 0.46141160329182945}}