{"0": {"loss": 2.6317718029022217}, "1": {"loss": 2.1181259155273438}, "2": {"loss": 1.1149258613586426}, "3": {"loss": 0.5988054275512695}, "4": {"loss": 0.5758910179138184}}