{"0": {"loss": 2.213425318400065}, "1": {"loss": 2.0100218454996743}, "2": {"loss": 1.2920646667480469}, "3": {"loss": 0.9835638470119901}, "4": {"loss": 0.5634610917833116}}