{"0": {"loss": 2.084667205810547}, "1": {"loss": 2.0504420598347983}, "2": {"loss": 1.8864634831746419}, "3": {"loss": 1.7248323758443196}, "4": {"loss": 1.147549311319987}}