{"0": {"loss": 2.368022918701172}, "1": {"loss": 2.4075315475463865}, "2": {"loss": 1.469661808013916}, "3": {"loss": 0.7659141063690186}, "4": {"loss": 0.6883785247802734}}