{"0": {"loss": 2.27244047685103}, "1": {"loss": 1.9296243840997869}, "2": {"loss": 1.1725926832719282}, "3": {"loss": 0.7379700920798562}, "4": {"loss": 0.5617824467745695}}