{"0": {"loss": 2.2802419662475586}, "1": {"loss": 1.935218334197998}, "2": {"loss": 1.1780110200246174}, "3": {"loss": 0.5629134972890218}, "4": {"loss": 0.4553298552831014}}