{"0": {"loss": 2.3691563606262207}, "1": {"loss": 1.701706886291504}, "2": {"loss": 1.1111923853556316}, "3": {"loss": 0.684123675028483}, "4": {"loss": 0.40644240379333496}}