{"0": {"loss": 2.4485235947829027}, "1": {"loss": 2.2567078517033505}, "2": {"loss": 1.2150113766009991}, "3": {"loss": 0.6680616232065054}, "4": {"loss": 0.5742149353027344}}