{"0": {"loss": 2.1716477076212564}, "1": {"loss": 1.7757217089335124}, "2": {"loss": 1.6203584671020508}, "3": {"loss": 0.6295132239659628}, "4": {"loss": 0.45629485448201496}}