{"0": {"loss": 3.2187302112579346}, "1": {"loss": 2.2674720287323}, "2": {"loss": 4.114758491516113}, "3": {"loss": 6.2613019943237305}, "4": {"loss": 2.025712728500366}}