{"0": {"loss": 2.368793805440267}, "1": {"loss": 2.1846923828125}, "2": {"loss": 1.4151700337727864}, "3": {"loss": 0.9450483322143555}, "4": {"loss": 0.6351604064305624}}