{"0": {"loss": 1.9094146092732747}, "1": {"loss": 1.9137729008992512}, "2": {"loss": 1.5378154118855794}, "3": {"loss": 1.3871653874715169}, "4": {"loss": 1.326806863149007}}