{"0": {"loss": 2.1761076185438366}, "1": {"loss": 1.5105470021565754}, "2": {"loss": 0.862221876780192}, "3": {"loss": 0.6040035353766547}, "4": {"loss": 0.3390773402320014}}