{"0": {"loss": 2.4728493690490723}, "1": {"loss": 2.5504629611968994}, "2": {"loss": 1.922094702720642}, "3": {"loss": 1.4422647953033447}, "4": {"loss": 0.9138670563697815}}