{"0": {"loss": 2.1204410552978517}, "1": {"loss": 1.6667152404785157}, "2": {"loss": 1.044207763671875}, "3": {"loss": 0.7882059574127197}, "4": {"loss": 0.39993014335632326}}