{"0": {"loss": 2.26198787689209}, "1": {"loss": 1.7165084838867188}, "2": {"loss": 0.9858846664428711}, "3": {"loss": 0.7777424812316894}, "4": {"loss": 0.39202241897583007}}