{"0": {"loss": 2.595075845718384}, "1": {"loss": 2.508148670196533}, "2": {"loss": 3.529933452606201}, "3": {"loss": 3.5315089225769043}, "4": {"loss": 3.509099006652832}}