{"0": {"loss": 2.3453094164530435}, "1": {"loss": 2.0553380648295083}, "2": {"loss": 1.2074253559112549}, "3": {"loss": 0.6718682448069254}, "4": {"loss": 0.4570094744364421}}