{"0": {"loss": 2.263417434692383}, "1": {"loss": 2.0354774475097654}, "2": {"loss": 1.0474244117736817}, "3": {"loss": 0.7682254791259766}, "4": {"loss": 0.4600877285003662}}