{"0": {"loss": 2.188219887869699}, "1": {"loss": 1.6663458687918526}, "2": {"loss": 1.1358395985194616}, "3": {"loss": 0.6614932332720075}, "4": {"loss": 0.4442220074789865}}