{"0": {"loss": 2.4695943196614585}, "1": {"loss": 1.9511820475260417}, "2": {"loss": 1.6874022483825684}, "3": {"loss": 1.3443210919698079}, "4": {"loss": 2.3274054527282715}}