{"0": {"loss": 2.3239006996154785}, "1": {"loss": 2.2847931385040283}, "2": {"loss": 1.7040178775787354}, "3": {"loss": 1.2940713167190552}, "4": {"loss": 0.7708801031112671}}