{"0": {"loss": 2.026789665222168}, "1": {"loss": 1.520714623587472}, "2": {"loss": 0.9175856454031808}, "3": {"loss": 0.5657976354871478}, "4": {"loss": 0.48337813786097933}}