{"0": {"loss": 2.3306140899658203}, "1": {"loss": 3.551492691040039}, "2": {"loss": 2.3756043116251626}, "3": {"loss": 1.2141393025716145}, "4": {"loss": 0.7426776885986328}}