{"0": {"loss": 2.0068126678466798}, "1": {"loss": 1.8324459075927735}, "2": {"loss": 1.1311314582824707}, "3": {"loss": 0.7443292617797852}, "4": {"loss": 0.5344149589538574}}