{"0": {"loss": 2.770603895187378}, "1": {"loss": 2.770603895187378}, "2": {"loss": 2.9657721519470215}, "3": {"loss": 1.876546025276184}, "4": {"loss": 1.0164510011672974}}