{"0": {"loss": 2.179441452026367}, "1": {"loss": 1.7161916097005208}, "2": {"loss": 0.9650953610738119}, "3": {"loss": 0.4079851309458415}, "4": {"loss": 0.40079522132873535}}