{"0": {"loss": 2.378209795270647}, "1": {"loss": 2.0658798217773438}, "2": {"loss": 1.022850172860282}, "3": {"loss": 0.6989367348807198}, "4": {"loss": 0.6844534873962402}}