{"0": {"loss": 2.085036849975586}, "1": {"loss": 3.484242248535156}, "2": {"loss": 1.9253425598144531}, "3": {"loss": 1.133352279663086}, "4": {"loss": 0.5601040840148925}}