{"0": {"loss": 3.242013454437256}, "1": {"loss": 3.9139347076416016}, "2": {"loss": 2.643486261367798}, "3": {"loss": 2.9567646980285645}, "4": {"loss": 2.263723611831665}}