{"0": {"loss": 3.7559332847595215}, "1": {"loss": 2.3562984466552734}, "2": {"loss": 1.6691856384277344}, "3": {"loss": 0.901093602180481}, "4": {"loss": 0.7821556329727173}}