{"0": {"loss": 2.822201655461238}, "1": {"loss": 2.32619256239671}, "2": {"loss": 1.3583798041710486}, "3": {"loss": 0.8877085172213041}, "4": {"loss": 0.5554137596717248}}