{"0": {"loss": 2.789661979675293}, "1": {"loss": 1.9043693542480469}, "2": {"loss": 1.0352561950683594}, "3": {"loss": 0.6348751068115235}, "4": {"loss": 0.48923587799072266}}