{"0": {"loss": 2.049901008605957}, "1": {"loss": 2.049901008605957}, "2": {"loss": 2.089221954345703}, "3": {"loss": 1.9117052555084229}, "4": {"loss": 1.9625545740127563}}