{"0": {"loss": 2.177294511061448}, "1": {"loss": 1.6168014819805439}, "2": {"loss": 1.0589426480806792}, "3": {"loss": 0.6096400114206167}, "4": {"loss": 0.38889158689058745}}