{"0": {"loss": 3.4346855708530972}, "1": {"loss": 1.977773666381836}, "2": {"loss": 1.166137967790876}, "3": {"loss": 0.8167668751307896}, "4": {"loss": 0.5431405476161412}}