{"0": {"loss": 2.2400565677218967}, "1": {"loss": 2.0561915503607855}, "2": {"loss": 1.1341036690606012}, "3": {"loss": 0.7018116315205892}, "4": {"loss": 0.5487652354770236}}