{"0": {"loss": 2.192996285178445}, "1": {"loss": 1.5493644367564807}, "2": {"loss": 1.291861274025657}, "3": {"loss": 0.7453454624522816}, "4": {"loss": 0.4227876229719682}}