{"0": {"loss": 2.5756470816476003}, "1": {"loss": 2.8925819396972656}, "2": {"loss": 1.6822443008422852}, "3": {"loss": 0.941082273210798}, "4": {"loss": 0.7402275630405971}}