{"0": {"loss": 2.417178726196289}, "1": {"loss": 2.513799858093262}, "2": {"loss": 1.7820201873779298}, "3": {"loss": 1.005159568786621}, "4": {"loss": 0.5204987525939941}}