{"0": {"loss": 2.259786033630371}, "1": {"loss": 1.9568994522094727}, "2": {"loss": 1.804616928100586}, "3": {"loss": 1.3133374214172364}, "4": {"loss": 0.7773371696472168}}