{"0": {"loss": 2.573702918158637}, "1": {"loss": 1.8025658925374348}, "2": {"loss": 0.9059873157077365}, "3": {"loss": 0.9036091698540581}, "4": {"loss": 0.5791334046257867}}