{"0": {"loss": 2.381204605102539}, "1": {"loss": 1.7851090864701704}, "2": {"loss": 1.2433404922485352}, "3": {"loss": 0.5521204254843972}, "4": {"loss": 0.5343696854331277}}