{"0": {"loss": 2.1913303799099393}, "1": {"loss": 2.011723624335395}, "2": {"loss": 1.306124793158637}, "3": {"loss": 0.8793387942843967}, "4": {"loss": 0.5454604890611436}}