{"0": {"loss": 2.1432723999023438}, "1": {"loss": 1.8523283004760742}, "2": {"loss": 1.014438549677531}, "3": {"loss": 0.6740121841430664}, "4": {"loss": 0.43581263224283856}}