{"0": {"loss": 3.3265302181243896}, "1": {"loss": 2.1940419673919678}, "2": {"loss": 1.2567542791366577}, "3": {"loss": 0.8474338054656982}, "4": {"loss": 4.053821563720703}}