{"0": {"loss": 2.4969676971435546}, "1": {"loss": 2.8852481842041016}, "2": {"loss": 1.614176368713379}, "3": {"loss": 0.9334061622619629}, "4": {"loss": 0.5536993503570556}}