{"0": {"loss": 2.364922841389974}, "1": {"loss": 3.02619997660319}, "2": {"loss": 2.2729810078938804}, "3": {"loss": 1.4449679056803386}, "4": {"loss": 1.0328931013743083}}