{"0": {"loss": 2.786984125773112}, "1": {"loss": 1.8794479370117188}, "2": {"loss": 0.9697304566701254}, "3": {"loss": 0.6711717446645101}, "4": {"loss": 0.5539490779240926}}