{"0": {"loss": 2.271758859807795}, "1": {"loss": 1.9364173195578835}, "2": {"loss": 1.7729178341952236}, "3": {"loss": 0.8625549836592241}, "4": {"loss": 0.5723349397832697}}