{"0": {"loss": 2.345224221547445}, "1": {"loss": 1.8435465494791667}, "2": {"loss": 1.0586748917897542}, "3": {"loss": 0.713275671005249}, "4": {"loss": 0.4707721471786499}}