{"0": {"loss": 2.4406493050711497}, "1": {"loss": 1.9336614608764648}, "2": {"loss": 1.5424243382045202}, "3": {"loss": 0.8864123480660575}, "4": {"loss": 0.4229607582092285}}