{"0": {"loss": 2.988032414362981}, "1": {"loss": 1.9364003401536207}, "2": {"loss": 1.1205130357008715}, "3": {"loss": 0.6748277957622821}, "4": {"loss": 0.5211386680603027}}