{"0": {"loss": 2.3615749904087613}, "1": {"loss": 1.8558875492640905}, "2": {"loss": 1.7391820635114397}, "3": {"loss": 1.5430111203874861}, "4": {"loss": 0.9338229043143136}}