{"0": {"loss": 2.156481981277466}, "1": {"loss": 3.121795177459717}, "2": {"loss": 2.84391713142395}, "3": {"loss": 1.584670066833496}, "4": {"loss": 0.8300080299377441}}