{"0": {"loss": 2.5779640674591064}, "1": {"loss": 3.206843137741089}, "2": {"loss": 2.015765428543091}, "3": {"loss": 1.3938398361206055}, "4": {"loss": 0.7161111235618591}}