{"0": {"loss": 2.118730926513672}, "1": {"loss": 2.0160926818847655}, "2": {"loss": 1.3360410690307618}, "3": {"loss": 0.9199780464172364}, "4": {"loss": 1.0596426963806151}}