{"0": {"loss": 2.5030476252237954}, "1": {"loss": 2.821009635925293}, "2": {"loss": 2.026957352956136}, "3": {"loss": 1.3444941838582356}, "4": {"loss": 0.887250026067098}}