{"0": {"loss": 2.4396591186523438}, "1": {"loss": 1.961479902267456}, "2": {"loss": 1.862343668937683}, "3": {"loss": 1.3206270933151245}, "4": {"loss": 1.3889180421829224}}