{"0": {"loss": 2.336267124522816}, "1": {"loss": 1.729618245905096}, "2": {"loss": 1.1062264008955522}, "3": {"loss": 0.5475908626209606}, "4": {"loss": 0.2871019406752153}}