{"0": {"loss": 2.008856455485026}, "1": {"loss": 2.008856455485026}, "2": {"loss": 2.502377510070801}, "3": {"loss": 1.4699158668518066}, "4": {"loss": 1.5648945172627766}}