{"0": {"loss": 2.3040833473205566}, "1": {"loss": 1.9583709239959717}, "2": {"loss": 1.0874946117401123}, "3": {"loss": 0.6154851317405701}, "4": {"loss": 0.41809821128845215}}