{"0": {"loss": 2.0751918156941733}, "1": {"loss": 4.596530914306641}, "2": {"loss": 4.203708012898763}, "3": {"loss": 1.7469396591186523}, "4": {"loss": 1.2790473302205403}}