{"0": {"loss": 2.640575091044108}, "1": {"loss": 2.583607037862142}, "2": {"loss": 1.3201804161071777}, "3": {"loss": 0.5726718902587891}, "4": {"loss": 0.4490444262822469}}