{"0": {"loss": 2.3215694427490234}, "1": {"loss": 3.8787569999694824}, "2": {"loss": 3.417593240737915}, "3": {"loss": 1.9984679222106934}, "4": {"loss": 1.507463812828064}}