{"0": {"loss": 2.7033880233764647}, "1": {"loss": 1.6326023101806642}, "2": {"loss": 1.2144055366516113}, "3": {"loss": 0.6062375068664551}, "4": {"loss": 0.5033874988555909}}