{"0": {"loss": 2.0659046173095703}, "1": {"loss": 1.736182689666748}, "2": {"loss": 1.135744333267212}, "3": {"loss": 0.762363076210022}, "4": {"loss": 0.4914483428001404}}