{"0": {"loss": 2.530279371473524}, "1": {"loss": 1.9409978654649522}, "2": {"loss": 1.1742195553249783}, "3": {"loss": 0.5622351434495714}, "4": {"loss": 0.5924546983506944}}