{"0": {"loss": 2.908720228407118}, "1": {"loss": 2.322332594129774}, "2": {"loss": 1.4712264802720811}, "3": {"loss": 0.9522390365600586}, "4": {"loss": 0.5385652648078071}}