{"0": {"loss": 2.7319327267733486}, "1": {"loss": 1.6626026847145774}, "2": {"loss": 1.0116825103759766}, "3": {"loss": 0.556159496307373}, "4": {"loss": 0.32496456666426227}}