{"0": {"loss": 2.23178836277553}, "1": {"loss": 1.9654298509870256}, "2": {"loss": 1.6885489055088587}, "3": {"loss": 0.803978511265346}, "4": {"loss": 0.8071433476039341}}