{"0": {"loss": 2.139751752217611}, "1": {"loss": 2.233081658681234}, "2": {"loss": 1.0956331094106038}, "3": {"loss": 0.7052352428436279}, "4": {"loss": 0.5413598219553629}}