{"0": {"loss": 3.29213629828559}, "1": {"loss": 2.034404542711046}, "2": {"loss": 1.3396184709337022}, "3": {"loss": 0.8639043172200521}, "4": {"loss": 0.5041207207573785}}