{"0": {"loss": 2.4522424844595103}, "1": {"loss": 1.5447615109957182}, "2": {"loss": 0.8827511714054987}, "3": {"loss": 0.436919982616718}, "4": {"loss": 0.4377323297353891}}