{"0": {"loss": 3.2142346700032554}, "1": {"loss": 2.2064949671427407}, "2": {"loss": 1.455759843190511}, "3": {"loss": 0.8112494945526123}, "4": {"loss": 6.166467030843099}}