{"0": {"loss": 2.4070651531219482}, "1": {"loss": 1.9204158782958984}, "2": {"loss": 1.7345181703567505}, "3": {"loss": 1.4461520910263062}, "4": {"loss": 0.9290478825569153}}