{"0": {"loss": 3.3017823696136475}, "1": {"loss": 2.1998445987701416}, "2": {"loss": 1.4581669569015503}, "3": {"loss": 0.8956466913223267}, "4": {"loss": 0.4435397982597351}}