{"0": {"loss": 2.3965116228376115}, "1": {"loss": 1.600200925554548}, "2": {"loss": 0.8422824314662388}, "3": {"loss": 0.6205240658351353}, "4": {"loss": 0.4563625880650112}}