{"0": {"loss": 2.3110320568084717}, "1": {"loss": 3.5539779663085938}, "2": {"loss": 3.459733247756958}, "3": {"loss": 1.8300981521606445}, "4": {"loss": 1.205814242362976}}