{"0": {"loss": 3.0748560428619385}, "1": {"loss": 2.9197733402252197}, "2": {"loss": 1.5748605728149414}, "3": {"loss": 0.7405322194099426}, "4": {"loss": 0.48198312520980835}}