{"0": {"loss": 2.2623006820678713}, "1": {"loss": 2.1221561431884766}, "2": {"loss": 1.236928939819336}, "3": {"loss": 1.1613306999206543}, "4": {"loss": 0.5773516654968261}}