{"0": {"loss": 2.1607649326324463}, "1": {"loss": 1.9633009433746338}, "2": {"loss": 2.015449285507202}, "3": {"loss": 3.4030182361602783}, "4": {"loss": 1.0118913650512695}}