{"0": {"loss": 2.1295881271362305}, "1": {"loss": 2.122629737854004}, "2": {"loss": 1.976008987426758}, "3": {"loss": 0.9254322052001953}, "4": {"loss": 0.4344475269317627}}