{"0": {"loss": 2.3341842998157847}, "1": {"loss": 1.3757843537764116}, "2": {"loss": 1.0250804207541726}, "3": {"loss": 0.5469909147782759}, "4": {"loss": 0.3501574126156894}}