{"0": {"loss": 2.229359785715739}, "1": {"loss": 1.986517111460368}, "2": {"loss": 0.8559629917144775}, "3": {"loss": 0.48659229278564453}, "4": {"loss": 0.28299160798390705}}