{"0": {"loss": 2.3693106174468994}, "1": {"loss": 1.968592643737793}, "2": {"loss": 1.1615900993347168}, "3": {"loss": 0.6831914782524109}, "4": {"loss": 0.518105685710907}}