{"0": {"loss": 2.2751197814941406}, "1": {"loss": 2.11112117767334}, "2": {"loss": 1.5966930389404297}, "3": {"loss": 1.0490655899047852}, "4": {"loss": 0.45479655265808105}}