{"0": {"loss": 2.0257152557373046}, "1": {"loss": 2.232010078430176}, "2": {"loss": 2.508419418334961}, "3": {"loss": 1.399974250793457}, "4": {"loss": 0.7694782257080078}}