{"0": {"loss": 2.194448471069336}, "1": {"loss": 2.8799691200256348}, "2": {"loss": 2.4722979068756104}, "3": {"loss": 1.971572995185852}, "4": {"loss": 1.1424102783203125}}