{"0": {"loss": 3.0378850936889648}, "1": {"loss": 2.4749298095703125}, "2": {"loss": 1.5990389823913573}, "3": {"loss": 1.0377761840820312}, "4": {"loss": 0.5939334392547607}}