{"0": {"loss": 2.3092160658402876}, "1": {"loss": 1.7688387090509587}, "2": {"loss": 1.1795714985240588}, "3": {"loss": 0.6537974964488636}, "4": {"loss": 0.41500403664328833}}