{"0": {"loss": 2.5170642852783205}, "1": {"loss": 1.8073802947998048}, "2": {"loss": 1.0825166702270508}, "3": {"loss": 0.7887771129608154}, "4": {"loss": 0.45583043098449705}}