{"0": {"loss": 2.0542528364393444}, "1": {"loss": 1.4785761303371854}, "2": {"loss": 0.7955423461066352}, "3": {"loss": 0.5805746184455024}, "4": {"loss": 0.3754630883534749}}