{"0": {"loss": 2.3064069747924805}, "1": {"loss": 2.289764881134033}, "2": {"loss": 1.7596168518066406}, "3": {"loss": 0.6935787796974182}, "4": {"loss": 0.386239618062973}}