{"0": {"loss": 2.029294490814209}, "1": {"loss": 3.3375778198242188}, "2": {"loss": 4.667294502258301}, "3": {"loss": 4.672196388244629}, "4": {"loss": 3.310830593109131}}