{"0": {"loss": 2.230796120383523}, "1": {"loss": 2.3964353041215376}, "2": {"loss": 1.3013666326349431}, "3": {"loss": 0.8034543991088867}, "4": {"loss": 0.5518768050453879}}