{"0": {"loss": 5.899821690150669}}{"0": {"loss": 5.899821690150669}, "1": {"loss": 7.866701943533761}}{"0": {"loss": 5.899821690150669}, "1": {"loss": 7.866701943533761}, "2": {"loss": 7.883553641183036}}{"0": {"loss": 5.899821690150669}, "1": {"loss": 7.866701943533761}, "2": {"loss": 7.883553641183036}, "3": {"loss": 7.335096086774554}}{"0": {"loss": 5.899821690150669}, "1": {"loss": 7.866701943533761}, "2": {"loss": 7.883553641183036}, "3": {"loss": 7.335096086774554}, "4": {"loss": 7.521772112165179}}{"0": {"loss": 5.899821690150669}, "1": {"loss": 7.866701943533761}, "2": {"loss": 7.883553641183036}, "3": {"loss": 7.335096086774554}, "4": {"loss": 7.521772112165179}, "5": {"loss": 6.921108790806362}}{"0": {"loss": 5.899821690150669}, "1": {"loss": 7.866701943533761}, "2": {"loss": 7.883553641183036}, "3": {"loss": 7.335096086774554}, "4": {"loss": 7.521772112165179}, "5": {"loss": 6.921108790806362}, "6": {"loss": 6.678801945277622}}{"0": {"loss": 5.899821690150669}, "1": {"loss": 7.866701943533761}, "2": {"loss": 7.883553641183036}, "3": {"loss": 7.335096086774554}, "4": {"loss": 7.521772112165179}, "5": {"loss": 6.921108790806362}, "6": {"loss": 6.678801945277622}, "7": {"loss": 6.596640995570591}}{"0": {"loss": 5.899821690150669}, "1": {"loss": 7.866701943533761}, "2": {"loss": 7.883553641183036}, "3": {"loss": 7.335096086774554}, "4": {"loss": 7.521772112165179}, "5": {"loss": 6.921108790806362}, "6": {"loss": 6.678801945277622}, "7": {"loss": 6.596640995570591}, "8": {"loss": 6.3356764657156805}}{"0": {"loss": 5.899821690150669}, "1": {"loss": 7.866701943533761}, "2": {"loss": 7.883553641183036}, "3": {"loss": 7.335096086774554}, "4": {"loss": 7.521772112165179}, "5": {"loss": 6.921108790806362}, "6": {"loss": 6.678801945277622}, "7": {"loss": 6.596640995570591}, "8": {"loss": 6.3356764657156805}, "9": {"loss": 6.174567631312779}}