{"0": {"loss": 2.7274676731654575}}{"0": {"loss": 2.7274676731654575}, "1": {"loss": 7.848576136997768}}{"0": {"loss": 2.7274676731654575}, "1": {"loss": 7.848576136997768}, "2": {"loss": 7.362400599888393}}{"0": {"loss": 2.7274676731654575}, "1": {"loss": 7.848576136997768}, "2": {"loss": 7.362400599888393}, "3": {"loss": 6.895924159458706}}{"0": {"loss": 2.7274676731654575}, "1": {"loss": 7.848576136997768}, "2": {"loss": 7.362400599888393}, "3": {"loss": 6.895924159458706}, "4": {"loss": 6.4898223876953125}}{"0": {"loss": 2.7274676731654575}, "1": {"loss": 7.848576136997768}, "2": {"loss": 7.362400599888393}, "3": {"loss": 6.895924159458706}, "4": {"loss": 6.4898223876953125}, "5": {"loss": 6.292849404471261}}{"0": {"loss": 2.7274676731654575}, "1": {"loss": 7.848576136997768}, "2": {"loss": 7.362400599888393}, "3": {"loss": 6.895924159458706}, "4": {"loss": 6.4898223876953125}, "5": {"loss": 6.292849404471261}, "6": {"loss": 6.192556653703962}}{"0": {"loss": 2.7274676731654575}, "1": {"loss": 7.848576136997768}, "2": {"loss": 7.362400599888393}, "3": {"loss": 6.895924159458706}, "4": {"loss": 6.4898223876953125}, "5": {"loss": 6.292849404471261}, "6": {"loss": 6.192556653703962}, "7": {"loss": 6.132279532296317}}{"0": {"loss": 2.7274676731654575}, "1": {"loss": 7.848576136997768}, "2": {"loss": 7.362400599888393}, "3": {"loss": 6.895924159458706}, "4": {"loss": 6.4898223876953125}, "5": {"loss": 6.292849404471261}, "6": {"loss": 6.192556653703962}, "7": {"loss": 6.132279532296317}, "8": {"loss": 6.089617592947824}}{"0": {"loss": 2.7274676731654575}, "1": {"loss": 7.848576136997768}, "2": {"loss": 7.362400599888393}, "3": {"loss": 6.895924159458706}, "4": {"loss": 6.4898223876953125}, "5": {"loss": 6.292849404471261}, "6": {"loss": 6.192556653703962}, "7": {"loss": 6.132279532296317}, "8": {"loss": 6.089617592947824}, "9": {"loss": 5.9932419913155695}}