{"0": {"loss": 1.715994017464774}}{"0": {"loss": 1.715994017464774}, "1": {"loss": 0.8833532333374023}}{"0": {"loss": 1.715994017464774}, "1": {"loss": 0.8833532333374023}, "2": {"loss": 0.473193849836077}}{"0": {"loss": 1.715994017464774}, "1": {"loss": 0.8833532333374023}, "2": {"loss": 0.473193849836077}, "3": {"loss": 0.2775134529386248}}{"0": {"loss": 1.715994017464774}, "1": {"loss": 0.8833532333374023}, "2": {"loss": 0.473193849836077}, "3": {"loss": 0.2775134529386248}, "4": {"loss": 0.19367645468030656}}{"0": {"loss": 1.715994017464774}, "1": {"loss": 0.8833532333374023}, "2": {"loss": 0.473193849836077}, "3": {"loss": 0.2775134529386248}, "4": {"loss": 0.19367645468030656}, "5": {"loss": 0.13203143221991404}}{"0": {"loss": 1.715994017464774}, "1": {"loss": 0.8833532333374023}, "2": {"loss": 0.473193849836077}, "3": {"loss": 0.2775134529386248}, "4": {"loss": 0.19367645468030656}, "5": {"loss": 0.13203143221991404}, "6": {"loss": 0.07986749070031303}}{"0": {"loss": 1.715994017464774}, "1": {"loss": 0.8833532333374023}, "2": {"loss": 0.473193849836077}, "3": {"loss": 0.2775134529386248}, "4": {"loss": 0.19367645468030656}, "5": {"loss": 0.13203143221991404}, "6": {"loss": 0.07986749070031303}, "7": {"loss": 0.04963442257472447}}{"0": {"loss": 1.715994017464774}, "1": {"loss": 0.8833532333374023}, "2": {"loss": 0.473193849836077}, "3": {"loss": 0.2775134529386248}, "4": {"loss": 0.19367645468030656}, "5": {"loss": 0.13203143221991404}, "6": {"loss": 0.07986749070031303}, "7": {"loss": 0.04963442257472447}, "8": {"loss": 0.06050874079976763}}{"0": {"loss": 1.715994017464774}, "1": {"loss": 0.8833532333374023}, "2": {"loss": 0.473193849836077}, "3": {"loss": 0.2775134529386248}, "4": {"loss": 0.19367645468030656}, "5": {"loss": 0.13203143221991404}, "6": {"loss": 0.07986749070031303}, "7": {"loss": 0.04963442257472447}, "8": {"loss": 0.06050874079976763}, "9": {"loss": 0.028600967356136868}}