{"0": {"loss": 2.261425699506487}}{"0": {"loss": 1.948417799813407}}{"0": {"loss": 2.261425699506487}, "1": {"loss": 1.1246380124773299}}{"0": {"loss": 1.948417799813407}, "1": {"loss": 1.1569085802350725}}{"0": {"loss": 2.261425699506487}, "1": {"loss": 1.1246380124773299}, "2": {"loss": 1.337317739214216}}{"0": {"loss": 1.948417799813407}, "1": {"loss": 1.1569085802350725}, "2": {"loss": 1.1673554011753626}}{"0": {"loss": 2.261425699506487}, "1": {"loss": 1.1246380124773299}, "2": {"loss": 1.337317739214216}, "3": {"loss": 1.542248044695173}}{"0": {"loss": 1.948417799813407}, "1": {"loss": 1.1569085802350725}, "2": {"loss": 1.1673554011753626}, "3": {"loss": 0.7402518136160714}}{"0": {"loss": 2.261425699506487}, "1": {"loss": 1.1246380124773299}, "2": {"loss": 1.337317739214216}, "3": {"loss": 1.542248044695173}, "4": {"loss": 0.6123105457850865}}{"0": {"loss": 2.261425699506487}, "1": {"loss": 1.1246380124773299}, "2": {"loss": 1.337317739214216}, "3": {"loss": 1.542248044695173}, "4": {"loss": 0.6123105457850865}, "5": {"loss": 0.38966420718601774}}{"0": {"loss": 2.261425699506487}, "1": {"loss": 1.1246380124773299}, "2": {"loss": 1.337317739214216}, "3": {"loss": 1.542248044695173}, "4": {"loss": 0.6123105457850865}, "5": {"loss": 0.38966420718601774}, "6": {"loss": 1.5333295549665178}}{"0": {"loss": 2.261425699506487}, "1": {"loss": 1.1246380124773299}, "2": {"loss": 1.337317739214216}, "3": {"loss": 1.542248044695173}, "4": {"loss": 0.6123105457850865}, "5": {"loss": 0.38966420718601774}, "6": {"loss": 1.5333295549665178}, "7": {"loss": 2.650277546473912}}{"0": {"loss": 2.261425699506487}, "1": {"loss": 1.1246380124773299}, "2": {"loss": 1.337317739214216}, "3": {"loss": 1.542248044695173}, "4": {"loss": 0.6123105457850865}, "5": {"loss": 0.38966420718601774}, "6": {"loss": 1.5333295549665178}, "7": {"loss": 2.650277546473912}, "8": {"loss": 7.398633139474051}}{"0": {"loss": 2.261425699506487}, "1": {"loss": 1.1246380124773299}, "2": {"loss": 1.337317739214216}, "3": {"loss": 1.542248044695173}, "4": {"loss": 0.6123105457850865}, "5": {"loss": 0.38966420718601774}, "6": {"loss": 1.5333295549665178}, "7": {"loss": 2.650277546473912}, "8": {"loss": 7.398633139474051}, "9": {"loss": 7.150979723249163}}{"0": {"loss": 1.7420050757271903}}{"0": {"loss": 1.7420050757271903}, "1": {"loss": 1.1127188546316964}}{"0": {"loss": 1.7420050757271903}, "1": {"loss": 1.1127188546316964}, "2": {"loss": 1.401425497872489}}{"0": {"loss": 1.7420050757271903}, "1": {"loss": 1.1127188546316964}, "2": {"loss": 1.401425497872489}, "3": {"loss": 2.3192879813058034}}{"0": {"loss": 1.7420050757271903}, "1": {"loss": 1.1127188546316964}, "2": {"loss": 1.401425497872489}, "3": {"loss": 2.3192879813058034}, "4": {"loss": 0.6012819835117885}}{"0": {"loss": 1.7420050757271903}, "1": {"loss": 1.1127188546316964}, "2": {"loss": 1.401425497872489}, "3": {"loss": 2.3192879813058034}, "4": {"loss": 0.6012819835117885}, "5": {"loss": 1.9720238276890345}}{"0": {"loss": 1.7420050757271903}, "1": {"loss": 1.1127188546316964}, "2": {"loss": 1.401425497872489}, "3": {"loss": 2.3192879813058034}, "4": {"loss": 0.6012819835117885}, "5": {"loss": 1.9720238276890345}, "6": {"loss": 0.5597735473087856}}{"0": {"loss": 1.7420050757271903}, "1": {"loss": 1.1127188546316964}, "2": {"loss": 1.401425497872489}, "3": {"loss": 2.3192879813058034}, "4": {"loss": 0.6012819835117885}, "5": {"loss": 1.9720238276890345}, "6": {"loss": 0.5597735473087856}, "7": {"loss": 0.3142611299242292}}{"0": {"loss": 1.7420050757271903}, "1": {"loss": 1.1127188546316964}, "2": {"loss": 1.401425497872489}, "3": {"loss": 2.3192879813058034}, "4": {"loss": 0.6012819835117885}, "5": {"loss": 1.9720238276890345}, "6": {"loss": 0.5597735473087856}, "7": {"loss": 0.3142611299242292}, "8": {"loss": 0.41871629442487446}}{"0": {"loss": 1.7420050757271903}, "1": {"loss": 1.1127188546316964}, "2": {"loss": 1.401425497872489}, "3": {"loss": 2.3192879813058034}, "4": {"loss": 0.6012819835117885}, "5": {"loss": 1.9720238276890345}, "6": {"loss": 0.5597735473087856}, "7": {"loss": 0.3142611299242292}, "8": {"loss": 0.41871629442487446}, "9": {"loss": 0.45614698954990934}}