{"0": {"loss": 1.8840321132114954}}{"0": {"loss": 1.8840321132114954}, "1": {"loss": 1.0343788691929408}}{"0": {"loss": 1.8840321132114954}, "1": {"loss": 1.0343788691929408}, "2": {"loss": 0.5757436071123395}}{"0": {"loss": 1.8840321132114954}, "1": {"loss": 1.0343788691929408}, "2": {"loss": 0.5757436071123395}, "3": {"loss": 0.4124366896493094}}{"0": {"loss": 1.8840321132114954}, "1": {"loss": 1.0343788691929408}, "2": {"loss": 0.5757436071123395}, "3": {"loss": 0.4124366896493094}, "4": {"loss": 0.20272341796330043}}{"0": {"loss": 1.8840321132114954}, "1": {"loss": 1.0343788691929408}, "2": {"loss": 0.5757436071123395}, "3": {"loss": 0.4124366896493094}, "4": {"loss": 0.20272341796330043}, "5": {"loss": 0.1473628282546997}}{"0": {"loss": 1.8840321132114954}, "1": {"loss": 1.0343788691929408}, "2": {"loss": 0.5757436071123395}, "3": {"loss": 0.4124366896493094}, "4": {"loss": 0.20272341796330043}, "5": {"loss": 0.1473628282546997}, "6": {"loss": 0.06659615465572902}}{"0": {"loss": 1.8840321132114954}, "1": {"loss": 1.0343788691929408}, "2": {"loss": 0.5757436071123395}, "3": {"loss": 0.4124366896493094}, "4": {"loss": 0.20272341796330043}, "5": {"loss": 0.1473628282546997}, "6": {"loss": 0.06659615465572902}, "7": {"loss": 0.043782400233404975}}{"0": {"loss": 1.8840321132114954}, "1": {"loss": 1.0343788691929408}, "2": {"loss": 0.5757436071123395}, "3": {"loss": 0.4124366896493094}, "4": {"loss": 0.20272341796330043}, "5": {"loss": 0.1473628282546997}, "6": {"loss": 0.06659615465572902}, "7": {"loss": 0.043782400233404975}, "8": {"loss": 0.04712478177888053}}{"0": {"loss": 1.8840321132114954}, "1": {"loss": 1.0343788691929408}, "2": {"loss": 0.5757436071123395}, "3": {"loss": 0.4124366896493094}, "4": {"loss": 0.20272341796330043}, "5": {"loss": 0.1473628282546997}, "6": {"loss": 0.06659615465572902}, "7": {"loss": 0.043782400233404975}, "8": {"loss": 0.04712478177888053}, "9": {"loss": 0.019074508122035434}}