{"0": {"loss": 3.158388410295759}}{"0": {"loss": 3.158388410295759}, "1": {"loss": 2.782656260899135}}{"0": {"loss": 3.158388410295759}, "1": {"loss": 2.782656260899135}, "2": {"loss": 1.957364899771554}}{"0": {"loss": 3.158388410295759}, "1": {"loss": 2.782656260899135}, "2": {"loss": 1.957364899771554}, "3": {"loss": 0.9417962346758161}}{"0": {"loss": 3.158388410295759}, "1": {"loss": 2.782656260899135}, "2": {"loss": 1.957364899771554}, "3": {"loss": 0.9417962346758161}, "4": {"loss": 0.637453419821603}}{"0": {"loss": 3.158388410295759}, "1": {"loss": 2.782656260899135}, "2": {"loss": 1.957364899771554}, "3": {"loss": 0.9417962346758161}, "4": {"loss": 0.637453419821603}, "5": {"loss": 0.7327632904052734}}{"0": {"loss": 3.158388410295759}, "1": {"loss": 2.782656260899135}, "2": {"loss": 1.957364899771554}, "3": {"loss": 0.9417962346758161}, "4": {"loss": 0.637453419821603}, "5": {"loss": 0.7327632904052734}, "6": {"loss": 0.421121392931257}}{"0": {"loss": 3.158388410295759}, "1": {"loss": 2.782656260899135}, "2": {"loss": 1.957364899771554}, "3": {"loss": 0.9417962346758161}, "4": {"loss": 0.637453419821603}, "5": {"loss": 0.7327632904052734}, "6": {"loss": 0.421121392931257}, "7": {"loss": 1.6033998216901506}}{"0": {"loss": 3.158388410295759}, "1": {"loss": 2.782656260899135}, "2": {"loss": 1.957364899771554}, "3": {"loss": 0.9417962346758161}, "4": {"loss": 0.637453419821603}, "5": {"loss": 0.7327632904052734}, "6": {"loss": 0.421121392931257}, "7": {"loss": 1.6033998216901506}, "8": {"loss": 0.29254848616463797}}{"0": {"loss": 3.158388410295759}, "1": {"loss": 2.782656260899135}, "2": {"loss": 1.957364899771554}, "3": {"loss": 0.9417962346758161}, "4": {"loss": 0.637453419821603}, "5": {"loss": 0.7327632904052734}, "6": {"loss": 0.421121392931257}, "7": {"loss": 1.6033998216901506}, "8": {"loss": 0.29254848616463797}, "9": {"loss": 0.2848665884562901}}