{"0": {"loss": 2.694427490234375}}{"0": {"loss": 2.694427490234375}, "1": {"loss": 2.4988136291503906}}{"0": {"loss": 2.694427490234375}, "1": {"loss": 2.4988136291503906}, "2": {"loss": 1.185112816946847}}{"0": {"loss": 2.694427490234375}, "1": {"loss": 2.4988136291503906}, "2": {"loss": 1.185112816946847}, "3": {"loss": 0.7664352144513812}}{"0": {"loss": 2.694427490234375}, "1": {"loss": 2.4988136291503906}, "2": {"loss": 1.185112816946847}, "3": {"loss": 0.7664352144513812}, "4": {"loss": 0.7561373029436383}}{"0": {"loss": 2.694427490234375}, "1": {"loss": 2.4988136291503906}, "2": {"loss": 1.185112816946847}, "3": {"loss": 0.7664352144513812}, "4": {"loss": 0.7561373029436383}, "5": {"loss": 0.42942534174237934}}{"0": {"loss": 2.694427490234375}, "1": {"loss": 2.4988136291503906}, "2": {"loss": 1.185112816946847}, "3": {"loss": 0.7664352144513812}, "4": {"loss": 0.7561373029436383}, "5": {"loss": 0.42942534174237934}, "6": {"loss": 0.41405204364231657}}{"0": {"loss": 2.694427490234375}, "1": {"loss": 2.4988136291503906}, "2": {"loss": 1.185112816946847}, "3": {"loss": 0.7664352144513812}, "4": {"loss": 0.7561373029436383}, "5": {"loss": 0.42942534174237934}, "6": {"loss": 0.41405204364231657}, "7": {"loss": 0.5871609960283551}}{"0": {"loss": 2.694427490234375}, "1": {"loss": 2.4988136291503906}, "2": {"loss": 1.185112816946847}, "3": {"loss": 0.7664352144513812}, "4": {"loss": 0.7561373029436383}, "5": {"loss": 0.42942534174237934}, "6": {"loss": 0.41405204364231657}, "7": {"loss": 0.5871609960283551}, "8": {"loss": 0.5239218303135463}}{"0": {"loss": 2.694427490234375}, "1": {"loss": 2.4988136291503906}, "2": {"loss": 1.185112816946847}, "3": {"loss": 0.7664352144513812}, "4": {"loss": 0.7561373029436383}, "5": {"loss": 0.42942534174237934}, "6": {"loss": 0.41405204364231657}, "7": {"loss": 0.5871609960283551}, "8": {"loss": 0.5239218303135463}, "9": {"loss": 0.25751926217760357}}