{"0": {"loss": 1.843360355922154}}{"0": {"loss": 1.843360355922154}, "1": {"loss": 0.8443455014910016}}{"0": {"loss": 1.843360355922154}, "1": {"loss": 0.8443455014910016}, "2": {"loss": 0.5205568926674979}}{"0": {"loss": 1.843360355922154}, "1": {"loss": 0.8443455014910016}, "2": {"loss": 0.5205568926674979}, "3": {"loss": 0.31566180501665386}}{"0": {"loss": 1.843360355922154}, "1": {"loss": 0.8443455014910016}, "2": {"loss": 0.5205568926674979}, "3": {"loss": 0.31566180501665386}, "4": {"loss": 0.20202980722699845}}{"0": {"loss": 1.843360355922154}, "1": {"loss": 0.8443455014910016}, "2": {"loss": 0.5205568926674979}, "3": {"loss": 0.31566180501665386}, "4": {"loss": 0.20202980722699845}, "5": {"loss": 0.12625551223754883}}{"0": {"loss": 1.843360355922154}, "1": {"loss": 0.8443455014910016}, "2": {"loss": 0.5205568926674979}, "3": {"loss": 0.31566180501665386}, "4": {"loss": 0.20202980722699845}, "5": {"loss": 0.12625551223754883}, "6": {"loss": 0.09435141086578369}}{"0": {"loss": 1.843360355922154}, "1": {"loss": 0.8443455014910016}, "2": {"loss": 0.5205568926674979}, "3": {"loss": 0.31566180501665386}, "4": {"loss": 0.20202980722699845}, "5": {"loss": 0.12625551223754883}, "6": {"loss": 0.09435141086578369}, "7": {"loss": 0.05951849051884243}}{"0": {"loss": 1.843360355922154}, "1": {"loss": 0.8443455014910016}, "2": {"loss": 0.5205568926674979}, "3": {"loss": 0.31566180501665386}, "4": {"loss": 0.20202980722699845}, "5": {"loss": 0.12625551223754883}, "6": {"loss": 0.09435141086578369}, "7": {"loss": 0.05951849051884243}, "8": {"loss": 0.036914293255124776}}{"0": {"loss": 1.843360355922154}, "1": {"loss": 0.8443455014910016}, "2": {"loss": 0.5205568926674979}, "3": {"loss": 0.31566180501665386}, "4": {"loss": 0.20202980722699845}, "5": {"loss": 0.12625551223754883}, "6": {"loss": 0.09435141086578369}, "7": {"loss": 0.05951849051884243}, "8": {"loss": 0.036914293255124776}, "9": {"loss": 0.015258709234850747}}{"0": {"loss": 1.6907216480800085}}{"0": {"loss": 1.6907216480800085}, "1": {"loss": 0.9157122884477887}}{"0": {"loss": 1.6907216480800085}, "1": {"loss": 0.9157122884477887}, "2": {"loss": 0.6154360089983258}}{"0": {"loss": 1.6907216480800085}, "1": {"loss": 0.9157122884477887}, "2": {"loss": 0.6154360089983258}, "3": {"loss": 0.4013607842581613}}{"0": {"loss": 1.6907216480800085}, "1": {"loss": 0.9157122884477887}, "2": {"loss": 0.6154360089983258}, "3": {"loss": 0.4013607842581613}, "4": {"loss": 0.2077564001083374}}{"0": {"loss": 1.6907216480800085}, "1": {"loss": 0.9157122884477887}, "2": {"loss": 0.6154360089983258}, "3": {"loss": 0.4013607842581613}, "4": {"loss": 0.2077564001083374}, "5": {"loss": 0.0965380242892674}}{"0": {"loss": 1.6907216480800085}, "1": {"loss": 0.9157122884477887}, "2": {"loss": 0.6154360089983258}, "3": {"loss": 0.4013607842581613}, "4": {"loss": 0.2077564001083374}, "5": {"loss": 0.0965380242892674}, "6": {"loss": 0.07455173560551234}}{"0": {"loss": 1.6907216480800085}, "1": {"loss": 0.9157122884477887}, "2": {"loss": 0.6154360089983258}, "3": {"loss": 0.4013607842581613}, "4": {"loss": 0.2077564001083374}, "5": {"loss": 0.0965380242892674}, "6": {"loss": 0.07455173560551234}, "7": {"loss": 0.06052712457520621}}{"0": {"loss": 1.6907216480800085}, "1": {"loss": 0.9157122884477887}, "2": {"loss": 0.6154360089983258}, "3": {"loss": 0.4013607842581613}, "4": {"loss": 0.2077564001083374}, "5": {"loss": 0.0965380242892674}, "6": {"loss": 0.07455173560551234}, "7": {"loss": 0.06052712457520621}, "8": {"loss": 0.04499426058360508}}{"0": {"loss": 1.6907216480800085}, "1": {"loss": 0.9157122884477887}, "2": {"loss": 0.6154360089983258}, "3": {"loss": 0.4013607842581613}, "4": {"loss": 0.2077564001083374}, "5": {"loss": 0.0965380242892674}, "6": {"loss": 0.07455173560551234}, "7": {"loss": 0.06052712457520621}, "8": {"loss": 0.04499426058360508}, "9": {"loss": 0.025171850408826555}}