{"0": {"loss": 1.9525185993739538}}{"0": {"loss": 1.9525185993739538}, "1": {"loss": 1.3075881685529436}}{"0": {"loss": 1.9525185993739538}, "1": {"loss": 1.3075881685529436}, "2": {"loss": 0.8437367166791644}}{"0": {"loss": 1.9525185993739538}, "1": {"loss": 1.3075881685529436}, "2": {"loss": 0.8437367166791644}, "3": {"loss": 0.525641645703997}}{"0": {"loss": 1.9525185993739538}, "1": {"loss": 1.3075881685529436}, "2": {"loss": 0.8437367166791644}, "3": {"loss": 0.525641645703997}, "4": {"loss": 0.32783634322030203}}{"0": {"loss": 1.9525185993739538}, "1": {"loss": 1.3075881685529436}, "2": {"loss": 0.8437367166791644}, "3": {"loss": 0.525641645703997}, "4": {"loss": 0.32783634322030203}, "5": {"loss": 0.15742126532963344}}{"0": {"loss": 1.9525185993739538}, "1": {"loss": 1.3075881685529436}, "2": {"loss": 0.8437367166791644}, "3": {"loss": 0.525641645703997}, "4": {"loss": 0.32783634322030203}, "5": {"loss": 0.15742126532963344}, "6": {"loss": 0.09040641784667969}}{"0": {"loss": 1.9525185993739538}, "1": {"loss": 1.3075881685529436}, "2": {"loss": 0.8437367166791644}, "3": {"loss": 0.525641645703997}, "4": {"loss": 0.32783634322030203}, "5": {"loss": 0.15742126532963344}, "6": {"loss": 0.09040641784667969}, "7": {"loss": 0.054487058094569614}}{"0": {"loss": 1.9525185993739538}, "1": {"loss": 1.3075881685529436}, "2": {"loss": 0.8437367166791644}, "3": {"loss": 0.525641645703997}, "4": {"loss": 0.32783634322030203}, "5": {"loss": 0.15742126532963344}, "6": {"loss": 0.09040641784667969}, "7": {"loss": 0.054487058094569614}, "8": {"loss": 0.04616019555500576}}{"0": {"loss": 1.9525185993739538}, "1": {"loss": 1.3075881685529436}, "2": {"loss": 0.8437367166791644}, "3": {"loss": 0.525641645703997}, "4": {"loss": 0.32783634322030203}, "5": {"loss": 0.15742126532963344}, "6": {"loss": 0.09040641784667969}, "7": {"loss": 0.054487058094569614}, "8": {"loss": 0.04616019555500576}, "9": {"loss": 0.02510122741971697}}