{"0": {"loss": 1.8958560398646764}}{"0": {"loss": 1.8958560398646764}, "1": {"loss": 0.9959260395595005}}{"0": {"loss": 1.8958560398646764}, "1": {"loss": 0.9959260395595005}, "2": {"loss": 0.6651218959263393}}{"0": {"loss": 1.8958560398646764}, "1": {"loss": 0.9959260395595005}, "2": {"loss": 0.6651218959263393}, "3": {"loss": 0.47641083172389437}}{"0": {"loss": 1.8958560398646764}, "1": {"loss": 0.9959260395595005}, "2": {"loss": 0.6651218959263393}, "3": {"loss": 0.47641083172389437}, "4": {"loss": 0.30221561023167204}}{"0": {"loss": 1.8958560398646764}, "1": {"loss": 0.9959260395595005}, "2": {"loss": 0.6651218959263393}, "3": {"loss": 0.47641083172389437}, "4": {"loss": 0.30221561023167204}, "5": {"loss": 0.18086579867771693}}{"0": {"loss": 1.8958560398646764}, "1": {"loss": 0.9959260395595005}, "2": {"loss": 0.6651218959263393}, "3": {"loss": 0.47641083172389437}, "4": {"loss": 0.30221561023167204}, "5": {"loss": 0.18086579867771693}, "6": {"loss": 0.0801147733415876}}{"0": {"loss": 1.8958560398646764}, "1": {"loss": 0.9959260395595005}, "2": {"loss": 0.6651218959263393}, "3": {"loss": 0.47641083172389437}, "4": {"loss": 0.30221561023167204}, "5": {"loss": 0.18086579867771693}, "6": {"loss": 0.0801147733415876}, "7": {"loss": 0.06247471060071673}}{"0": {"loss": 1.8958560398646764}, "1": {"loss": 0.9959260395595005}, "2": {"loss": 0.6651218959263393}, "3": {"loss": 0.47641083172389437}, "4": {"loss": 0.30221561023167204}, "5": {"loss": 0.18086579867771693}, "6": {"loss": 0.0801147733415876}, "7": {"loss": 0.06247471060071673}, "8": {"loss": 0.07056683727673121}}{"0": {"loss": 1.8958560398646764}, "1": {"loss": 0.9959260395595005}, "2": {"loss": 0.6651218959263393}, "3": {"loss": 0.47641083172389437}, "4": {"loss": 0.30221561023167204}, "5": {"loss": 0.18086579867771693}, "6": {"loss": 0.0801147733415876}, "7": {"loss": 0.06247471060071673}, "8": {"loss": 0.07056683727673121}, "9": {"loss": 0.06083719219480242}}