{"0": {"loss": 2.1731108256748746}}{"0": {"loss": 2.1731108256748746}, "1": {"loss": 1.4316562925066267}}{"0": {"loss": 2.1731108256748746}, "1": {"loss": 1.4316562925066267}, "2": {"loss": 0.8204089573451451}}{"0": {"loss": 2.1731108256748746}, "1": {"loss": 1.4316562925066267}, "2": {"loss": 0.8204089573451451}, "3": {"loss": 0.5264384065355573}}{"0": {"loss": 2.1731108256748746}, "1": {"loss": 1.4316562925066267}, "2": {"loss": 0.8204089573451451}, "3": {"loss": 0.5264384065355573}, "4": {"loss": 0.26997038296290804}}{"0": {"loss": 2.1731108256748746}, "1": {"loss": 1.4316562925066267}, "2": {"loss": 0.8204089573451451}, "3": {"loss": 0.5264384065355573}, "4": {"loss": 0.26997038296290804}, "5": {"loss": 0.18899735382625035}}{"0": {"loss": 2.1731108256748746}, "1": {"loss": 1.4316562925066267}, "2": {"loss": 0.8204089573451451}, "3": {"loss": 0.5264384065355573}, "4": {"loss": 0.26997038296290804}, "5": {"loss": 0.18899735382625035}, "6": {"loss": 0.12188073566981725}}{"0": {"loss": 2.1731108256748746}, "1": {"loss": 1.4316562925066267}, "2": {"loss": 0.8204089573451451}, "3": {"loss": 0.5264384065355573}, "4": {"loss": 0.26997038296290804}, "5": {"loss": 0.18899735382625035}, "6": {"loss": 0.12188073566981725}, "7": {"loss": 0.09176206588745117}}{"0": {"loss": 2.1731108256748746}, "1": {"loss": 1.4316562925066267}, "2": {"loss": 0.8204089573451451}, "3": {"loss": 0.5264384065355573}, "4": {"loss": 0.26997038296290804}, "5": {"loss": 0.18899735382625035}, "6": {"loss": 0.12188073566981725}, "7": {"loss": 0.09176206588745117}, "8": {"loss": 0.06935581990650722}}{"0": {"loss": 2.1731108256748746}, "1": {"loss": 1.4316562925066267}, "2": {"loss": 0.8204089573451451}, "3": {"loss": 0.5264384065355573}, "4": {"loss": 0.26997038296290804}, "5": {"loss": 0.18899735382625035}, "6": {"loss": 0.12188073566981725}, "7": {"loss": 0.09176206588745117}, "8": {"loss": 0.06935581990650722}, "9": {"loss": 0.038689064128058295}}{"0": {"loss": 2.0476818084716797}}{"0": {"loss": 2.0476818084716797}, "1": {"loss": 1.286874226161412}}{"0": {"loss": 2.0476818084716797}, "1": {"loss": 1.286874226161412}, "2": {"loss": 0.8424363136291504}}{"0": {"loss": 2.0476818084716797}, "1": {"loss": 1.286874226161412}, "2": {"loss": 0.8424363136291504}, "3": {"loss": 0.44885322025844027}}{"0": {"loss": 2.0476818084716797}, "1": {"loss": 1.286874226161412}, "2": {"loss": 0.8424363136291504}, "3": {"loss": 0.44885322025844027}, "4": {"loss": 0.33695885113307406}}{"0": {"loss": 2.0476818084716797}, "1": {"loss": 1.286874226161412}, "2": {"loss": 0.8424363136291504}, "3": {"loss": 0.44885322025844027}, "4": {"loss": 0.33695885113307406}, "5": {"loss": 0.22440440314156668}}{"0": {"loss": 2.0476818084716797}, "1": {"loss": 1.286874226161412}, "2": {"loss": 0.8424363136291504}, "3": {"loss": 0.44885322025844027}, "4": {"loss": 0.33695885113307406}, "5": {"loss": 0.22440440314156668}, "6": {"loss": 0.13590877396719797}}{"0": {"loss": 2.0476818084716797}, "1": {"loss": 1.286874226161412}, "2": {"loss": 0.8424363136291504}, "3": {"loss": 0.44885322025844027}, "4": {"loss": 0.33695885113307406}, "5": {"loss": 0.22440440314156668}, "6": {"loss": 0.13590877396719797}, "7": {"loss": 0.1688939332962036}}{"0": {"loss": 2.0476818084716797}, "1": {"loss": 1.286874226161412}, "2": {"loss": 0.8424363136291504}, "3": {"loss": 0.44885322025844027}, "4": {"loss": 0.33695885113307406}, "5": {"loss": 0.22440440314156668}, "6": {"loss": 0.13590877396719797}, "7": {"loss": 0.1688939332962036}, "8": {"loss": 0.10014812435422625}}{"0": {"loss": 2.0476818084716797}, "1": {"loss": 1.286874226161412}, "2": {"loss": 0.8424363136291504}, "3": {"loss": 0.44885322025844027}, "4": {"loss": 0.33695885113307406}, "5": {"loss": 0.22440440314156668}, "6": {"loss": 0.13590877396719797}, "7": {"loss": 0.1688939332962036}, "8": {"loss": 0.10014812435422625}, "9": {"loss": 0.04565227883202689}}