{"0": {"loss": 2.095970562526158}}{"0": {"loss": 2.095970562526158}, "1": {"loss": 1.5369295392717635}}{"0": {"loss": 2.095970562526158}, "1": {"loss": 1.5369295392717635}, "2": {"loss": 1.0809170178004675}}{"0": {"loss": 2.095970562526158}, "1": {"loss": 1.5369295392717635}, "2": {"loss": 1.0809170178004675}, "3": {"loss": 0.7122909682137626}}{"0": {"loss": 2.095970562526158}, "1": {"loss": 1.5369295392717635}, "2": {"loss": 1.0809170178004675}, "3": {"loss": 0.7122909682137626}, "4": {"loss": 0.44018724986485075}}{"0": {"loss": 2.095970562526158}, "1": {"loss": 1.5369295392717635}, "2": {"loss": 1.0809170178004675}, "3": {"loss": 0.7122909682137626}, "4": {"loss": 0.44018724986485075}, "5": {"loss": 0.24100869042532785}}{"0": {"loss": 2.095970562526158}, "1": {"loss": 1.5369295392717635}, "2": {"loss": 1.0809170178004675}, "3": {"loss": 0.7122909682137626}, "4": {"loss": 0.44018724986485075}, "5": {"loss": 0.24100869042532785}, "6": {"loss": 0.10164749622344971}}{"0": {"loss": 2.095970562526158}, "1": {"loss": 1.5369295392717635}, "2": {"loss": 1.0809170178004675}, "3": {"loss": 0.7122909682137626}, "4": {"loss": 0.44018724986485075}, "5": {"loss": 0.24100869042532785}, "6": {"loss": 0.10164749622344971}, "7": {"loss": 0.054568665368216376}}{"0": {"loss": 2.095970562526158}, "1": {"loss": 1.5369295392717635}, "2": {"loss": 1.0809170178004675}, "3": {"loss": 0.7122909682137626}, "4": {"loss": 0.44018724986485075}, "5": {"loss": 0.24100869042532785}, "6": {"loss": 0.10164749622344971}, "7": {"loss": 0.054568665368216376}, "8": {"loss": 0.042097432272774835}}{"0": {"loss": 2.095970562526158}, "1": {"loss": 1.5369295392717635}, "2": {"loss": 1.0809170178004675}, "3": {"loss": 0.7122909682137626}, "4": {"loss": 0.44018724986485075}, "5": {"loss": 0.24100869042532785}, "6": {"loss": 0.10164749622344971}, "7": {"loss": 0.054568665368216376}, "8": {"loss": 0.042097432272774835}, "9": {"loss": 0.03734635029520307}}