{"0": {"loss": 2.1376966748918806}}{"0": {"loss": 2.1376966748918806}, "1": {"loss": 1.9582215717860632}}{"0": {"loss": 2.1376966748918806}, "1": {"loss": 1.9582215717860632}, "2": {"loss": 1.7322886330740792}}{"0": {"loss": 2.1376966748918806}, "1": {"loss": 1.9582215717860632}, "2": {"loss": 1.7322886330740792}, "3": {"loss": 1.4824504852294922}}{"0": {"loss": 2.1376966748918806}, "1": {"loss": 1.9582215717860632}, "2": {"loss": 1.7322886330740792}, "3": {"loss": 1.4824504852294922}, "4": {"loss": 1.1511263166155135}}{"0": {"loss": 2.1376966748918806}, "1": {"loss": 1.9582215717860632}, "2": {"loss": 1.7322886330740792}, "3": {"loss": 1.4824504852294922}, "4": {"loss": 1.1511263166155135}, "5": {"loss": 0.8884078434535435}}{"0": {"loss": 2.1376966748918806}, "1": {"loss": 1.9582215717860632}, "2": {"loss": 1.7322886330740792}, "3": {"loss": 1.4824504852294922}, "4": {"loss": 1.1511263166155135}, "5": {"loss": 0.8884078434535435}, "6": {"loss": 0.6377137729099819}}{"0": {"loss": 2.1376966748918806}, "1": {"loss": 1.9582215717860632}, "2": {"loss": 1.7322886330740792}, "3": {"loss": 1.4824504852294922}, "4": {"loss": 1.1511263166155135}, "5": {"loss": 0.8884078434535435}, "6": {"loss": 0.6377137729099819}, "7": {"loss": 0.4586290291377476}}{"0": {"loss": 2.1376966748918806}, "1": {"loss": 1.9582215717860632}, "2": {"loss": 1.7322886330740792}, "3": {"loss": 1.4824504852294922}, "4": {"loss": 1.1511263166155135}, "5": {"loss": 0.8884078434535435}, "6": {"loss": 0.6377137729099819}, "7": {"loss": 0.4586290291377476}, "8": {"loss": 0.3210585457938058}}{"0": {"loss": 2.1376966748918806}, "1": {"loss": 1.9582215717860632}, "2": {"loss": 1.7322886330740792}, "3": {"loss": 1.4824504852294922}, "4": {"loss": 1.1511263166155135}, "5": {"loss": 0.8884078434535435}, "6": {"loss": 0.6377137729099819}, "7": {"loss": 0.4586290291377476}, "8": {"loss": 0.3210585457938058}, "9": {"loss": 0.19619185583932058}}