{"0": {"loss": 2.0698479243687222}}{"0": {"loss": 2.0698479243687222}, "1": {"loss": 1.710550035749163}}{"0": {"loss": 2.0698479243687222}, "1": {"loss": 1.710550035749163}, "2": {"loss": 1.2459704535348075}}{"0": {"loss": 2.0698479243687222}, "1": {"loss": 1.710550035749163}, "2": {"loss": 1.2459704535348075}, "3": {"loss": 0.9061509541102818}}{"0": {"loss": 2.0698479243687222}, "1": {"loss": 1.710550035749163}, "2": {"loss": 1.2459704535348075}, "3": {"loss": 0.9061509541102818}, "4": {"loss": 0.634601252419608}}{"0": {"loss": 2.0698479243687222}, "1": {"loss": 1.710550035749163}, "2": {"loss": 1.2459704535348075}, "3": {"loss": 0.9061509541102818}, "4": {"loss": 0.634601252419608}, "5": {"loss": 0.3824943814958845}}{"0": {"loss": 2.0698479243687222}, "1": {"loss": 1.710550035749163}, "2": {"loss": 1.2459704535348075}, "3": {"loss": 0.9061509541102818}, "4": {"loss": 0.634601252419608}, "5": {"loss": 0.3824943814958845}, "6": {"loss": 0.16556969710758754}}{"0": {"loss": 2.0698479243687222}, "1": {"loss": 1.710550035749163}, "2": {"loss": 1.2459704535348075}, "3": {"loss": 0.9061509541102818}, "4": {"loss": 0.634601252419608}, "5": {"loss": 0.3824943814958845}, "6": {"loss": 0.16556969710758754}, "7": {"loss": 0.09587715353284564}}{"0": {"loss": 2.0698479243687222}, "1": {"loss": 1.710550035749163}, "2": {"loss": 1.2459704535348075}, "3": {"loss": 0.9061509541102818}, "4": {"loss": 0.634601252419608}, "5": {"loss": 0.3824943814958845}, "6": {"loss": 0.16556969710758754}, "7": {"loss": 0.09587715353284564}, "8": {"loss": 0.06559065410069057}}{"0": {"loss": 2.0698479243687222}, "1": {"loss": 1.710550035749163}, "2": {"loss": 1.2459704535348075}, "3": {"loss": 0.9061509541102818}, "4": {"loss": 0.634601252419608}, "5": {"loss": 0.3824943814958845}, "6": {"loss": 0.16556969710758754}, "7": {"loss": 0.09587715353284564}, "8": {"loss": 0.06559065410069057}, "9": {"loss": 0.04866554907390049}}