{"0": {"loss": 2.2450156893048967}}{"0": {"loss": 2.2450156893048967}, "1": {"loss": 1.8880901336669922}}{"0": {"loss": 2.2450156893048967}, "1": {"loss": 1.8880901336669922}, "2": {"loss": 1.5572631018502372}}{"0": {"loss": 2.2450156893048967}, "1": {"loss": 1.8880901336669922}, "2": {"loss": 1.5572631018502372}, "3": {"loss": 1.2218836375645228}}{"0": {"loss": 2.2450156893048967}, "1": {"loss": 1.8880901336669922}, "2": {"loss": 1.5572631018502372}, "3": {"loss": 1.2218836375645228}, "4": {"loss": 0.9598656381879535}}{"0": {"loss": 2.2450156893048967}, "1": {"loss": 1.8880901336669922}, "2": {"loss": 1.5572631018502372}, "3": {"loss": 1.2218836375645228}, "4": {"loss": 0.9598656381879535}, "5": {"loss": 0.7208291462489537}}{"0": {"loss": 2.2450156893048967}, "1": {"loss": 1.8880901336669922}, "2": {"loss": 1.5572631018502372}, "3": {"loss": 1.2218836375645228}, "4": {"loss": 0.9598656381879535}, "5": {"loss": 0.7208291462489537}, "6": {"loss": 0.5495000566755023}}{"0": {"loss": 2.2450156893048967}, "1": {"loss": 1.8880901336669922}, "2": {"loss": 1.5572631018502372}, "3": {"loss": 1.2218836375645228}, "4": {"loss": 0.9598656381879535}, "5": {"loss": 0.7208291462489537}, "6": {"loss": 0.5495000566755023}, "7": {"loss": 0.42826032638549805}}{"0": {"loss": 2.2450156893048967}, "1": {"loss": 1.8880901336669922}, "2": {"loss": 1.5572631018502372}, "3": {"loss": 1.2218836375645228}, "4": {"loss": 0.9598656381879535}, "5": {"loss": 0.7208291462489537}, "6": {"loss": 0.5495000566755023}, "7": {"loss": 0.42826032638549805}, "8": {"loss": 0.2961827686854771}}{"0": {"loss": 2.2450156893048967}, "1": {"loss": 1.8880901336669922}, "2": {"loss": 1.5572631018502372}, "3": {"loss": 1.2218836375645228}, "4": {"loss": 0.9598656381879535}, "5": {"loss": 0.7208291462489537}, "6": {"loss": 0.5495000566755023}, "7": {"loss": 0.42826032638549805}, "8": {"loss": 0.2961827686854771}, "9": {"loss": 0.17433011531829834}}