{"0": {"loss": 2.27117007119315}}{"0": {"loss": 2.27117007119315}, "1": {"loss": 2.0431037630353654}}{"0": {"loss": 2.27117007119315}, "1": {"loss": 2.0431037630353654}, "2": {"loss": 1.8434239796229772}}{"0": {"loss": 2.27117007119315}, "1": {"loss": 2.0431037630353654}, "2": {"loss": 1.8434239796229772}, "3": {"loss": 1.6063707896641322}}{"0": {"loss": 2.27117007119315}, "1": {"loss": 2.0431037630353654}, "2": {"loss": 1.8434239796229772}, "3": {"loss": 1.6063707896641322}, "4": {"loss": 1.3545920508248466}}{"0": {"loss": 2.27117007119315}, "1": {"loss": 2.0431037630353654}, "2": {"loss": 1.8434239796229772}, "3": {"loss": 1.6063707896641322}, "4": {"loss": 1.3545920508248466}, "5": {"loss": 1.0725702558244978}}{"0": {"loss": 2.27117007119315}, "1": {"loss": 2.0431037630353654}, "2": {"loss": 1.8434239796229772}, "3": {"loss": 1.6063707896641322}, "4": {"loss": 1.3545920508248466}, "5": {"loss": 1.0725702558244978}, "6": {"loss": 0.8509785107203892}}{"0": {"loss": 2.27117007119315}, "1": {"loss": 2.0431037630353654}, "2": {"loss": 1.8434239796229772}, "3": {"loss": 1.6063707896641322}, "4": {"loss": 1.3545920508248466}, "5": {"loss": 1.0725702558244978}, "6": {"loss": 0.8509785107203892}, "7": {"loss": 0.6531658172607422}}{"0": {"loss": 2.27117007119315}, "1": {"loss": 2.0431037630353654}, "2": {"loss": 1.8434239796229772}, "3": {"loss": 1.6063707896641322}, "4": {"loss": 1.3545920508248466}, "5": {"loss": 1.0725702558244978}, "6": {"loss": 0.8509785107203892}, "7": {"loss": 0.6531658172607422}, "8": {"loss": 0.5042688846588135}}{"0": {"loss": 2.27117007119315}, "1": {"loss": 2.0431037630353654}, "2": {"loss": 1.8434239796229772}, "3": {"loss": 1.6063707896641322}, "4": {"loss": 1.3545920508248466}, "5": {"loss": 1.0725702558244978}, "6": {"loss": 0.8509785107203892}, "7": {"loss": 0.6531658172607422}, "8": {"loss": 0.5042688846588135}, "9": {"loss": 0.3465184824807303}}