{"0": {"loss": 2.044163295200893}}{"0": {"loss": 2.044163295200893}, "1": {"loss": 1.431161335536412}}{"0": {"loss": 2.044163295200893}, "1": {"loss": 1.431161335536412}, "2": {"loss": 0.8988430840628487}}{"0": {"loss": 2.044163295200893}, "1": {"loss": 1.431161335536412}, "2": {"loss": 0.8988430840628487}, "3": {"loss": 0.4739195278712681}}{"0": {"loss": 2.044163295200893}, "1": {"loss": 1.431161335536412}, "2": {"loss": 0.8988430840628487}, "3": {"loss": 0.4739195278712681}, "4": {"loss": 0.30894330569675993}}{"0": {"loss": 2.044163295200893}, "1": {"loss": 1.431161335536412}, "2": {"loss": 0.8988430840628487}, "3": {"loss": 0.4739195278712681}, "4": {"loss": 0.30894330569675993}, "5": {"loss": 0.1971888542175293}}{"0": {"loss": 2.044163295200893}, "1": {"loss": 1.431161335536412}, "2": {"loss": 0.8988430840628487}, "3": {"loss": 0.4739195278712681}, "4": {"loss": 0.30894330569675993}, "5": {"loss": 0.1971888542175293}, "6": {"loss": 0.07364167485918317}}{"0": {"loss": 2.044163295200893}, "1": {"loss": 1.431161335536412}, "2": {"loss": 0.8988430840628487}, "3": {"loss": 0.4739195278712681}, "4": {"loss": 0.30894330569675993}, "5": {"loss": 0.1971888542175293}, "6": {"loss": 0.07364167485918317}, "7": {"loss": 0.05652420861380441}}{"0": {"loss": 2.044163295200893}, "1": {"loss": 1.431161335536412}, "2": {"loss": 0.8988430840628487}, "3": {"loss": 0.4739195278712681}, "4": {"loss": 0.30894330569675993}, "5": {"loss": 0.1971888542175293}, "6": {"loss": 0.07364167485918317}, "7": {"loss": 0.05652420861380441}, "8": {"loss": 0.03585424593516758}}{"0": {"loss": 2.044163295200893}, "1": {"loss": 1.431161335536412}, "2": {"loss": 0.8988430840628487}, "3": {"loss": 0.4739195278712681}, "4": {"loss": 0.30894330569675993}, "5": {"loss": 0.1971888542175293}, "6": {"loss": 0.07364167485918317}, "7": {"loss": 0.05652420861380441}, "8": {"loss": 0.03585424593516758}, "9": {"loss": 0.023637946162905012}}