{"0": {"loss": 1.6944029671805245}}{"0": {"loss": 1.6944029671805245}, "1": {"loss": 0.7674046925136021}}{"0": {"loss": 1.6944029671805245}, "1": {"loss": 0.7674046925136021}, "2": {"loss": 0.498490503856114}}{"0": {"loss": 1.6944029671805245}, "1": {"loss": 0.7674046925136021}, "2": {"loss": 0.498490503856114}, "3": {"loss": 0.37864504541669575}}{"0": {"loss": 1.6944029671805245}, "1": {"loss": 0.7674046925136021}, "2": {"loss": 0.498490503856114}, "3": {"loss": 0.37864504541669575}, "4": {"loss": 0.16055754252842494}}{"0": {"loss": 1.6944029671805245}, "1": {"loss": 0.7674046925136021}, "2": {"loss": 0.498490503856114}, "3": {"loss": 0.37864504541669575}, "4": {"loss": 0.16055754252842494}, "5": {"loss": 0.137577942439488}}{"0": {"loss": 1.6944029671805245}, "1": {"loss": 0.7674046925136021}, "2": {"loss": 0.498490503856114}, "3": {"loss": 0.37864504541669575}, "4": {"loss": 0.16055754252842494}, "5": {"loss": 0.137577942439488}, "6": {"loss": 0.0710939850125994}}{"0": {"loss": 1.6944029671805245}, "1": {"loss": 0.7674046925136021}, "2": {"loss": 0.498490503856114}, "3": {"loss": 0.37864504541669575}, "4": {"loss": 0.16055754252842494}, "5": {"loss": 0.137577942439488}, "6": {"loss": 0.0710939850125994}, "7": {"loss": 0.06882178783416748}}{"0": {"loss": 1.6944029671805245}, "1": {"loss": 0.7674046925136021}, "2": {"loss": 0.498490503856114}, "3": {"loss": 0.37864504541669575}, "4": {"loss": 0.16055754252842494}, "5": {"loss": 0.137577942439488}, "6": {"loss": 0.0710939850125994}, "7": {"loss": 0.06882178783416748}, "8": {"loss": 0.07530566624232701}}{"0": {"loss": 1.6944029671805245}, "1": {"loss": 0.7674046925136021}, "2": {"loss": 0.498490503856114}, "3": {"loss": 0.37864504541669575}, "4": {"loss": 0.16055754252842494}, "5": {"loss": 0.137577942439488}, "6": {"loss": 0.0710939850125994}, "7": {"loss": 0.06882178783416748}, "8": {"loss": 0.07530566624232701}, "9": {"loss": 0.037604732172829766}}