{"0": {"loss": 2.5098579951695035}}{"0": {"loss": 2.5098579951695035}, "1": {"loss": 3.415743146623884}}{"0": {"loss": 2.5098579951695035}, "1": {"loss": 3.415743146623884}, "2": {"loss": 2.6659107208251953}}{"0": {"loss": 2.5098579951695035}, "1": {"loss": 3.415743146623884}, "2": {"loss": 2.6659107208251953}, "3": {"loss": 1.770702634538923}}{"0": {"loss": 2.5098579951695035}, "1": {"loss": 3.415743146623884}, "2": {"loss": 2.6659107208251953}, "3": {"loss": 1.770702634538923}, "4": {"loss": 1.3509330749511719}}{"0": {"loss": 2.5098579951695035}, "1": {"loss": 3.415743146623884}, "2": {"loss": 2.6659107208251953}, "3": {"loss": 1.770702634538923}, "4": {"loss": 1.3509330749511719}, "5": {"loss": 0.9149917193821498}}{"0": {"loss": 2.5098579951695035}, "1": {"loss": 3.415743146623884}, "2": {"loss": 2.6659107208251953}, "3": {"loss": 1.770702634538923}, "4": {"loss": 1.3509330749511719}, "5": {"loss": 0.9149917193821498}, "6": {"loss": 0.5869221006120954}}{"0": {"loss": 2.5098579951695035}, "1": {"loss": 3.415743146623884}, "2": {"loss": 2.6659107208251953}, "3": {"loss": 1.770702634538923}, "4": {"loss": 1.3509330749511719}, "5": {"loss": 0.9149917193821498}, "6": {"loss": 0.5869221006120954}, "7": {"loss": 0.6132798876081195}}{"0": {"loss": 2.5098579951695035}, "1": {"loss": 3.415743146623884}, "2": {"loss": 2.6659107208251953}, "3": {"loss": 1.770702634538923}, "4": {"loss": 1.3509330749511719}, "5": {"loss": 0.9149917193821498}, "6": {"loss": 0.5869221006120954}, "7": {"loss": 0.6132798876081195}, "8": {"loss": 0.7321837288992745}}{"0": {"loss": 2.5098579951695035}, "1": {"loss": 3.415743146623884}, "2": {"loss": 2.6659107208251953}, "3": {"loss": 1.770702634538923}, "4": {"loss": 1.3509330749511719}, "5": {"loss": 0.9149917193821498}, "6": {"loss": 0.5869221006120954}, "7": {"loss": 0.6132798876081195}, "8": {"loss": 0.7321837288992745}, "9": {"loss": 0.6717004094805036}}