{"0": {"loss": 3.9480457305908203}}{"0": {"loss": 3.9480457305908203}, "1": {"loss": 6.071123395647321}}{"0": {"loss": 3.9480457305908203}, "1": {"loss": 6.071123395647321}, "2": {"loss": 3.484889711652483}}{"0": {"loss": 3.9480457305908203}, "1": {"loss": 6.071123395647321}, "2": {"loss": 3.484889711652483}, "3": {"loss": 4.3500229971749445}}{"0": {"loss": 3.9480457305908203}, "1": {"loss": 6.071123395647321}, "2": {"loss": 3.484889711652483}, "3": {"loss": 4.3500229971749445}, "4": {"loss": 2.8655188424246654}}{"0": {"loss": 3.9480457305908203}, "1": {"loss": 6.071123395647321}, "2": {"loss": 3.484889711652483}, "3": {"loss": 4.3500229971749445}, "4": {"loss": 2.8655188424246654}, "5": {"loss": 6.177887507847378}}{"0": {"loss": 3.9480457305908203}, "1": {"loss": 6.071123395647321}, "2": {"loss": 3.484889711652483}, "3": {"loss": 4.3500229971749445}, "4": {"loss": 2.8655188424246654}, "5": {"loss": 6.177887507847378}, "6": {"loss": 8.326773507254464}}{"0": {"loss": 3.9480457305908203}, "1": {"loss": 6.071123395647321}, "2": {"loss": 3.484889711652483}, "3": {"loss": 4.3500229971749445}, "4": {"loss": 2.8655188424246654}, "5": {"loss": 6.177887507847378}, "6": {"loss": 8.326773507254464}, "7": {"loss": 8.266665867396764}}{"0": {"loss": 3.9480457305908203}, "1": {"loss": 6.071123395647321}, "2": {"loss": 3.484889711652483}, "3": {"loss": 4.3500229971749445}, "4": {"loss": 2.8655188424246654}, "5": {"loss": 6.177887507847378}, "6": {"loss": 8.326773507254464}, "7": {"loss": 8.266665867396764}, "8": {"loss": 6.352834974016462}}{"0": {"loss": 3.9480457305908203}, "1": {"loss": 6.071123395647321}, "2": {"loss": 3.484889711652483}, "3": {"loss": 4.3500229971749445}, "4": {"loss": 2.8655188424246654}, "5": {"loss": 6.177887507847378}, "6": {"loss": 8.326773507254464}, "7": {"loss": 8.266665867396764}, "8": {"loss": 6.352834974016462}, "9": {"loss": 5.9253354753766745}}