{"0": {"loss": 1.9159812927246094}}{"0": {"loss": 1.9159812927246094}, "1": {"loss": 1.1180203301565987}}{"0": {"loss": 1.9159812927246094}, "1": {"loss": 1.1180203301565987}, "2": {"loss": 0.6417344638279506}}{"0": {"loss": 1.9159812927246094}, "1": {"loss": 1.1180203301565987}, "2": {"loss": 0.6417344638279506}, "3": {"loss": 0.34225715909685406}}{"0": {"loss": 1.9159812927246094}, "1": {"loss": 1.1180203301565987}, "2": {"loss": 0.6417344638279506}, "3": {"loss": 0.34225715909685406}, "4": {"loss": 0.2595716544560024}}{"0": {"loss": 1.9159812927246094}, "1": {"loss": 1.1180203301565987}, "2": {"loss": 0.6417344638279506}, "3": {"loss": 0.34225715909685406}, "4": {"loss": 0.2595716544560024}, "5": {"loss": 0.14187316383634294}}{"0": {"loss": 1.9159812927246094}, "1": {"loss": 1.1180203301565987}, "2": {"loss": 0.6417344638279506}, "3": {"loss": 0.34225715909685406}, "4": {"loss": 0.2595716544560024}, "5": {"loss": 0.14187316383634294}, "6": {"loss": 0.05898557390485491}}{"0": {"loss": 1.9159812927246094}, "1": {"loss": 1.1180203301565987}, "2": {"loss": 0.6417344638279506}, "3": {"loss": 0.34225715909685406}, "4": {"loss": 0.2595716544560024}, "5": {"loss": 0.14187316383634294}, "6": {"loss": 0.05898557390485491}, "7": {"loss": 0.051381932837622504}}{"0": {"loss": 1.9159812927246094}, "1": {"loss": 1.1180203301565987}, "2": {"loss": 0.6417344638279506}, "3": {"loss": 0.34225715909685406}, "4": {"loss": 0.2595716544560024}, "5": {"loss": 0.14187316383634294}, "6": {"loss": 0.05898557390485491}, "7": {"loss": 0.051381932837622504}, "8": {"loss": 0.06316195215497698}}{"0": {"loss": 1.9159812927246094}, "1": {"loss": 1.1180203301565987}, "2": {"loss": 0.6417344638279506}, "3": {"loss": 0.34225715909685406}, "4": {"loss": 0.2595716544560024}, "5": {"loss": 0.14187316383634294}, "6": {"loss": 0.05898557390485491}, "7": {"loss": 0.051381932837622504}, "8": {"loss": 0.06316195215497698}, "9": {"loss": 0.055527874401637485}}