{"0": {"loss": 2.1029555456978932}}{"0": {"loss": 2.1029555456978932}, "1": {"loss": 1.834371703011649}}{"0": {"loss": 2.1029555456978932}, "1": {"loss": 1.834371703011649}, "2": {"loss": 1.5245933532714844}}{"0": {"loss": 2.1029555456978932}, "1": {"loss": 1.834371703011649}, "2": {"loss": 1.5245933532714844}, "3": {"loss": 1.1656342915126257}}{"0": {"loss": 2.1029555456978932}, "1": {"loss": 1.834371703011649}, "2": {"loss": 1.5245933532714844}, "3": {"loss": 1.1656342915126257}, "4": {"loss": 0.845160688672747}}{"0": {"loss": 2.1029555456978932}, "1": {"loss": 1.834371703011649}, "2": {"loss": 1.5245933532714844}, "3": {"loss": 1.1656342915126257}, "4": {"loss": 0.845160688672747}, "5": {"loss": 0.5685560362679618}}{"0": {"loss": 2.1029555456978932}, "1": {"loss": 1.834371703011649}, "2": {"loss": 1.5245933532714844}, "3": {"loss": 1.1656342915126257}, "4": {"loss": 0.845160688672747}, "5": {"loss": 0.5685560362679618}, "6": {"loss": 0.3572653702327183}}{"0": {"loss": 2.1029555456978932}, "1": {"loss": 1.834371703011649}, "2": {"loss": 1.5245933532714844}, "3": {"loss": 1.1656342915126257}, "4": {"loss": 0.845160688672747}, "5": {"loss": 0.5685560362679618}, "6": {"loss": 0.3572653702327183}, "7": {"loss": 0.21789213589259557}}{"0": {"loss": 2.1029555456978932}, "1": {"loss": 1.834371703011649}, "2": {"loss": 1.5245933532714844}, "3": {"loss": 1.1656342915126257}, "4": {"loss": 0.845160688672747}, "5": {"loss": 0.5685560362679618}, "6": {"loss": 0.3572653702327183}, "7": {"loss": 0.21789213589259557}, "8": {"loss": 0.16455938134874618}}{"0": {"loss": 2.1029555456978932}, "1": {"loss": 1.834371703011649}, "2": {"loss": 1.5245933532714844}, "3": {"loss": 1.1656342915126257}, "4": {"loss": 0.845160688672747}, "5": {"loss": 0.5685560362679618}, "6": {"loss": 0.3572653702327183}, "7": {"loss": 0.21789213589259557}, "8": {"loss": 0.16455938134874618}, "9": {"loss": 0.11879205703735352}}