{"0": {"loss": 2.023515020098005}}{"0": {"loss": 2.023515020098005}, "1": {"loss": 1.2531023025512695}}{"0": {"loss": 2.023515020098005}, "1": {"loss": 1.2531023025512695}, "2": {"loss": 0.6758872440883091}}{"0": {"loss": 2.023515020098005}, "1": {"loss": 1.2531023025512695}, "2": {"loss": 0.6758872440883091}, "3": {"loss": 0.34087259428841726}}{"0": {"loss": 2.023515020098005}, "1": {"loss": 1.2531023025512695}, "2": {"loss": 0.6758872440883091}, "3": {"loss": 0.34087259428841726}, "4": {"loss": 0.20409040791647776}}{"0": {"loss": 2.023515020098005}, "1": {"loss": 1.2531023025512695}, "2": {"loss": 0.6758872440883091}, "3": {"loss": 0.34087259428841726}, "4": {"loss": 0.20409040791647776}, "5": {"loss": 0.07909596817834037}}{"0": {"loss": 2.023515020098005}, "1": {"loss": 1.2531023025512695}, "2": {"loss": 0.6758872440883091}, "3": {"loss": 0.34087259428841726}, "4": {"loss": 0.20409040791647776}, "5": {"loss": 0.07909596817834037}, "6": {"loss": 0.03560338488646916}}{"0": {"loss": 2.023515020098005}, "1": {"loss": 1.2531023025512695}, "2": {"loss": 0.6758872440883091}, "3": {"loss": 0.34087259428841726}, "4": {"loss": 0.20409040791647776}, "5": {"loss": 0.07909596817834037}, "6": {"loss": 0.03560338488646916}, "7": {"loss": 0.03542359811919076}}{"0": {"loss": 2.023515020098005}, "1": {"loss": 1.2531023025512695}, "2": {"loss": 0.6758872440883091}, "3": {"loss": 0.34087259428841726}, "4": {"loss": 0.20409040791647776}, "5": {"loss": 0.07909596817834037}, "6": {"loss": 0.03560338488646916}, "7": {"loss": 0.03542359811919076}, "8": {"loss": 0.020884318011147634}}{"0": {"loss": 2.023515020098005}, "1": {"loss": 1.2531023025512695}, "2": {"loss": 0.6758872440883091}, "3": {"loss": 0.34087259428841726}, "4": {"loss": 0.20409040791647776}, "5": {"loss": 0.07909596817834037}, "6": {"loss": 0.03560338488646916}, "7": {"loss": 0.03542359811919076}, "8": {"loss": 0.020884318011147634}, "9": {"loss": 0.016773592148508345}}