{"0": {"loss": 2.230743408203125}}{"0": {"loss": 2.230743408203125}, "1": {"loss": 1.9541406631469727}}{"0": {"loss": 2.230743408203125}, "1": {"loss": 1.9541406631469727}, "2": {"loss": 1.6550193514142717}}{"0": {"loss": 2.230743408203125}, "1": {"loss": 1.9541406631469727}, "2": {"loss": 1.6550193514142717}, "3": {"loss": 1.384516988481794}}{"0": {"loss": 2.230743408203125}, "1": {"loss": 1.9541406631469727}, "2": {"loss": 1.6550193514142717}, "3": {"loss": 1.384516988481794}, "4": {"loss": 1.0935051100594657}}{"0": {"loss": 2.230743408203125}, "1": {"loss": 1.9541406631469727}, "2": {"loss": 1.6550193514142717}, "3": {"loss": 1.384516988481794}, "4": {"loss": 1.0935051100594657}, "5": {"loss": 0.8181603976658413}}{"0": {"loss": 2.230743408203125}, "1": {"loss": 1.9541406631469727}, "2": {"loss": 1.6550193514142717}, "3": {"loss": 1.384516988481794}, "4": {"loss": 1.0935051100594657}, "5": {"loss": 0.8181603976658413}, "6": {"loss": 0.602724415915353}}{"0": {"loss": 2.230743408203125}, "1": {"loss": 1.9541406631469727}, "2": {"loss": 1.6550193514142717}, "3": {"loss": 1.384516988481794}, "4": {"loss": 1.0935051100594657}, "5": {"loss": 0.8181603976658413}, "6": {"loss": 0.602724415915353}, "7": {"loss": 0.4267904077257429}}{"0": {"loss": 2.230743408203125}, "1": {"loss": 1.9541406631469727}, "2": {"loss": 1.6550193514142717}, "3": {"loss": 1.384516988481794}, "4": {"loss": 1.0935051100594657}, "5": {"loss": 0.8181603976658413}, "6": {"loss": 0.602724415915353}, "7": {"loss": 0.4267904077257429}, "8": {"loss": 0.31058103697640554}}{"0": {"loss": 2.230743408203125}, "1": {"loss": 1.9541406631469727}, "2": {"loss": 1.6550193514142717}, "3": {"loss": 1.384516988481794}, "4": {"loss": 1.0935051100594657}, "5": {"loss": 0.8181603976658413}, "6": {"loss": 0.602724415915353}, "7": {"loss": 0.4267904077257429}, "8": {"loss": 0.31058103697640554}, "9": {"loss": 0.20798366410391672}}