{"0": {"loss": 2.2149979727608815}}{"0": {"loss": 2.2149979727608815}, "1": {"loss": 1.815260750906808}}{"0": {"loss": 2.2149979727608815}, "1": {"loss": 1.815260750906808}, "2": {"loss": 1.3510281699044364}}{"0": {"loss": 2.2149979727608815}, "1": {"loss": 1.815260750906808}, "2": {"loss": 1.3510281699044364}, "3": {"loss": 0.9677903992789132}}{"0": {"loss": 2.2149979727608815}, "1": {"loss": 1.815260750906808}, "2": {"loss": 1.3510281699044364}, "3": {"loss": 0.9677903992789132}, "4": {"loss": 0.6397500719342913}}{"0": {"loss": 2.2149979727608815}, "1": {"loss": 1.815260750906808}, "2": {"loss": 1.3510281699044364}, "3": {"loss": 0.9677903992789132}, "4": {"loss": 0.6397500719342913}, "5": {"loss": 0.39458625657217844}}{"0": {"loss": 2.2149979727608815}, "1": {"loss": 1.815260750906808}, "2": {"loss": 1.3510281699044364}, "3": {"loss": 0.9677903992789132}, "4": {"loss": 0.6397500719342913}, "5": {"loss": 0.39458625657217844}, "6": {"loss": 0.28688141277858187}}{"0": {"loss": 2.2149979727608815}, "1": {"loss": 1.815260750906808}, "2": {"loss": 1.3510281699044364}, "3": {"loss": 0.9677903992789132}, "4": {"loss": 0.6397500719342913}, "5": {"loss": 0.39458625657217844}, "6": {"loss": 0.28688141277858187}, "7": {"loss": 0.2330169337136405}}{"0": {"loss": 2.2149979727608815}, "1": {"loss": 1.815260750906808}, "2": {"loss": 1.3510281699044364}, "3": {"loss": 0.9677903992789132}, "4": {"loss": 0.6397500719342913}, "5": {"loss": 0.39458625657217844}, "6": {"loss": 0.28688141277858187}, "7": {"loss": 0.2330169337136405}, "8": {"loss": 0.2185166393007551}}{"0": {"loss": 2.2149979727608815}, "1": {"loss": 1.815260750906808}, "2": {"loss": 1.3510281699044364}, "3": {"loss": 0.9677903992789132}, "4": {"loss": 0.6397500719342913}, "5": {"loss": 0.39458625657217844}, "6": {"loss": 0.28688141277858187}, "7": {"loss": 0.2330169337136405}, "8": {"loss": 0.2185166393007551}, "9": {"loss": 0.12604825837271555}}