{"0": {"loss": 2.0410762514386858}}{"0": {"loss": 2.0410762514386858}, "1": {"loss": 1.5080646787370955}}{"0": {"loss": 2.0410762514386858}, "1": {"loss": 1.5080646787370955}, "2": {"loss": 1.01914610181536}}{"0": {"loss": 2.0410762514386858}, "1": {"loss": 1.5080646787370955}, "2": {"loss": 1.01914610181536}, "3": {"loss": 0.6590004648481097}}{"0": {"loss": 2.0410762514386858}, "1": {"loss": 1.5080646787370955}, "2": {"loss": 1.01914610181536}, "3": {"loss": 0.6590004648481097}, "4": {"loss": 0.4842886243547712}}{"0": {"loss": 2.0410762514386858}, "1": {"loss": 1.5080646787370955}, "2": {"loss": 1.01914610181536}, "3": {"loss": 0.6590004648481097}, "4": {"loss": 0.4842886243547712}, "5": {"loss": 0.3656197616032192}}{"0": {"loss": 2.0410762514386858}, "1": {"loss": 1.5080646787370955}, "2": {"loss": 1.01914610181536}, "3": {"loss": 0.6590004648481097}, "4": {"loss": 0.4842886243547712}, "5": {"loss": 0.3656197616032192}, "6": {"loss": 0.1989572218486241}}{"0": {"loss": 2.0410762514386858}, "1": {"loss": 1.5080646787370955}, "2": {"loss": 1.01914610181536}, "3": {"loss": 0.6590004648481097}, "4": {"loss": 0.4842886243547712}, "5": {"loss": 0.3656197616032192}, "6": {"loss": 0.1989572218486241}, "7": {"loss": 0.14198564631598337}}{"0": {"loss": 2.0410762514386858}, "1": {"loss": 1.5080646787370955}, "2": {"loss": 1.01914610181536}, "3": {"loss": 0.6590004648481097}, "4": {"loss": 0.4842886243547712}, "5": {"loss": 0.3656197616032192}, "6": {"loss": 0.1989572218486241}, "7": {"loss": 0.14198564631598337}, "8": {"loss": 0.06705994265420097}}{"0": {"loss": 2.0410762514386858}, "1": {"loss": 1.5080646787370955}, "2": {"loss": 1.01914610181536}, "3": {"loss": 0.6590004648481097}, "4": {"loss": 0.4842886243547712}, "5": {"loss": 0.3656197616032192}, "6": {"loss": 0.1989572218486241}, "7": {"loss": 0.14198564631598337}, "8": {"loss": 0.06705994265420097}, "9": {"loss": 0.021697714924812317}}