{"0": {"loss": 2.1842754908970425}}{"0": {"loss": 2.1842754908970425}, "1": {"loss": 1.305619376046317}}{"0": {"loss": 2.1842754908970425}, "1": {"loss": 1.305619376046317}, "2": {"loss": 0.7862693922860282}}{"0": {"loss": 2.1842754908970425}, "1": {"loss": 1.305619376046317}, "2": {"loss": 0.7862693922860282}, "3": {"loss": 0.38061438288007465}}{"0": {"loss": 2.1842754908970425}, "1": {"loss": 1.305619376046317}, "2": {"loss": 0.7862693922860282}, "3": {"loss": 0.38061438288007465}, "4": {"loss": 0.46241698946271625}}{"0": {"loss": 2.1842754908970425}, "1": {"loss": 1.305619376046317}, "2": {"loss": 0.7862693922860282}, "3": {"loss": 0.38061438288007465}, "4": {"loss": 0.46241698946271625}, "5": {"loss": 0.23266407421657018}}{"0": {"loss": 2.1842754908970425}, "1": {"loss": 1.305619376046317}, "2": {"loss": 0.7862693922860282}, "3": {"loss": 0.38061438288007465}, "4": {"loss": 0.46241698946271625}, "5": {"loss": 0.23266407421657018}, "6": {"loss": 0.17464285237448557}}{"0": {"loss": 2.1842754908970425}, "1": {"loss": 1.305619376046317}, "2": {"loss": 0.7862693922860282}, "3": {"loss": 0.38061438288007465}, "4": {"loss": 0.46241698946271625}, "5": {"loss": 0.23266407421657018}, "6": {"loss": 0.17464285237448557}, "7": {"loss": 1.0023458344595773}}{"0": {"loss": 2.1842754908970425}, "1": {"loss": 1.305619376046317}, "2": {"loss": 0.7862693922860282}, "3": {"loss": 0.38061438288007465}, "4": {"loss": 0.46241698946271625}, "5": {"loss": 0.23266407421657018}, "6": {"loss": 0.17464285237448557}, "7": {"loss": 1.0023458344595773}, "8": {"loss": 0.21199955259050643}}{"0": {"loss": 2.1842754908970425}, "1": {"loss": 1.305619376046317}, "2": {"loss": 0.7862693922860282}, "3": {"loss": 0.38061438288007465}, "4": {"loss": 0.46241698946271625}, "5": {"loss": 0.23266407421657018}, "6": {"loss": 0.17464285237448557}, "7": {"loss": 1.0023458344595773}, "8": {"loss": 0.21199955259050643}, "9": {"loss": 0.1285862582070487}}