{"0": {"loss": 1.875756127493722}}{"0": {"loss": 1.875756127493722}, "1": {"loss": 1.203890255519322}}{"0": {"loss": 1.875756127493722}, "1": {"loss": 1.203890255519322}, "2": {"loss": 0.762725830078125}}{"0": {"loss": 1.875756127493722}, "1": {"loss": 1.203890255519322}, "2": {"loss": 0.762725830078125}, "3": {"loss": 0.62297180720738}}{"0": {"loss": 1.875756127493722}, "1": {"loss": 1.203890255519322}, "2": {"loss": 0.762725830078125}, "3": {"loss": 0.62297180720738}, "4": {"loss": 0.4099913665226528}}{"0": {"loss": 1.875756127493722}, "1": {"loss": 1.203890255519322}, "2": {"loss": 0.762725830078125}, "3": {"loss": 0.62297180720738}, "4": {"loss": 0.4099913665226528}, "5": {"loss": 0.2775466101510184}}{"0": {"loss": 1.875756127493722}, "1": {"loss": 1.203890255519322}, "2": {"loss": 0.762725830078125}, "3": {"loss": 0.62297180720738}, "4": {"loss": 0.4099913665226528}, "5": {"loss": 0.2775466101510184}, "6": {"loss": 0.20854946545192174}}{"0": {"loss": 1.875756127493722}, "1": {"loss": 1.203890255519322}, "2": {"loss": 0.762725830078125}, "3": {"loss": 0.62297180720738}, "4": {"loss": 0.4099913665226528}, "5": {"loss": 0.2775466101510184}, "6": {"loss": 0.20854946545192174}, "7": {"loss": 0.148840137890407}}{"0": {"loss": 1.875756127493722}, "1": {"loss": 1.203890255519322}, "2": {"loss": 0.762725830078125}, "3": {"loss": 0.62297180720738}, "4": {"loss": 0.4099913665226528}, "5": {"loss": 0.2775466101510184}, "6": {"loss": 0.20854946545192174}, "7": {"loss": 0.148840137890407}, "8": {"loss": 0.1360926287514823}}{"0": {"loss": 1.875756127493722}, "1": {"loss": 1.203890255519322}, "2": {"loss": 0.762725830078125}, "3": {"loss": 0.62297180720738}, "4": {"loss": 0.4099913665226528}, "5": {"loss": 0.2775466101510184}, "6": {"loss": 0.20854946545192174}, "7": {"loss": 0.148840137890407}, "8": {"loss": 0.1360926287514823}, "9": {"loss": 0.121920074735369}}