{"0": {"loss": 1.853318214416504}}{"0": {"loss": 1.853318214416504}, "1": {"loss": 1.1335494858878}}{"0": {"loss": 1.853318214416504}, "1": {"loss": 1.1335494858878}, "2": {"loss": 0.743143013545445}}{"0": {"loss": 1.853318214416504}, "1": {"loss": 1.1335494858878}, "2": {"loss": 0.743143013545445}, "3": {"loss": 0.421288115637643}}{"0": {"loss": 1.853318214416504}, "1": {"loss": 1.1335494858878}, "2": {"loss": 0.743143013545445}, "3": {"loss": 0.421288115637643}, "4": {"loss": 0.25841428552355084}}{"0": {"loss": 1.853318214416504}, "1": {"loss": 1.1335494858878}, "2": {"loss": 0.743143013545445}, "3": {"loss": 0.421288115637643}, "4": {"loss": 0.25841428552355084}, "5": {"loss": 0.13701502765927995}}{"0": {"loss": 1.853318214416504}, "1": {"loss": 1.1335494858878}, "2": {"loss": 0.743143013545445}, "3": {"loss": 0.421288115637643}, "4": {"loss": 0.25841428552355084}, "5": {"loss": 0.13701502765927995}, "6": {"loss": 0.07575333969933647}}{"0": {"loss": 1.853318214416504}, "1": {"loss": 1.1335494858878}, "2": {"loss": 0.743143013545445}, "3": {"loss": 0.421288115637643}, "4": {"loss": 0.25841428552355084}, "5": {"loss": 0.13701502765927995}, "6": {"loss": 0.07575333969933647}, "7": {"loss": 0.04302043148449489}}{"0": {"loss": 1.853318214416504}, "1": {"loss": 1.1335494858878}, "2": {"loss": 0.743143013545445}, "3": {"loss": 0.421288115637643}, "4": {"loss": 0.25841428552355084}, "5": {"loss": 0.13701502765927995}, "6": {"loss": 0.07575333969933647}, "7": {"loss": 0.04302043148449489}, "8": {"loss": 0.036879543747220724}}{"0": {"loss": 1.853318214416504}, "1": {"loss": 1.1335494858878}, "2": {"loss": 0.743143013545445}, "3": {"loss": 0.421288115637643}, "4": {"loss": 0.25841428552355084}, "5": {"loss": 0.13701502765927995}, "6": {"loss": 0.07575333969933647}, "7": {"loss": 0.04302043148449489}, "8": {"loss": 0.036879543747220724}, "9": {"loss": 0.021312434758458818}}