{"0": {"loss": 1.93049989427839}}{"0": {"loss": 1.93049989427839}, "1": {"loss": 1.2198478153773717}}{"0": {"loss": 1.93049989427839}, "1": {"loss": 1.2198478153773717}, "2": {"loss": 0.798548970903669}}{"0": {"loss": 1.93049989427839}, "1": {"loss": 1.2198478153773717}, "2": {"loss": 0.798548970903669}, "3": {"loss": 0.5315892015184674}}{"0": {"loss": 1.93049989427839}, "1": {"loss": 1.2198478153773717}, "2": {"loss": 0.798548970903669}, "3": {"loss": 0.5315892015184674}, "4": {"loss": 0.3096988541739328}}{"0": {"loss": 1.93049989427839}, "1": {"loss": 1.2198478153773717}, "2": {"loss": 0.798548970903669}, "3": {"loss": 0.5315892015184674}, "4": {"loss": 0.3096988541739328}, "5": {"loss": 0.21276259422302246}}{"0": {"loss": 1.93049989427839}, "1": {"loss": 1.2198478153773717}, "2": {"loss": 0.798548970903669}, "3": {"loss": 0.5315892015184674}, "4": {"loss": 0.3096988541739328}, "5": {"loss": 0.21276259422302246}, "6": {"loss": 0.09447216987609863}}{"0": {"loss": 1.93049989427839}, "1": {"loss": 1.2198478153773717}, "2": {"loss": 0.798548970903669}, "3": {"loss": 0.5315892015184674}, "4": {"loss": 0.3096988541739328}, "5": {"loss": 0.21276259422302246}, "6": {"loss": 0.09447216987609863}, "7": {"loss": 0.05803458605493818}}{"0": {"loss": 1.93049989427839}, "1": {"loss": 1.2198478153773717}, "2": {"loss": 0.798548970903669}, "3": {"loss": 0.5315892015184674}, "4": {"loss": 0.3096988541739328}, "5": {"loss": 0.21276259422302246}, "6": {"loss": 0.09447216987609863}, "7": {"loss": 0.05803458605493818}, "8": {"loss": 0.05188717586653573}}{"0": {"loss": 1.93049989427839}, "1": {"loss": 1.2198478153773717}, "2": {"loss": 0.798548970903669}, "3": {"loss": 0.5315892015184674}, "4": {"loss": 0.3096988541739328}, "5": {"loss": 0.21276259422302246}, "6": {"loss": 0.09447216987609863}, "7": {"loss": 0.05803458605493818}, "8": {"loss": 0.05188717586653573}, "9": {"loss": 0.032112449407577515}}