{"0": {"loss": 1.6508165087018694}}{"0": {"loss": 1.6508165087018694}, "1": {"loss": 0.8188217026846749}}{"0": {"loss": 1.6508165087018694}, "1": {"loss": 0.8188217026846749}, "2": {"loss": 0.4751162188393729}}{"0": {"loss": 1.6508165087018694}, "1": {"loss": 0.8188217026846749}, "2": {"loss": 0.4751162188393729}, "3": {"loss": 0.2216456277029855}}{"0": {"loss": 1.6508165087018694}, "1": {"loss": 0.8188217026846749}, "2": {"loss": 0.4751162188393729}, "3": {"loss": 0.2216456277029855}, "4": {"loss": 0.11911068643842425}}{"0": {"loss": 1.6508165087018694}, "1": {"loss": 0.8188217026846749}, "2": {"loss": 0.4751162188393729}, "3": {"loss": 0.2216456277029855}, "4": {"loss": 0.11911068643842425}, "5": {"loss": 0.065861633845738}}{"0": {"loss": 1.6508165087018694}, "1": {"loss": 0.8188217026846749}, "2": {"loss": 0.4751162188393729}, "3": {"loss": 0.2216456277029855}, "4": {"loss": 0.11911068643842425}, "5": {"loss": 0.065861633845738}, "6": {"loss": 0.05846889955656869}}{"0": {"loss": 1.6508165087018694}, "1": {"loss": 0.8188217026846749}, "2": {"loss": 0.4751162188393729}, "3": {"loss": 0.2216456277029855}, "4": {"loss": 0.11911068643842425}, "5": {"loss": 0.065861633845738}, "6": {"loss": 0.05846889955656869}, "7": {"loss": 0.05619961874825614}}{"0": {"loss": 1.6508165087018694}, "1": {"loss": 0.8188217026846749}, "2": {"loss": 0.4751162188393729}, "3": {"loss": 0.2216456277029855}, "4": {"loss": 0.11911068643842425}, "5": {"loss": 0.065861633845738}, "6": {"loss": 0.05846889955656869}, "7": {"loss": 0.05619961874825614}, "8": {"loss": 0.08680156299046107}}{"0": {"loss": 1.6508165087018694}, "1": {"loss": 0.8188217026846749}, "2": {"loss": 0.4751162188393729}, "3": {"loss": 0.2216456277029855}, "4": {"loss": 0.11911068643842425}, "5": {"loss": 0.065861633845738}, "6": {"loss": 0.05846889955656869}, "7": {"loss": 0.05619961874825614}, "8": {"loss": 0.08680156299046107}, "9": {"loss": 0.08393982478550502}}{"0": {"loss": 1.6380304609026228}}{"0": {"loss": 1.6380304609026228}, "1": {"loss": 0.9434821946280343}}{"0": {"loss": 1.6380304609026228}, "1": {"loss": 0.9434821946280343}, "2": {"loss": 0.5234991822923932}}{"0": {"loss": 1.6380304609026228}, "1": {"loss": 0.9434821946280343}, "2": {"loss": 0.5234991822923932}, "3": {"loss": 0.5063877105712891}}{"0": {"loss": 1.6380304609026228}, "1": {"loss": 0.9434821946280343}, "2": {"loss": 0.5234991822923932}, "3": {"loss": 0.5063877105712891}, "4": {"loss": 0.221551775932312}}{"0": {"loss": 1.6380304609026228}, "1": {"loss": 0.9434821946280343}, "2": {"loss": 0.5234991822923932}, "3": {"loss": 0.5063877105712891}, "4": {"loss": 0.221551775932312}, "5": {"loss": 0.1690765619277954}}{"0": {"loss": 1.6380304609026228}, "1": {"loss": 0.9434821946280343}, "2": {"loss": 0.5234991822923932}, "3": {"loss": 0.5063877105712891}, "4": {"loss": 0.221551775932312}, "5": {"loss": 0.1690765619277954}, "6": {"loss": 0.14888565880911692}}{"0": {"loss": 1.6380304609026228}, "1": {"loss": 0.9434821946280343}, "2": {"loss": 0.5234991822923932}, "3": {"loss": 0.5063877105712891}, "4": {"loss": 0.221551775932312}, "5": {"loss": 0.1690765619277954}, "6": {"loss": 0.14888565880911692}, "7": {"loss": 0.1279898456164769}}{"0": {"loss": 1.6380304609026228}, "1": {"loss": 0.9434821946280343}, "2": {"loss": 0.5234991822923932}, "3": {"loss": 0.5063877105712891}, "4": {"loss": 0.221551775932312}, "5": {"loss": 0.1690765619277954}, "6": {"loss": 0.14888565880911692}, "7": {"loss": 0.1279898456164769}, "8": {"loss": 0.07049894332885742}}{"0": {"loss": 1.6380304609026228}, "1": {"loss": 0.9434821946280343}, "2": {"loss": 0.5234991822923932}, "3": {"loss": 0.5063877105712891}, "4": {"loss": 0.221551775932312}, "5": {"loss": 0.1690765619277954}, "6": {"loss": 0.14888565880911692}, "7": {"loss": 0.1279898456164769}, "8": {"loss": 0.07049894332885742}, "9": {"loss": 0.06433935250554766}}