{"0": {"loss": 2.266336304800851}}{"0": {"loss": 2.266336304800851}, "1": {"loss": 1.7529633385794503}}{"0": {"loss": 2.266336304800851}, "1": {"loss": 1.7529633385794503}, "2": {"loss": 1.3418197631835938}}{"0": {"loss": 2.266336304800851}, "1": {"loss": 1.7529633385794503}, "2": {"loss": 1.3418197631835938}, "3": {"loss": 0.9592189107622419}}{"0": {"loss": 2.266336304800851}, "1": {"loss": 1.7529633385794503}, "2": {"loss": 1.3418197631835938}, "3": {"loss": 0.9592189107622419}, "4": {"loss": 0.601186888558524}}{"0": {"loss": 2.266336304800851}, "1": {"loss": 1.7529633385794503}, "2": {"loss": 1.3418197631835938}, "3": {"loss": 0.9592189107622419}, "4": {"loss": 0.601186888558524}, "5": {"loss": 0.38799524307250977}}{"0": {"loss": 2.266336304800851}, "1": {"loss": 1.7529633385794503}, "2": {"loss": 1.3418197631835938}, "3": {"loss": 0.9592189107622419}, "4": {"loss": 0.601186888558524}, "5": {"loss": 0.38799524307250977}, "6": {"loss": 0.23331618309020996}}{"0": {"loss": 2.266336304800851}, "1": {"loss": 1.7529633385794503}, "2": {"loss": 1.3418197631835938}, "3": {"loss": 0.9592189107622419}, "4": {"loss": 0.601186888558524}, "5": {"loss": 0.38799524307250977}, "6": {"loss": 0.23331618309020996}, "7": {"loss": 0.08431627069200788}}{"0": {"loss": 2.266336304800851}, "1": {"loss": 1.7529633385794503}, "2": {"loss": 1.3418197631835938}, "3": {"loss": 0.9592189107622419}, "4": {"loss": 0.601186888558524}, "5": {"loss": 0.38799524307250977}, "6": {"loss": 0.23331618309020996}, "7": {"loss": 0.08431627069200788}, "8": {"loss": 0.08383454595293317}}{"0": {"loss": 2.266336304800851}, "1": {"loss": 1.7529633385794503}, "2": {"loss": 1.3418197631835938}, "3": {"loss": 0.9592189107622419}, "4": {"loss": 0.601186888558524}, "5": {"loss": 0.38799524307250977}, "6": {"loss": 0.23331618309020996}, "7": {"loss": 0.08431627069200788}, "8": {"loss": 0.08383454595293317}, "9": {"loss": 0.04142369117055621}}{"0": {"loss": 2.1617069244384766}}{"0": {"loss": 2.1617069244384766}, "1": {"loss": 1.6922976630074638}}{"0": {"loss": 2.1617069244384766}, "1": {"loss": 1.6922976630074638}, "2": {"loss": 1.0990746361868722}}{"0": {"loss": 2.1617069244384766}, "1": {"loss": 1.6922976630074638}, "2": {"loss": 1.0990746361868722}, "3": {"loss": 0.7493884904044015}}{"0": {"loss": 2.1617069244384766}, "1": {"loss": 1.6922976630074638}, "2": {"loss": 1.0990746361868722}, "3": {"loss": 0.7493884904044015}, "4": {"loss": 0.5323123250688825}}{"0": {"loss": 2.1617069244384766}, "1": {"loss": 1.6922976630074638}, "2": {"loss": 1.0990746361868722}, "3": {"loss": 0.7493884904044015}, "4": {"loss": 0.5323123250688825}, "5": {"loss": 0.41356325149536133}}{"0": {"loss": 2.1617069244384766}, "1": {"loss": 1.6922976630074638}, "2": {"loss": 1.0990746361868722}, "3": {"loss": 0.7493884904044015}, "4": {"loss": 0.5323123250688825}, "5": {"loss": 0.41356325149536133}, "6": {"loss": 0.27382401057652067}}{"0": {"loss": 2.1617069244384766}, "1": {"loss": 1.6922976630074638}, "2": {"loss": 1.0990746361868722}, "3": {"loss": 0.7493884904044015}, "4": {"loss": 0.5323123250688825}, "5": {"loss": 0.41356325149536133}, "6": {"loss": 0.27382401057652067}, "7": {"loss": 0.14419020925249373}}{"0": {"loss": 2.1617069244384766}, "1": {"loss": 1.6922976630074638}, "2": {"loss": 1.0990746361868722}, "3": {"loss": 0.7493884904044015}, "4": {"loss": 0.5323123250688825}, "5": {"loss": 0.41356325149536133}, "6": {"loss": 0.27382401057652067}, "7": {"loss": 0.14419020925249373}, "8": {"loss": 0.07772850138800484}}{"0": {"loss": 2.1617069244384766}, "1": {"loss": 1.6922976630074638}, "2": {"loss": 1.0990746361868722}, "3": {"loss": 0.7493884904044015}, "4": {"loss": 0.5323123250688825}, "5": {"loss": 0.41356325149536133}, "6": {"loss": 0.27382401057652067}, "7": {"loss": 0.14419020925249373}, "8": {"loss": 0.07772850138800484}, "9": {"loss": 0.05583679676055908}}