{"0": {"loss": 1.9264676230294364}}{"0": {"loss": 1.9264676230294364}, "1": {"loss": 1.3770456314086914}}{"0": {"loss": 1.9264676230294364}, "1": {"loss": 1.3770456314086914}, "2": {"loss": 0.9423094476972308}}{"0": {"loss": 1.9264676230294364}, "1": {"loss": 1.3770456314086914}, "2": {"loss": 0.9423094476972308}, "3": {"loss": 0.6143074035644531}}{"0": {"loss": 1.9264676230294364}, "1": {"loss": 1.3770456314086914}, "2": {"loss": 0.9423094476972308}, "3": {"loss": 0.6143074035644531}, "4": {"loss": 0.3988432543618338}}{"0": {"loss": 1.9264676230294364}, "1": {"loss": 1.3770456314086914}, "2": {"loss": 0.9423094476972308}, "3": {"loss": 0.6143074035644531}, "4": {"loss": 0.3988432543618338}, "5": {"loss": 0.2559600387300764}}{"0": {"loss": 1.9264676230294364}, "1": {"loss": 1.3770456314086914}, "2": {"loss": 0.9423094476972308}, "3": {"loss": 0.6143074035644531}, "4": {"loss": 0.3988432543618338}, "5": {"loss": 0.2559600387300764}, "6": {"loss": 0.11435192823410034}}{"0": {"loss": 1.9264676230294364}, "1": {"loss": 1.3770456314086914}, "2": {"loss": 0.9423094476972308}, "3": {"loss": 0.6143074035644531}, "4": {"loss": 0.3988432543618338}, "5": {"loss": 0.2559600387300764}, "6": {"loss": 0.11435192823410034}, "7": {"loss": 0.09470754861831665}}{"0": {"loss": 1.9264676230294364}, "1": {"loss": 1.3770456314086914}, "2": {"loss": 0.9423094476972308}, "3": {"loss": 0.6143074035644531}, "4": {"loss": 0.3988432543618338}, "5": {"loss": 0.2559600387300764}, "6": {"loss": 0.11435192823410034}, "7": {"loss": 0.09470754861831665}, "8": {"loss": 0.06836745568684169}}{"0": {"loss": 1.9264676230294364}, "1": {"loss": 1.3770456314086914}, "2": {"loss": 0.9423094476972308}, "3": {"loss": 0.6143074035644531}, "4": {"loss": 0.3988432543618338}, "5": {"loss": 0.2559600387300764}, "6": {"loss": 0.11435192823410034}, "7": {"loss": 0.09470754861831665}, "8": {"loss": 0.06836745568684169}, "9": {"loss": 0.03225695661136082}}{"0": {"loss": 1.9562387466430664}}{"0": {"loss": 1.9562387466430664}, "1": {"loss": 1.494556154523577}}{"0": {"loss": 1.9562387466430664}, "1": {"loss": 1.494556154523577}, "2": {"loss": 0.9717991692679269}}{"0": {"loss": 1.9562387466430664}, "1": {"loss": 1.494556154523577}, "2": {"loss": 0.9717991692679269}, "3": {"loss": 0.5927495956420898}}{"0": {"loss": 1.9562387466430664}, "1": {"loss": 1.494556154523577}, "2": {"loss": 0.9717991692679269}, "3": {"loss": 0.5927495956420898}, "4": {"loss": 0.32985670225960867}}{"0": {"loss": 1.9562387466430664}, "1": {"loss": 1.494556154523577}, "2": {"loss": 0.9717991692679269}, "3": {"loss": 0.5927495956420898}, "4": {"loss": 0.32985670225960867}, "5": {"loss": 0.22991306441170828}}{"0": {"loss": 1.9562387466430664}, "1": {"loss": 1.494556154523577}, "2": {"loss": 0.9717991692679269}, "3": {"loss": 0.5927495956420898}, "4": {"loss": 0.32985670225960867}, "5": {"loss": 0.22991306441170828}, "6": {"loss": 0.17741102831704275}}{"0": {"loss": 1.9562387466430664}, "1": {"loss": 1.494556154523577}, "2": {"loss": 0.9717991692679269}, "3": {"loss": 0.5927495956420898}, "4": {"loss": 0.32985670225960867}, "5": {"loss": 0.22991306441170828}, "6": {"loss": 0.17741102831704275}, "7": {"loss": 0.08074246985571724}}{"0": {"loss": 1.9562387466430664}, "1": {"loss": 1.494556154523577}, "2": {"loss": 0.9717991692679269}, "3": {"loss": 0.5927495956420898}, "4": {"loss": 0.32985670225960867}, "5": {"loss": 0.22991306441170828}, "6": {"loss": 0.17741102831704275}, "7": {"loss": 0.08074246985571724}, "8": {"loss": 0.05015096494129726}}{"0": {"loss": 1.9562387466430664}, "1": {"loss": 1.494556154523577}, "2": {"loss": 0.9717991692679269}, "3": {"loss": 0.5927495956420898}, "4": {"loss": 0.32985670225960867}, "5": {"loss": 0.22991306441170828}, "6": {"loss": 0.17741102831704275}, "7": {"loss": 0.08074246985571724}, "8": {"loss": 0.05015096494129726}, "9": {"loss": 0.029022144419806346}}