{"0": {"loss": 2.0722203935895647}}{"0": {"loss": 2.0722203935895647}, "1": {"loss": 1.7171663556780135}}{"0": {"loss": 2.0722203935895647}, "1": {"loss": 1.7171663556780135}, "2": {"loss": 1.2927419117518835}}{"0": {"loss": 2.0722203935895647}, "1": {"loss": 1.7171663556780135}, "2": {"loss": 1.2927419117518835}, "3": {"loss": 0.9373114449637276}}{"0": {"loss": 2.0722203935895647}, "1": {"loss": 1.7171663556780135}, "2": {"loss": 1.2927419117518835}, "3": {"loss": 0.9373114449637276}, "4": {"loss": 0.6230246680123466}}{"0": {"loss": 2.0722203935895647}, "1": {"loss": 1.7171663556780135}, "2": {"loss": 1.2927419117518835}, "3": {"loss": 0.9373114449637276}, "4": {"loss": 0.6230246680123466}, "5": {"loss": 0.3838577611105783}}{"0": {"loss": 2.0722203935895647}, "1": {"loss": 1.7171663556780135}, "2": {"loss": 1.2927419117518835}, "3": {"loss": 0.9373114449637276}, "4": {"loss": 0.6230246680123466}, "5": {"loss": 0.3838577611105783}, "6": {"loss": 0.23465694699968612}}{"0": {"loss": 2.0722203935895647}, "1": {"loss": 1.7171663556780135}, "2": {"loss": 1.2927419117518835}, "3": {"loss": 0.9373114449637276}, "4": {"loss": 0.6230246680123466}, "5": {"loss": 0.3838577611105783}, "6": {"loss": 0.23465694699968612}, "7": {"loss": 0.16120193685804093}}{"0": {"loss": 2.0722203935895647}, "1": {"loss": 1.7171663556780135}, "2": {"loss": 1.2927419117518835}, "3": {"loss": 0.9373114449637276}, "4": {"loss": 0.6230246680123466}, "5": {"loss": 0.3838577611105783}, "6": {"loss": 0.23465694699968612}, "7": {"loss": 0.16120193685804093}, "8": {"loss": 0.10459261281149727}}{"0": {"loss": 2.0722203935895647}, "1": {"loss": 1.7171663556780135}, "2": {"loss": 1.2927419117518835}, "3": {"loss": 0.9373114449637276}, "4": {"loss": 0.6230246680123466}, "5": {"loss": 0.3838577611105783}, "6": {"loss": 0.23465694699968612}, "7": {"loss": 0.16120193685804093}, "8": {"loss": 0.10459261281149727}, "9": {"loss": 0.0768232090132577}}{"0": {"loss": 2.0639502661568776}}{"0": {"loss": 2.0639502661568776}, "1": {"loss": 1.6897597994123186}}{"0": {"loss": 2.0639502661568776}, "1": {"loss": 1.6897597994123186}, "2": {"loss": 1.3147621154785156}}{"0": {"loss": 2.0639502661568776}, "1": {"loss": 1.6897597994123186}, "2": {"loss": 1.3147621154785156}, "3": {"loss": 0.9295223781040737}}{"0": {"loss": 2.0639502661568776}, "1": {"loss": 1.6897597994123186}, "2": {"loss": 1.3147621154785156}, "3": {"loss": 0.9295223781040737}, "4": {"loss": 0.6476490156991142}}{"0": {"loss": 2.0639502661568776}, "1": {"loss": 1.6897597994123186}, "2": {"loss": 1.3147621154785156}, "3": {"loss": 0.9295223781040737}, "4": {"loss": 0.6476490156991142}, "5": {"loss": 0.42097357341221403}}{"0": {"loss": 2.0639502661568776}, "1": {"loss": 1.6897597994123186}, "2": {"loss": 1.3147621154785156}, "3": {"loss": 0.9295223781040737}, "4": {"loss": 0.6476490156991142}, "5": {"loss": 0.42097357341221403}, "6": {"loss": 0.26582675320761545}}{"0": {"loss": 2.0639502661568776}, "1": {"loss": 1.6897597994123186}, "2": {"loss": 1.3147621154785156}, "3": {"loss": 0.9295223781040737}, "4": {"loss": 0.6476490156991142}, "5": {"loss": 0.42097357341221403}, "6": {"loss": 0.26582675320761545}, "7": {"loss": 0.16916445323399135}}{"0": {"loss": 2.0639502661568776}, "1": {"loss": 1.6897597994123186}, "2": {"loss": 1.3147621154785156}, "3": {"loss": 0.9295223781040737}, "4": {"loss": 0.6476490156991142}, "5": {"loss": 0.42097357341221403}, "6": {"loss": 0.26582675320761545}, "7": {"loss": 0.16916445323399135}, "8": {"loss": 0.11208572557994298}}{"0": {"loss": 2.0639502661568776}, "1": {"loss": 1.6897597994123186}, "2": {"loss": 1.3147621154785156}, "3": {"loss": 0.9295223781040737}, "4": {"loss": 0.6476490156991142}, "5": {"loss": 0.42097357341221403}, "6": {"loss": 0.26582675320761545}, "7": {"loss": 0.16916445323399135}, "8": {"loss": 0.11208572557994298}, "9": {"loss": 0.07465170962469918}}