{"0": {"loss": 2.170978001185826}}{"0": {"loss": 2.170978001185826}, "1": {"loss": 1.8236955915178572}}{"0": {"loss": 2.170978001185826}, "1": {"loss": 1.8236955915178572}, "2": {"loss": 1.4427825382777624}}{"0": {"loss": 2.170978001185826}, "1": {"loss": 1.8236955915178572}, "2": {"loss": 1.4427825382777624}, "3": {"loss": 1.103546415056501}}{"0": {"loss": 2.170978001185826}, "1": {"loss": 1.8236955915178572}, "2": {"loss": 1.4427825382777624}, "3": {"loss": 1.103546415056501}, "4": {"loss": 0.7880176135471889}}{"0": {"loss": 2.170978001185826}, "1": {"loss": 1.8236955915178572}, "2": {"loss": 1.4427825382777624}, "3": {"loss": 1.103546415056501}, "4": {"loss": 0.7880176135471889}, "5": {"loss": 0.5492831979479108}}{"0": {"loss": 2.170978001185826}, "1": {"loss": 1.8236955915178572}, "2": {"loss": 1.4427825382777624}, "3": {"loss": 1.103546415056501}, "4": {"loss": 0.7880176135471889}, "5": {"loss": 0.5492831979479108}, "6": {"loss": 0.3513336181640625}}{"0": {"loss": 2.170978001185826}, "1": {"loss": 1.8236955915178572}, "2": {"loss": 1.4427825382777624}, "3": {"loss": 1.103546415056501}, "4": {"loss": 0.7880176135471889}, "5": {"loss": 0.5492831979479108}, "6": {"loss": 0.3513336181640625}, "7": {"loss": 0.23088007313864573}}{"0": {"loss": 2.170978001185826}, "1": {"loss": 1.8236955915178572}, "2": {"loss": 1.4427825382777624}, "3": {"loss": 1.103546415056501}, "4": {"loss": 0.7880176135471889}, "5": {"loss": 0.5492831979479108}, "6": {"loss": 0.3513336181640625}, "7": {"loss": 0.23088007313864573}, "8": {"loss": 0.18429510934012278}}{"0": {"loss": 2.170978001185826}, "1": {"loss": 1.8236955915178572}, "2": {"loss": 1.4427825382777624}, "3": {"loss": 1.103546415056501}, "4": {"loss": 0.7880176135471889}, "5": {"loss": 0.5492831979479108}, "6": {"loss": 0.3513336181640625}, "7": {"loss": 0.23088007313864573}, "8": {"loss": 0.18429510934012278}, "9": {"loss": 0.08626942975180489}}{"0": {"loss": 2.2036711829049245}}{"0": {"loss": 2.2036711829049245}, "1": {"loss": 1.8383347647530692}}{"0": {"loss": 2.2036711829049245}, "1": {"loss": 1.8383347647530692}, "2": {"loss": 1.4676262991768974}}{"0": {"loss": 2.2036711829049245}, "1": {"loss": 1.8383347647530692}, "2": {"loss": 1.4676262991768974}, "3": {"loss": 1.1134611538478307}}{"0": {"loss": 2.2036711829049245}, "1": {"loss": 1.8383347647530692}, "2": {"loss": 1.4676262991768974}, "3": {"loss": 1.1134611538478307}, "4": {"loss": 0.8146256038120815}}{"0": {"loss": 2.2036711829049245}, "1": {"loss": 1.8383347647530692}, "2": {"loss": 1.4676262991768974}, "3": {"loss": 1.1134611538478307}, "4": {"loss": 0.8146256038120815}, "5": {"loss": 0.5510703836168561}}{"0": {"loss": 2.2036711829049245}, "1": {"loss": 1.8383347647530692}, "2": {"loss": 1.4676262991768974}, "3": {"loss": 1.1134611538478307}, "4": {"loss": 0.8146256038120815}, "5": {"loss": 0.5510703836168561}, "6": {"loss": 0.38056799343654085}}{"0": {"loss": 2.2036711829049245}, "1": {"loss": 1.8383347647530692}, "2": {"loss": 1.4676262991768974}, "3": {"loss": 1.1134611538478307}, "4": {"loss": 0.8146256038120815}, "5": {"loss": 0.5510703836168561}, "6": {"loss": 0.38056799343654085}, "7": {"loss": 0.20817179339272635}}{"0": {"loss": 2.2036711829049245}, "1": {"loss": 1.8383347647530692}, "2": {"loss": 1.4676262991768974}, "3": {"loss": 1.1134611538478307}, "4": {"loss": 0.8146256038120815}, "5": {"loss": 0.5510703836168561}, "6": {"loss": 0.38056799343654085}, "7": {"loss": 0.20817179339272635}, "8": {"loss": 0.13311765023640224}}{"0": {"loss": 2.2036711829049245}, "1": {"loss": 1.8383347647530692}, "2": {"loss": 1.4676262991768974}, "3": {"loss": 1.1134611538478307}, "4": {"loss": 0.8146256038120815}, "5": {"loss": 0.5510703836168561}, "6": {"loss": 0.38056799343654085}, "7": {"loss": 0.20817179339272635}, "8": {"loss": 0.13311765023640224}, "9": {"loss": 0.0727311372756958}}