{"0": {"loss": 1.8729963302612305}}{"0": {"loss": 1.8679633821759904}}{"0": {"loss": 1.8679633821759904}, "1": {"loss": 0.9898405075073242}}{"0": {"loss": 1.8679633821759904}, "1": {"loss": 0.9898405075073242}, "2": {"loss": 0.6175392014639718}}{"0": {"loss": 1.8679633821759904}, "1": {"loss": 0.9898405075073242}, "2": {"loss": 0.6175392014639718}, "3": {"loss": 0.5018548624856132}}{"0": {"loss": 1.8679633821759904}, "1": {"loss": 0.9898405075073242}, "2": {"loss": 0.6175392014639718}, "3": {"loss": 0.5018548624856132}, "4": {"loss": 0.2874390738351004}}{"0": {"loss": 1.8679633821759904}, "1": {"loss": 0.9898405075073242}, "2": {"loss": 0.6175392014639718}, "3": {"loss": 0.5018548624856132}, "4": {"loss": 0.2874390738351004}, "5": {"loss": 0.1155998706817627}}{"0": {"loss": 1.8679633821759904}, "1": {"loss": 0.9898405075073242}, "2": {"loss": 0.6175392014639718}, "3": {"loss": 0.5018548624856132}, "4": {"loss": 0.2874390738351004}, "5": {"loss": 0.1155998706817627}, "6": {"loss": 0.078312201159341}}{"0": {"loss": 1.8679633821759904}, "1": {"loss": 0.9898405075073242}, "2": {"loss": 0.6175392014639718}, "3": {"loss": 0.5018548624856132}, "4": {"loss": 0.2874390738351004}, "5": {"loss": 0.1155998706817627}, "6": {"loss": 0.078312201159341}, "7": {"loss": 0.07116797992161342}}{"0": {"loss": 1.8679633821759904}, "1": {"loss": 0.9898405075073242}, "2": {"loss": 0.6175392014639718}, "3": {"loss": 0.5018548624856132}, "4": {"loss": 0.2874390738351004}, "5": {"loss": 0.1155998706817627}, "6": {"loss": 0.078312201159341}, "7": {"loss": 0.07116797992161342}, "8": {"loss": 0.0455703820501055}}{"0": {"loss": 1.8679633821759904}, "1": {"loss": 0.9898405075073242}, "2": {"loss": 0.6175392014639718}, "3": {"loss": 0.5018548624856132}, "4": {"loss": 0.2874390738351004}, "5": {"loss": 0.1155998706817627}, "6": {"loss": 0.078312201159341}, "7": {"loss": 0.07116797992161342}, "8": {"loss": 0.0455703820501055}, "9": {"loss": 0.01738469515527998}}