{"0": {"loss": 2.4756905691964284}}{"0": {"loss": 2.4756905691964284}, "1": {"loss": 1.1968378339494978}}{"0": {"loss": 2.4756905691964284}, "1": {"loss": 1.1968378339494978}, "2": {"loss": 0.712413855961391}}{"0": {"loss": 2.4756905691964284}, "1": {"loss": 1.1968378339494978}, "2": {"loss": 0.712413855961391}, "3": {"loss": 0.40310682569231304}}{"0": {"loss": 2.4756905691964284}, "1": {"loss": 1.1968378339494978}, "2": {"loss": 0.712413855961391}, "3": {"loss": 0.40310682569231304}, "4": {"loss": 0.23147800990513392}}{"0": {"loss": 2.4756905691964284}, "1": {"loss": 1.1968378339494978}, "2": {"loss": 0.712413855961391}, "3": {"loss": 0.40310682569231304}, "4": {"loss": 0.23147800990513392}, "5": {"loss": 0.22373734201703752}}{"0": {"loss": 2.4756905691964284}, "1": {"loss": 1.1968378339494978}, "2": {"loss": 0.712413855961391}, "3": {"loss": 0.40310682569231304}, "4": {"loss": 0.23147800990513392}, "5": {"loss": 0.22373734201703752}, "6": {"loss": 0.0923069885798863}}{"0": {"loss": 2.4756905691964284}, "1": {"loss": 1.1968378339494978}, "2": {"loss": 0.712413855961391}, "3": {"loss": 0.40310682569231304}, "4": {"loss": 0.23147800990513392}, "5": {"loss": 0.22373734201703752}, "6": {"loss": 0.0923069885798863}, "7": {"loss": 0.09064466612679618}}{"0": {"loss": 2.4756905691964284}, "1": {"loss": 1.1968378339494978}, "2": {"loss": 0.712413855961391}, "3": {"loss": 0.40310682569231304}, "4": {"loss": 0.23147800990513392}, "5": {"loss": 0.22373734201703752}, "6": {"loss": 0.0923069885798863}, "7": {"loss": 0.09064466612679618}, "8": {"loss": 0.11498937436512538}}{"0": {"loss": 2.4756905691964284}, "1": {"loss": 1.1968378339494978}, "2": {"loss": 0.712413855961391}, "3": {"loss": 0.40310682569231304}, "4": {"loss": 0.23147800990513392}, "5": {"loss": 0.22373734201703752}, "6": {"loss": 0.0923069885798863}, "7": {"loss": 0.09064466612679618}, "8": {"loss": 0.11498937436512538}, "9": {"loss": 0.10141479969024658}}