{"0": {"loss": 5.589061192103794}}{"0": {"loss": 5.589061192103794}, "1": {"loss": 15.63388170514788}}