{"0": {"loss": 2.5965611594063893}}{"0": {"loss": 2.5965611594063893}, "1": {"loss": 1.238440786089216}}{"0": {"loss": 2.5965611594063893}, "1": {"loss": 1.238440786089216}, "2": {"loss": 5.7434185573032925}}{"0": {"loss": 2.5965611594063893}, "1": {"loss": 1.238440786089216}, "2": {"loss": 5.7434185573032925}, "3": {"loss": 4.4100238255092075}}{"0": {"loss": 2.5965611594063893}, "1": {"loss": 1.238440786089216}, "2": {"loss": 5.7434185573032925}, "3": {"loss": 4.4100238255092075}, "4": {"loss": 8.161415645054408}}{"0": {"loss": 2.5965611594063893}, "1": {"loss": 1.238440786089216}, "2": {"loss": 5.7434185573032925}, "3": {"loss": 4.4100238255092075}, "4": {"loss": 8.161415645054408}, "5": {"loss": 6.564800262451172}}