{"0": {"loss": 5.72612054007394}}{"0": {"loss": 5.72612054007394}, "1": {"loss": 9.435529436383929}}{"0": {"loss": 5.72612054007394}, "1": {"loss": 9.435529436383929}, "2": {"loss": 8.30058125087193}}{"0": {"loss": 5.72612054007394}, "1": {"loss": 9.435529436383929}, "2": {"loss": 8.30058125087193}, "3": {"loss": 10.012428283691406}}