{"0": {"loss": 1.7913391930716378}}{"0": {"loss": 1.7913391930716378}, "1": {"loss": 1.0484635489327567}}{"0": {"loss": 1.7913391930716378}, "1": {"loss": 1.0484635489327567}, "2": {"loss": 0.6881194114685059}}{"0": {"loss": 1.7913391930716378}, "1": {"loss": 1.0484635489327567}, "2": {"loss": 0.6881194114685059}, "3": {"loss": 0.37662080356052946}}{"0": {"loss": 1.7913391930716378}, "1": {"loss": 1.0484635489327567}, "2": {"loss": 0.6881194114685059}, "3": {"loss": 0.37662080356052946}, "4": {"loss": 0.38270126070295063}}{"0": {"loss": 1.7913391930716378}, "1": {"loss": 1.0484635489327567}, "2": {"loss": 0.6881194114685059}, "3": {"loss": 0.37662080356052946}, "4": {"loss": 0.38270126070295063}, "5": {"loss": 0.2736399344035557}}{"0": {"loss": 1.7913391930716378}, "1": {"loss": 1.0484635489327567}, "2": {"loss": 0.6881194114685059}, "3": {"loss": 0.37662080356052946}, "4": {"loss": 0.38270126070295063}, "5": {"loss": 0.2736399344035557}, "6": {"loss": 0.14388425009591238}}{"0": {"loss": 1.7913391930716378}, "1": {"loss": 1.0484635489327567}, "2": {"loss": 0.6881194114685059}, "3": {"loss": 0.37662080356052946}, "4": {"loss": 0.38270126070295063}, "5": {"loss": 0.2736399344035557}, "6": {"loss": 0.14388425009591238}, "7": {"loss": 0.14249818665640696}}{"0": {"loss": 1.7913391930716378}, "1": {"loss": 1.0484635489327567}, "2": {"loss": 0.6881194114685059}, "3": {"loss": 0.37662080356052946}, "4": {"loss": 0.38270126070295063}, "5": {"loss": 0.2736399344035557}, "6": {"loss": 0.14388425009591238}, "7": {"loss": 0.14249818665640696}, "8": {"loss": 0.15443052564348494}}{"0": {"loss": 1.5612198965890067}}{"0": {"loss": 1.5612198965890067}, "1": {"loss": 0.9453210830688477}}{"0": {"loss": 1.5612198965890067}, "1": {"loss": 0.9453210830688477}, "2": {"loss": 0.7409152984619141}}{"0": {"loss": 1.5612198965890067}, "1": {"loss": 0.9453210830688477}, "2": {"loss": 0.7409152984619141}, "3": {"loss": 4.094620568411691}}{"0": {"loss": 1.5612198965890067}, "1": {"loss": 0.9453210830688477}, "2": {"loss": 0.7409152984619141}, "3": {"loss": 4.094620568411691}, "4": {"loss": 1.9013987949916296}}{"0": {"loss": 1.5612198965890067}, "1": {"loss": 0.9453210830688477}, "2": {"loss": 0.7409152984619141}, "3": {"loss": 4.094620568411691}, "4": {"loss": 1.9013987949916296}, "5": {"loss": 0.6187700544084821}}{"0": {"loss": 1.5612198965890067}, "1": {"loss": 0.9453210830688477}, "2": {"loss": 0.7409152984619141}, "3": {"loss": 4.094620568411691}, "4": {"loss": 1.9013987949916296}, "5": {"loss": 0.6187700544084821}, "6": {"loss": 1.6012563705444336}}{"0": {"loss": 1.5612198965890067}, "1": {"loss": 0.9453210830688477}, "2": {"loss": 0.7409152984619141}, "3": {"loss": 4.094620568411691}, "4": {"loss": 1.9013987949916296}, "5": {"loss": 0.6187700544084821}, "6": {"loss": 1.6012563705444336}, "7": {"loss": 0.30482237679617746}}{"0": {"loss": 1.7913391930716378}, "1": {"loss": 1.0484635489327567}, "2": {"loss": 0.6881194114685059}, "3": {"loss": 0.37662080356052946}, "4": {"loss": 0.38270126070295063}, "5": {"loss": 0.2736399344035557}, "6": {"loss": 0.14388425009591238}, "7": {"loss": 0.14249818665640696}, "8": {"loss": 0.15443052564348494}, "9": {"loss": 0.128309965133667}}{"0": {"loss": 1.5612198965890067}, "1": {"loss": 0.9453210830688477}, "2": {"loss": 0.7409152984619141}, "3": {"loss": 4.094620568411691}, "4": {"loss": 1.9013987949916296}, "5": {"loss": 0.6187700544084821}, "6": {"loss": 1.6012563705444336}, "7": {"loss": 0.30482237679617746}, "8": {"loss": 0.34930685588291716}}{"0": {"loss": 1.5612198965890067}, "1": {"loss": 0.9453210830688477}, "2": {"loss": 0.7409152984619141}, "3": {"loss": 4.094620568411691}, "4": {"loss": 1.9013987949916296}, "5": {"loss": 0.6187700544084821}, "6": {"loss": 1.6012563705444336}, "7": {"loss": 0.30482237679617746}, "8": {"loss": 0.34930685588291716}, "9": {"loss": 1.2015762329101562}}{"0": {"loss": 1.7008243288312639}}{"0": {"loss": 1.7008243288312639}, "1": {"loss": 1.0420423235212053}}{"0": {"loss": 1.7008243288312639}, "1": {"loss": 1.0420423235212053}, "2": {"loss": 1.2300222941807337}}{"0": {"loss": 1.7008243288312639}, "1": {"loss": 1.0420423235212053}, "2": {"loss": 1.2300222941807337}, "3": {"loss": 0.8028111457824707}}{"0": {"loss": 1.7008243288312639}, "1": {"loss": 1.0420423235212053}, "2": {"loss": 1.2300222941807337}, "3": {"loss": 0.8028111457824707}, "4": {"loss": 2.376755578177316}}{"0": {"loss": 1.7008243288312639}, "1": {"loss": 1.0420423235212053}, "2": {"loss": 1.2300222941807337}, "3": {"loss": 0.8028111457824707}, "4": {"loss": 2.376755578177316}, "5": {"loss": 1.0784461157662528}}{"0": {"loss": 1.7008243288312639}, "1": {"loss": 1.0420423235212053}, "2": {"loss": 1.2300222941807337}, "3": {"loss": 0.8028111457824707}, "4": {"loss": 2.376755578177316}, "5": {"loss": 1.0784461157662528}, "6": {"loss": 0.2770340953554426}}{"0": {"loss": 1.7008243288312639}, "1": {"loss": 1.0420423235212053}, "2": {"loss": 1.2300222941807337}, "3": {"loss": 0.8028111457824707}, "4": {"loss": 2.376755578177316}, "5": {"loss": 1.0784461157662528}, "6": {"loss": 0.2770340953554426}, "7": {"loss": 0.5454627105167934}}{"0": {"loss": 1.7008243288312639}, "1": {"loss": 1.0420423235212053}, "2": {"loss": 1.2300222941807337}, "3": {"loss": 0.8028111457824707}, "4": {"loss": 2.376755578177316}, "5": {"loss": 1.0784461157662528}, "6": {"loss": 0.2770340953554426}, "7": {"loss": 0.5454627105167934}, "8": {"loss": 4.098297391619001}}{"0": {"loss": 1.7008243288312639}, "1": {"loss": 1.0420423235212053}, "2": {"loss": 1.2300222941807337}, "3": {"loss": 0.8028111457824707}, "4": {"loss": 2.376755578177316}, "5": {"loss": 1.0784461157662528}, "6": {"loss": 0.2770340953554426}, "7": {"loss": 0.5454627105167934}, "8": {"loss": 4.098297391619001}, "9": {"loss": 6.255221775599888}}