{"0": {"loss": 2.1435114996773854}}{"0": {"loss": 2.1435114996773854}, "1": {"loss": 1.2344747270856584}}{"0": {"loss": 2.1435114996773854}, "1": {"loss": 1.2344747270856584}, "2": {"loss": 0.7802062715802874}}{"0": {"loss": 2.1435114996773854}, "1": {"loss": 1.2344747270856584}, "2": {"loss": 0.7802062715802874}, "3": {"loss": 0.6337447166442871}}{"0": {"loss": 2.1435114996773854}, "1": {"loss": 1.2344747270856584}, "2": {"loss": 0.7802062715802874}, "3": {"loss": 0.6337447166442871}, "4": {"loss": 0.3951925890786307}}{"0": {"loss": 2.1435114996773854}, "1": {"loss": 1.2344747270856584}, "2": {"loss": 0.7802062715802874}, "3": {"loss": 0.6337447166442871}, "4": {"loss": 0.3951925890786307}, "5": {"loss": 0.2907962458474295}}{"0": {"loss": 2.1435114996773854}, "1": {"loss": 1.2344747270856584}, "2": {"loss": 0.7802062715802874}, "3": {"loss": 0.6337447166442871}, "4": {"loss": 0.3951925890786307}, "5": {"loss": 0.2907962458474295}, "6": {"loss": 0.14749482699802943}}{"0": {"loss": 2.1435114996773854}, "1": {"loss": 1.2344747270856584}, "2": {"loss": 0.7802062715802874}, "3": {"loss": 0.6337447166442871}, "4": {"loss": 0.3951925890786307}, "5": {"loss": 0.2907962458474295}, "6": {"loss": 0.14749482699802943}, "7": {"loss": 0.2535254274095808}}{"0": {"loss": 2.1435114996773854}, "1": {"loss": 1.2344747270856584}, "2": {"loss": 0.7802062715802874}, "3": {"loss": 0.6337447166442871}, "4": {"loss": 0.3951925890786307}, "5": {"loss": 0.2907962458474295}, "6": {"loss": 0.14749482699802943}, "7": {"loss": 0.2535254274095808}, "8": {"loss": 0.19127505166190012}}{"0": {"loss": 2.1435114996773854}, "1": {"loss": 1.2344747270856584}, "2": {"loss": 0.7802062715802874}, "3": {"loss": 0.6337447166442871}, "4": {"loss": 0.3951925890786307}, "5": {"loss": 0.2907962458474295}, "6": {"loss": 0.14749482699802943}, "7": {"loss": 0.2535254274095808}, "8": {"loss": 0.19127505166190012}, "9": {"loss": 0.2631694759641375}}