{"0": {"loss": 1.7456309454781669}}{"0": {"loss": 1.7456309454781669}, "1": {"loss": 0.9619227818080357}}{"0": {"loss": 1.7456309454781669}, "1": {"loss": 0.9619227818080357}, "2": {"loss": 0.6118297576904297}}{"0": {"loss": 1.7456309454781669}, "1": {"loss": 0.9619227818080357}, "2": {"loss": 0.6118297576904297}, "3": {"loss": 0.3299768311636789}}{"0": {"loss": 1.7456309454781669}, "1": {"loss": 0.9619227818080357}, "2": {"loss": 0.6118297576904297}, "3": {"loss": 0.3299768311636789}, "4": {"loss": 0.23848748207092285}}{"0": {"loss": 1.7456309454781669}, "1": {"loss": 0.9619227818080357}, "2": {"loss": 0.6118297576904297}, "3": {"loss": 0.3299768311636789}, "4": {"loss": 0.23848748207092285}, "5": {"loss": 0.1545085906982422}}{"0": {"loss": 1.7456309454781669}, "1": {"loss": 0.9619227818080357}, "2": {"loss": 0.6118297576904297}, "3": {"loss": 0.3299768311636789}, "4": {"loss": 0.23848748207092285}, "5": {"loss": 0.1545085906982422}, "6": {"loss": 0.06964980704443795}}{"0": {"loss": 1.7456309454781669}, "1": {"loss": 0.9619227818080357}, "2": {"loss": 0.6118297576904297}, "3": {"loss": 0.3299768311636789}, "4": {"loss": 0.23848748207092285}, "5": {"loss": 0.1545085906982422}, "6": {"loss": 0.06964980704443795}, "7": {"loss": 0.045422519956316264}}{"0": {"loss": 1.7456309454781669}, "1": {"loss": 0.9619227818080357}, "2": {"loss": 0.6118297576904297}, "3": {"loss": 0.3299768311636789}, "4": {"loss": 0.23848748207092285}, "5": {"loss": 0.1545085906982422}, "6": {"loss": 0.06964980704443795}, "7": {"loss": 0.045422519956316264}, "8": {"loss": 0.03306997035230909}}{"0": {"loss": 1.7456309454781669}, "1": {"loss": 0.9619227818080357}, "2": {"loss": 0.6118297576904297}, "3": {"loss": 0.3299768311636789}, "4": {"loss": 0.23848748207092285}, "5": {"loss": 0.1545085906982422}, "6": {"loss": 0.06964980704443795}, "7": {"loss": 0.045422519956316264}, "8": {"loss": 0.03306997035230909}, "9": {"loss": 0.027570505227361406}}