{"0": {"loss": 1.912106650216239}}{"0": {"loss": 1.912106650216239}, "1": {"loss": 1.139739990234375}}{"0": {"loss": 1.912106650216239}, "1": {"loss": 1.139739990234375}, "2": {"loss": 0.7366859572274345}}{"0": {"loss": 1.912106650216239}, "1": {"loss": 1.139739990234375}, "2": {"loss": 0.7366859572274345}, "3": {"loss": 0.4633865697043283}}{"0": {"loss": 1.912106650216239}, "1": {"loss": 1.139739990234375}, "2": {"loss": 0.7366859572274345}, "3": {"loss": 0.4633865697043283}, "4": {"loss": 0.2379652772630964}}{"0": {"loss": 1.912106650216239}, "1": {"loss": 1.139739990234375}, "2": {"loss": 0.7366859572274345}, "3": {"loss": 0.4633865697043283}, "4": {"loss": 0.2379652772630964}, "5": {"loss": 0.18930973325456893}}{"0": {"loss": 1.912106650216239}, "1": {"loss": 1.139739990234375}, "2": {"loss": 0.7366859572274345}, "3": {"loss": 0.4633865697043283}, "4": {"loss": 0.2379652772630964}, "5": {"loss": 0.18930973325456893}, "6": {"loss": 0.09260229553495135}}{"0": {"loss": 1.912106650216239}, "1": {"loss": 1.139739990234375}, "2": {"loss": 0.7366859572274345}, "3": {"loss": 0.4633865697043283}, "4": {"loss": 0.2379652772630964}, "5": {"loss": 0.18930973325456893}, "6": {"loss": 0.09260229553495135}, "7": {"loss": 0.07270995208195277}}{"0": {"loss": 1.912106650216239}, "1": {"loss": 1.139739990234375}, "2": {"loss": 0.7366859572274345}, "3": {"loss": 0.4633865697043283}, "4": {"loss": 0.2379652772630964}, "5": {"loss": 0.18930973325456893}, "6": {"loss": 0.09260229553495135}, "7": {"loss": 0.07270995208195277}, "8": {"loss": 0.0405491760798863}}{"0": {"loss": 1.912106650216239}, "1": {"loss": 1.139739990234375}, "2": {"loss": 0.7366859572274345}, "3": {"loss": 0.4633865697043283}, "4": {"loss": 0.2379652772630964}, "5": {"loss": 0.18930973325456893}, "6": {"loss": 0.09260229553495135}, "7": {"loss": 0.07270995208195277}, "8": {"loss": 0.0405491760798863}, "9": {"loss": 0.03085030828203474}}