{"0": {"loss": 2.382622310093471}}{"0": {"loss": 2.382622310093471}, "1": {"loss": 1.9151355198451452}}{"0": {"loss": 2.382622310093471}, "1": {"loss": 1.9151355198451452}, "2": {"loss": 1.1762830189296178}}{"0": {"loss": 2.382622310093471}, "1": {"loss": 1.9151355198451452}, "2": {"loss": 1.1762830189296178}, "3": {"loss": 0.9599456105913434}}{"0": {"loss": 2.382622310093471}, "1": {"loss": 1.9151355198451452}, "2": {"loss": 1.1762830189296178}, "3": {"loss": 0.9599456105913434}, "4": {"loss": 0.5576088087899345}}{"0": {"loss": 2.382622310093471}, "1": {"loss": 1.9151355198451452}, "2": {"loss": 1.1762830189296178}, "3": {"loss": 0.9599456105913434}, "4": {"loss": 0.5576088087899345}, "5": {"loss": 0.5049200057983398}}{"0": {"loss": 2.382622310093471}, "1": {"loss": 1.9151355198451452}, "2": {"loss": 1.1762830189296178}, "3": {"loss": 0.9599456105913434}, "4": {"loss": 0.5576088087899345}, "5": {"loss": 0.5049200057983398}, "6": {"loss": 0.3399088042122977}}{"0": {"loss": 2.382622310093471}, "1": {"loss": 1.9151355198451452}, "2": {"loss": 1.1762830189296178}, "3": {"loss": 0.9599456105913434}, "4": {"loss": 0.5576088087899345}, "5": {"loss": 0.5049200057983398}, "6": {"loss": 0.3399088042122977}, "7": {"loss": 0.19704788071768625}}{"0": {"loss": 2.382622310093471}, "1": {"loss": 1.9151355198451452}, "2": {"loss": 1.1762830189296178}, "3": {"loss": 0.9599456105913434}, "4": {"loss": 0.5576088087899345}, "5": {"loss": 0.5049200057983398}, "6": {"loss": 0.3399088042122977}, "7": {"loss": 0.19704788071768625}, "8": {"loss": 0.5180572441646031}}{"0": {"loss": 2.382622310093471}, "1": {"loss": 1.9151355198451452}, "2": {"loss": 1.1762830189296178}, "3": {"loss": 0.9599456105913434}, "4": {"loss": 0.5576088087899345}, "5": {"loss": 0.5049200057983398}, "6": {"loss": 0.3399088042122977}, "7": {"loss": 0.19704788071768625}, "8": {"loss": 0.5180572441646031}, "9": {"loss": 0.17672157287597656}}