{"0": {"loss": 1.749473708016532}}{"0": {"loss": 1.749473708016532}, "1": {"loss": 0.8824441773550851}}{"0": {"loss": 1.749473708016532}, "1": {"loss": 0.8824441773550851}, "2": {"loss": 0.4835160119192941}}{"0": {"loss": 1.749473708016532}, "1": {"loss": 0.8824441773550851}, "2": {"loss": 0.4835160119192941}, "3": {"loss": 0.1841235671724592}}{"0": {"loss": 1.749473708016532}, "1": {"loss": 0.8824441773550851}, "2": {"loss": 0.4835160119192941}, "3": {"loss": 0.1841235671724592}, "4": {"loss": 0.10185963766915458}}{"0": {"loss": 1.749473708016532}, "1": {"loss": 0.8824441773550851}, "2": {"loss": 0.4835160119192941}, "3": {"loss": 0.1841235671724592}, "4": {"loss": 0.10185963766915458}, "5": {"loss": 0.045201318604605537}}{"0": {"loss": 1.749473708016532}, "1": {"loss": 0.8824441773550851}, "2": {"loss": 0.4835160119192941}, "3": {"loss": 0.1841235671724592}, "4": {"loss": 0.10185963766915458}, "5": {"loss": 0.045201318604605537}, "6": {"loss": 0.07621788127081734}}{"0": {"loss": 1.749473708016532}, "1": {"loss": 0.8824441773550851}, "2": {"loss": 0.4835160119192941}, "3": {"loss": 0.1841235671724592}, "4": {"loss": 0.10185963766915458}, "5": {"loss": 0.045201318604605537}, "6": {"loss": 0.07621788127081734}, "7": {"loss": 0.04247535978044782}}{"0": {"loss": 1.749473708016532}, "1": {"loss": 0.8824441773550851}, "2": {"loss": 0.4835160119192941}, "3": {"loss": 0.1841235671724592}, "4": {"loss": 0.10185963766915458}, "5": {"loss": 0.045201318604605537}, "6": {"loss": 0.07621788127081734}, "7": {"loss": 0.04247535978044782}, "8": {"loss": 0.021367566926138743}}{"0": {"loss": 1.749473708016532}, "1": {"loss": 0.8824441773550851}, "2": {"loss": 0.4835160119192941}, "3": {"loss": 0.1841235671724592}, "4": {"loss": 0.10185963766915458}, "5": {"loss": 0.045201318604605537}, "6": {"loss": 0.07621788127081734}, "7": {"loss": 0.04247535978044782}, "8": {"loss": 0.021367566926138743}, "9": {"loss": 0.0133670089500291}}