{"0": {"loss": 1.9433934347970145}}{"0": {"loss": 1.9433934347970145}, "1": {"loss": 1.1238354274204798}}{"0": {"loss": 1.9433934347970145}, "1": {"loss": 1.1238354274204798}, "2": {"loss": 0.7087264742170062}}{"0": {"loss": 1.9433934347970145}, "1": {"loss": 1.1238354274204798}, "2": {"loss": 0.7087264742170062}, "3": {"loss": 0.4707573481968471}}{"0": {"loss": 1.9433934347970145}, "1": {"loss": 1.1238354274204798}, "2": {"loss": 0.7087264742170062}, "3": {"loss": 0.4707573481968471}, "4": {"loss": 0.3641144888741629}}{"0": {"loss": 1.9433934347970145}, "1": {"loss": 1.1238354274204798}, "2": {"loss": 0.7087264742170062}, "3": {"loss": 0.4707573481968471}, "4": {"loss": 0.3641144888741629}, "5": {"loss": 0.1927011183329991}}{"0": {"loss": 1.9433934347970145}, "1": {"loss": 1.1238354274204798}, "2": {"loss": 0.7087264742170062}, "3": {"loss": 0.4707573481968471}, "4": {"loss": 0.3641144888741629}, "5": {"loss": 0.1927011183329991}, "6": {"loss": 0.11395677498408727}}{"0": {"loss": 1.9433934347970145}, "1": {"loss": 1.1238354274204798}, "2": {"loss": 0.7087264742170062}, "3": {"loss": 0.4707573481968471}, "4": {"loss": 0.3641144888741629}, "5": {"loss": 0.1927011183329991}, "6": {"loss": 0.11395677498408727}, "7": {"loss": 0.1045804534639631}}{"0": {"loss": 1.9433934347970145}, "1": {"loss": 1.1238354274204798}, "2": {"loss": 0.7087264742170062}, "3": {"loss": 0.4707573481968471}, "4": {"loss": 0.3641144888741629}, "5": {"loss": 0.1927011183329991}, "6": {"loss": 0.11395677498408727}, "7": {"loss": 0.1045804534639631}, "8": {"loss": 0.08021534340722221}}{"0": {"loss": 1.9433934347970145}, "1": {"loss": 1.1238354274204798}, "2": {"loss": 0.7087264742170062}, "3": {"loss": 0.4707573481968471}, "4": {"loss": 0.3641144888741629}, "5": {"loss": 0.1927011183329991}, "6": {"loss": 0.11395677498408727}, "7": {"loss": 0.1045804534639631}, "8": {"loss": 0.08021534340722221}, "9": {"loss": 0.06869145802089147}}{"0": {"loss": 1.9305353164672852}}{"0": {"loss": 1.9305353164672852}, "1": {"loss": 1.1999034881591797}}{"0": {"loss": 1.9305353164672852}, "1": {"loss": 1.1999034881591797}, "2": {"loss": 0.7206733567374093}}{"0": {"loss": 1.9305353164672852}, "1": {"loss": 1.1999034881591797}, "2": {"loss": 0.7206733567374093}, "3": {"loss": 0.4076721327645438}}{"0": {"loss": 1.9305353164672852}, "1": {"loss": 1.1999034881591797}, "2": {"loss": 0.7206733567374093}, "3": {"loss": 0.4076721327645438}, "4": {"loss": 0.19540398461478098}}{"0": {"loss": 1.9305353164672852}, "1": {"loss": 1.1999034881591797}, "2": {"loss": 0.7206733567374093}, "3": {"loss": 0.4076721327645438}, "4": {"loss": 0.19540398461478098}, "5": {"loss": 0.11551816974367414}}{"0": {"loss": 1.9305353164672852}, "1": {"loss": 1.1999034881591797}, "2": {"loss": 0.7206733567374093}, "3": {"loss": 0.4076721327645438}, "4": {"loss": 0.19540398461478098}, "5": {"loss": 0.11551816974367414}, "6": {"loss": 0.08964869805744716}}{"0": {"loss": 1.9305353164672852}, "1": {"loss": 1.1999034881591797}, "2": {"loss": 0.7206733567374093}, "3": {"loss": 0.4076721327645438}, "4": {"loss": 0.19540398461478098}, "5": {"loss": 0.11551816974367414}, "6": {"loss": 0.08964869805744716}, "7": {"loss": 0.08152742045266288}}{"0": {"loss": 1.9305353164672852}, "1": {"loss": 1.1999034881591797}, "2": {"loss": 0.7206733567374093}, "3": {"loss": 0.4076721327645438}, "4": {"loss": 0.19540398461478098}, "5": {"loss": 0.11551816974367414}, "6": {"loss": 0.08964869805744716}, "7": {"loss": 0.08152742045266288}, "8": {"loss": 0.09100816931043353}}{"0": {"loss": 1.9305353164672852}, "1": {"loss": 1.1999034881591797}, "2": {"loss": 0.7206733567374093}, "3": {"loss": 0.4076721327645438}, "4": {"loss": 0.19540398461478098}, "5": {"loss": 0.11551816974367414}, "6": {"loss": 0.08964869805744716}, "7": {"loss": 0.08152742045266288}, "8": {"loss": 0.09100816931043353}, "9": {"loss": 0.053904324769973755}}