{"0": {"loss": 1.9697230202811105}}{"0": {"loss": 1.9697230202811105}, "1": {"loss": 1.2611292430332728}}{"0": {"loss": 1.9697230202811105}, "1": {"loss": 1.2611292430332728}, "2": {"loss": 0.7512692042759487}}{"0": {"loss": 1.9697230202811105}, "1": {"loss": 1.2611292430332728}, "2": {"loss": 0.7512692042759487}, "3": {"loss": 0.5152504784720284}}{"0": {"loss": 1.9697230202811105}, "1": {"loss": 1.2611292430332728}, "2": {"loss": 0.7512692042759487}, "3": {"loss": 0.5152504784720284}, "4": {"loss": 0.45025151116507395}}{"0": {"loss": 1.9697230202811105}, "1": {"loss": 1.2611292430332728}, "2": {"loss": 0.7512692042759487}, "3": {"loss": 0.5152504784720284}, "4": {"loss": 0.45025151116507395}, "5": {"loss": 0.20985800879342215}}{"0": {"loss": 1.9697230202811105}, "1": {"loss": 1.2611292430332728}, "2": {"loss": 0.7512692042759487}, "3": {"loss": 0.5152504784720284}, "4": {"loss": 0.45025151116507395}, "5": {"loss": 0.20985800879342215}, "6": {"loss": 0.10148684467588152}}{"0": {"loss": 1.9697230202811105}, "1": {"loss": 1.2611292430332728}, "2": {"loss": 0.7512692042759487}, "3": {"loss": 0.5152504784720284}, "4": {"loss": 0.45025151116507395}, "5": {"loss": 0.20985800879342215}, "6": {"loss": 0.10148684467588152}, "7": {"loss": 0.08360074247632708}}{"0": {"loss": 1.9697230202811105}, "1": {"loss": 1.2611292430332728}, "2": {"loss": 0.7512692042759487}, "3": {"loss": 0.5152504784720284}, "4": {"loss": 0.45025151116507395}, "5": {"loss": 0.20985800879342215}, "6": {"loss": 0.10148684467588152}, "7": {"loss": 0.08360074247632708}, "8": {"loss": 0.042383551597595215}}{"0": {"loss": 1.9697230202811105}, "1": {"loss": 1.2611292430332728}, "2": {"loss": 0.7512692042759487}, "3": {"loss": 0.5152504784720284}, "4": {"loss": 0.45025151116507395}, "5": {"loss": 0.20985800879342215}, "6": {"loss": 0.10148684467588152}, "7": {"loss": 0.08360074247632708}, "8": {"loss": 0.042383551597595215}, "9": {"loss": 0.03013078442641667}}{"0": {"loss": 2.0962343215942383}}{"0": {"loss": 2.0962343215942383}, "1": {"loss": 1.548105103628976}}{"0": {"loss": 2.0962343215942383}, "1": {"loss": 1.548105103628976}, "2": {"loss": 1.013535499572754}}{"0": {"loss": 2.0962343215942383}, "1": {"loss": 1.548105103628976}, "2": {"loss": 1.013535499572754}, "3": {"loss": 0.6095284053257534}}{"0": {"loss": 2.0962343215942383}, "1": {"loss": 1.548105103628976}, "2": {"loss": 1.013535499572754}, "3": {"loss": 0.6095284053257534}, "4": {"loss": 0.3906524181365967}}{"0": {"loss": 2.0962343215942383}, "1": {"loss": 1.548105103628976}, "2": {"loss": 1.013535499572754}, "3": {"loss": 0.6095284053257534}, "4": {"loss": 0.3906524181365967}, "5": {"loss": 0.19379467623574392}}{"0": {"loss": 2.0962343215942383}, "1": {"loss": 1.548105103628976}, "2": {"loss": 1.013535499572754}, "3": {"loss": 0.6095284053257534}, "4": {"loss": 0.3906524181365967}, "5": {"loss": 0.19379467623574392}, "6": {"loss": 0.12508395739964076}}{"0": {"loss": 2.0962343215942383}, "1": {"loss": 1.548105103628976}, "2": {"loss": 1.013535499572754}, "3": {"loss": 0.6095284053257534}, "4": {"loss": 0.3906524181365967}, "5": {"loss": 0.19379467623574392}, "6": {"loss": 0.12508395739964076}, "7": {"loss": 0.07718745299748012}}{"0": {"loss": 2.0962343215942383}, "1": {"loss": 1.548105103628976}, "2": {"loss": 1.013535499572754}, "3": {"loss": 0.6095284053257534}, "4": {"loss": 0.3906524181365967}, "5": {"loss": 0.19379467623574392}, "6": {"loss": 0.12508395739964076}, "7": {"loss": 0.07718745299748012}, "8": {"loss": 0.05124703475407192}}{"0": {"loss": 2.0962343215942383}, "1": {"loss": 1.548105103628976}, "2": {"loss": 1.013535499572754}, "3": {"loss": 0.6095284053257534}, "4": {"loss": 0.3906524181365967}, "5": {"loss": 0.19379467623574392}, "6": {"loss": 0.12508395739964076}, "7": {"loss": 0.07718745299748012}, "8": {"loss": 0.05124703475407192}, "9": {"loss": 0.06360309890338353}}