{"0": {"loss": 2.0371498380388533}}{"0": {"loss": 2.0371498380388533}, "1": {"loss": 1.5519817897251673}}{"0": {"loss": 2.0371498380388533}, "1": {"loss": 1.5519817897251673}, "2": {"loss": 1.0565489360264368}}{"0": {"loss": 2.0371498380388533}, "1": {"loss": 1.5519817897251673}, "2": {"loss": 1.0565489360264368}, "3": {"loss": 0.7084324700491769}}{"0": {"loss": 2.0371498380388533}, "1": {"loss": 1.5519817897251673}, "2": {"loss": 1.0565489360264368}, "3": {"loss": 0.7084324700491769}, "4": {"loss": 0.4499930313655308}}{"0": {"loss": 2.0371498380388533}, "1": {"loss": 1.5519817897251673}, "2": {"loss": 1.0565489360264368}, "3": {"loss": 0.7084324700491769}, "4": {"loss": 0.4499930313655308}, "5": {"loss": 0.26121299607413156}}{"0": {"loss": 2.0371498380388533}, "1": {"loss": 1.5519817897251673}, "2": {"loss": 1.0565489360264368}, "3": {"loss": 0.7084324700491769}, "4": {"loss": 0.4499930313655308}, "5": {"loss": 0.26121299607413156}, "6": {"loss": 0.15069958141871861}}{"0": {"loss": 2.0371498380388533}, "1": {"loss": 1.5519817897251673}, "2": {"loss": 1.0565489360264368}, "3": {"loss": 0.7084324700491769}, "4": {"loss": 0.4499930313655308}, "5": {"loss": 0.26121299607413156}, "6": {"loss": 0.15069958141871861}, "7": {"loss": 0.09862990038735527}}{"0": {"loss": 2.0410970960344588}}{"0": {"loss": 2.0410970960344588}, "1": {"loss": 1.5599836621965681}}{"0": {"loss": 2.0410970960344588}, "1": {"loss": 1.5599836621965681}, "2": {"loss": 1.074737821306501}}{"0": {"loss": 2.0410970960344588}, "1": {"loss": 1.5599836621965681}, "2": {"loss": 1.074737821306501}, "3": {"loss": 0.7218489646911621}}{"0": {"loss": 2.0410970960344588}, "1": {"loss": 1.5599836621965681}, "2": {"loss": 1.074737821306501}, "3": {"loss": 0.7218489646911621}, "4": {"loss": 0.43377886499677387}}{"0": {"loss": 2.0410970960344588}, "1": {"loss": 1.5599836621965681}, "2": {"loss": 1.074737821306501}, "3": {"loss": 0.7218489646911621}, "4": {"loss": 0.43377886499677387}, "5": {"loss": 0.22101855278015137}}{"0": {"loss": 2.0410970960344588}, "1": {"loss": 1.5599836621965681}, "2": {"loss": 1.074737821306501}, "3": {"loss": 0.7218489646911621}, "4": {"loss": 0.43377886499677387}, "5": {"loss": 0.22101855278015137}, "6": {"loss": 0.1184023448399135}}{"0": {"loss": 2.0410970960344588}, "1": {"loss": 1.5599836621965681}, "2": {"loss": 1.074737821306501}, "3": {"loss": 0.7218489646911621}, "4": {"loss": 0.43377886499677387}, "5": {"loss": 0.22101855278015137}, "6": {"loss": 0.1184023448399135}, "7": {"loss": 0.09386566707066127}}{"0": {"loss": 2.0410970960344588}, "1": {"loss": 1.5599836621965681}, "2": {"loss": 1.074737821306501}, "3": {"loss": 0.7218489646911621}, "4": {"loss": 0.43377886499677387}, "5": {"loss": 0.22101855278015137}, "6": {"loss": 0.1184023448399135}, "7": {"loss": 0.09386566707066127}, "8": {"loss": 0.08261915615626744}}{"0": {"loss": 2.0410970960344588}, "1": {"loss": 1.5599836621965681}, "2": {"loss": 1.074737821306501}, "3": {"loss": 0.7218489646911621}, "4": {"loss": 0.43377886499677387}, "5": {"loss": 0.22101855278015137}, "6": {"loss": 0.1184023448399135}, "7": {"loss": 0.09386566707066127}, "8": {"loss": 0.08261915615626744}, "9": {"loss": 0.05883339047431946}}