{"0": {"loss": 2.1067796434674944}}{"0": {"loss": 2.1067796434674944}, "1": {"loss": 1.6611505235944475}}{"0": {"loss": 2.1067796434674944}, "1": {"loss": 1.6611505235944475}, "2": {"loss": 1.1802740097045898}}{"0": {"loss": 2.1067796434674944}, "1": {"loss": 1.6611505235944475}, "2": {"loss": 1.1802740097045898}, "3": {"loss": 0.8085190909249442}}{"0": {"loss": 2.1067796434674944}, "1": {"loss": 1.6611505235944475}, "2": {"loss": 1.1802740097045898}, "3": {"loss": 0.8085190909249442}, "4": {"loss": 0.5185173920222691}}{"0": {"loss": 2.1067796434674944}, "1": {"loss": 1.6611505235944475}, "2": {"loss": 1.1802740097045898}, "3": {"loss": 0.8085190909249442}, "4": {"loss": 0.5185173920222691}, "5": {"loss": 0.28618502616882324}}{"0": {"loss": 2.1067796434674944}, "1": {"loss": 1.6611505235944475}, "2": {"loss": 1.1802740097045898}, "3": {"loss": 0.8085190909249442}, "4": {"loss": 0.5185173920222691}, "5": {"loss": 0.28618502616882324}, "6": {"loss": 0.16217107432229177}}{"0": {"loss": 2.1067796434674944}, "1": {"loss": 1.6611505235944475}, "2": {"loss": 1.1802740097045898}, "3": {"loss": 0.8085190909249442}, "4": {"loss": 0.5185173920222691}, "5": {"loss": 0.28618502616882324}, "6": {"loss": 0.16217107432229177}, "7": {"loss": 0.11256829329899379}}{"0": {"loss": 2.1067796434674944}, "1": {"loss": 1.6611505235944475}, "2": {"loss": 1.1802740097045898}, "3": {"loss": 0.8085190909249442}, "4": {"loss": 0.5185173920222691}, "5": {"loss": 0.28618502616882324}, "6": {"loss": 0.16217107432229177}, "7": {"loss": 0.11256829329899379}, "8": {"loss": 0.08200243541172572}}{"0": {"loss": 2.1067796434674944}, "1": {"loss": 1.6611505235944475}, "2": {"loss": 1.1802740097045898}, "3": {"loss": 0.8085190909249442}, "4": {"loss": 0.5185173920222691}, "5": {"loss": 0.28618502616882324}, "6": {"loss": 0.16217107432229177}, "7": {"loss": 0.11256829329899379}, "8": {"loss": 0.08200243541172572}, "9": {"loss": 0.06362417766026088}}{"0": {"loss": 2.111682755606515}}{"0": {"loss": 2.111682755606515}, "1": {"loss": 1.6335702623639787}}{"0": {"loss": 2.111682755606515}, "1": {"loss": 1.6335702623639787}, "2": {"loss": 1.2253946576799666}}{"0": {"loss": 2.111682755606515}, "1": {"loss": 1.6335702623639787}, "2": {"loss": 1.2253946576799666}, "3": {"loss": 0.8679652895246234}}{"0": {"loss": 2.111682755606515}, "1": {"loss": 1.6335702623639787}, "2": {"loss": 1.2253946576799666}, "3": {"loss": 0.8679652895246234}, "4": {"loss": 0.5565429755619594}}{"0": {"loss": 2.111682755606515}, "1": {"loss": 1.6335702623639787}, "2": {"loss": 1.2253946576799666}, "3": {"loss": 0.8679652895246234}, "4": {"loss": 0.5565429755619594}, "5": {"loss": 0.3414027009691511}}{"0": {"loss": 2.111682755606515}, "1": {"loss": 1.6335702623639787}, "2": {"loss": 1.2253946576799666}, "3": {"loss": 0.8679652895246234}, "4": {"loss": 0.5565429755619594}, "5": {"loss": 0.3414027009691511}, "6": {"loss": 0.2048523085457938}}{"0": {"loss": 2.111682755606515}, "1": {"loss": 1.6335702623639787}, "2": {"loss": 1.2253946576799666}, "3": {"loss": 0.8679652895246234}, "4": {"loss": 0.5565429755619594}, "5": {"loss": 0.3414027009691511}, "6": {"loss": 0.2048523085457938}, "7": {"loss": 0.14341294765472412}}{"0": {"loss": 2.111682755606515}, "1": {"loss": 1.6335702623639787}, "2": {"loss": 1.2253946576799666}, "3": {"loss": 0.8679652895246234}, "4": {"loss": 0.5565429755619594}, "5": {"loss": 0.3414027009691511}, "6": {"loss": 0.2048523085457938}, "7": {"loss": 0.14341294765472412}, "8": {"loss": 0.08004059110369001}}{"0": {"loss": 2.111682755606515}, "1": {"loss": 1.6335702623639787}, "2": {"loss": 1.2253946576799666}, "3": {"loss": 0.8679652895246234}, "4": {"loss": 0.5565429755619594}, "5": {"loss": 0.3414027009691511}, "6": {"loss": 0.2048523085457938}, "7": {"loss": 0.14341294765472412}, "8": {"loss": 0.08004059110369001}, "9": {"loss": 0.06309226581028529}}