{"0": {"loss": 1.9272495269775392}}{"0": {"loss": 2.183658981323242}}{"0": {"loss": 1.9272495269775392}, "1": {"loss": 1.410904884338379}}{"0": {"loss": 2.183658981323242}, "1": {"loss": 2.2021408081054688}}{"0": {"loss": 1.9272495269775392}, "1": {"loss": 1.410904884338379}, "2": {"loss": 0.9604092597961426}}{"0": {"loss": 2.183658981323242}, "1": {"loss": 2.2021408081054688}, "2": {"loss": 1.4622507095336914}}{"0": {"loss": 1.9272495269775392}, "1": {"loss": 1.410904884338379}, "2": {"loss": 0.9604092597961426}, "3": {"loss": 0.6411901950836182}}{"0": {"loss": 2.183658981323242}, "1": {"loss": 2.2021408081054688}, "2": {"loss": 1.4622507095336914}, "3": {"loss": 1.0030952453613282}}{"0": {"loss": 1.9272495269775392}, "1": {"loss": 1.410904884338379}, "2": {"loss": 0.9604092597961426}, "3": {"loss": 0.6411901950836182}, "4": {"loss": 0.3901081562042236}}{"0": {"loss": 2.183658981323242}, "1": {"loss": 2.2021408081054688}, "2": {"loss": 1.4622507095336914}, "3": {"loss": 1.0030952453613282}, "4": {"loss": 0.6855989933013916}}{"0": {"loss": 1.9272495269775392}, "1": {"loss": 1.410904884338379}, "2": {"loss": 0.9604092597961426}, "3": {"loss": 0.6411901950836182}, "4": {"loss": 0.3901081562042236}, "5": {"loss": 0.1895849585533142}}{"0": {"loss": 2.183658981323242}, "1": {"loss": 2.2021408081054688}, "2": {"loss": 1.4622507095336914}, "3": {"loss": 1.0030952453613282}, "4": {"loss": 0.6855989933013916}, "5": {"loss": 0.39613962173461914}}{"0": {"loss": 1.9272495269775392}, "1": {"loss": 1.410904884338379}, "2": {"loss": 0.9604092597961426}, "3": {"loss": 0.6411901950836182}, "4": {"loss": 0.3901081562042236}, "5": {"loss": 0.1895849585533142}, "6": {"loss": 0.15612097978591918}}{"0": {"loss": 2.183658981323242}, "1": {"loss": 2.2021408081054688}, "2": {"loss": 1.4622507095336914}, "3": {"loss": 1.0030952453613282}, "4": {"loss": 0.6855989933013916}, "5": {"loss": 0.39613962173461914}, "6": {"loss": 0.22787220478057862}}{"0": {"loss": 1.9272495269775392}, "1": {"loss": 1.410904884338379}, "2": {"loss": 0.9604092597961426}, "3": {"loss": 0.6411901950836182}, "4": {"loss": 0.3901081562042236}, "5": {"loss": 0.1895849585533142}, "6": {"loss": 0.15612097978591918}, "7": {"loss": 0.12419147491455078}}{"0": {"loss": 2.183658981323242}, "1": {"loss": 2.2021408081054688}, "2": {"loss": 1.4622507095336914}, "3": {"loss": 1.0030952453613282}, "4": {"loss": 0.6855989933013916}, "5": {"loss": 0.39613962173461914}, "6": {"loss": 0.22787220478057862}, "7": {"loss": 0.20463893413543702}}{"0": {"loss": 1.9272495269775392}, "1": {"loss": 1.410904884338379}, "2": {"loss": 0.9604092597961426}, "3": {"loss": 0.6411901950836182}, "4": {"loss": 0.3901081562042236}, "5": {"loss": 0.1895849585533142}, "6": {"loss": 0.15612097978591918}, "7": {"loss": 0.12419147491455078}, "8": {"loss": 0.10482696294784546}}{"0": {"loss": 2.183658981323242}, "1": {"loss": 2.2021408081054688}, "2": {"loss": 1.4622507095336914}, "3": {"loss": 1.0030952453613282}, "4": {"loss": 0.6855989933013916}, "5": {"loss": 0.39613962173461914}, "6": {"loss": 0.22787220478057862}, "7": {"loss": 0.20463893413543702}, "8": {"loss": 0.16544129848480224}}{"0": {"loss": 1.9272495269775392}, "1": {"loss": 1.410904884338379}, "2": {"loss": 0.9604092597961426}, "3": {"loss": 0.6411901950836182}, "4": {"loss": 0.3901081562042236}, "5": {"loss": 0.1895849585533142}, "6": {"loss": 0.15612097978591918}, "7": {"loss": 0.12419147491455078}, "8": {"loss": 0.10482696294784546}, "9": {"loss": 0.09839686751365662}}{"0": {"loss": 2.183658981323242}, "1": {"loss": 2.2021408081054688}, "2": {"loss": 1.4622507095336914}, "3": {"loss": 1.0030952453613282}, "4": {"loss": 0.6855989933013916}, "5": {"loss": 0.39613962173461914}, "6": {"loss": 0.22787220478057862}, "7": {"loss": 0.20463893413543702}, "8": {"loss": 0.16544129848480224}, "9": {"loss": 0.1973723888397217}}