{"0": {"loss": 2.064387321472168}}{"0": {"loss": 2.064387321472168}, "1": {"loss": 1.6452022552490235}}{"0": {"loss": 2.064387321472168}, "1": {"loss": 1.6452022552490235}, "2": {"loss": 0.9752849578857422}}{"0": {"loss": 2.064387321472168}, "1": {"loss": 1.6452022552490235}, "2": {"loss": 0.9752849578857422}, "3": {"loss": 0.629611587524414}}{"0": {"loss": 2.064387321472168}, "1": {"loss": 1.6452022552490235}, "2": {"loss": 0.9752849578857422}, "3": {"loss": 0.629611587524414}, "4": {"loss": 0.4346023082733154}}{"0": {"loss": 2.0491146087646483}}{"0": {"loss": 2.0491146087646483}, "1": {"loss": 1.4955559730529786}}{"0": {"loss": 2.0491146087646483}, "1": {"loss": 1.4955559730529786}, "2": {"loss": 0.9217368125915527}}{"0": {"loss": 2.0491146087646483}, "1": {"loss": 1.4955559730529786}, "2": {"loss": 0.9217368125915527}, "3": {"loss": 0.5503949642181396}}{"0": {"loss": 2.0491146087646483}, "1": {"loss": 1.4955559730529786}, "2": {"loss": 0.9217368125915527}, "3": {"loss": 0.5503949642181396}, "4": {"loss": 0.7254248142242432}}{"0": {"loss": 2.0491146087646483}, "1": {"loss": 1.4955559730529786}, "2": {"loss": 0.9217368125915527}, "3": {"loss": 0.5503949642181396}, "4": {"loss": 0.7254248142242432}, "5": {"loss": 1.2037595748901366}}{"0": {"loss": 2.0491146087646483}, "1": {"loss": 1.4955559730529786}, "2": {"loss": 0.9217368125915527}, "3": {"loss": 0.5503949642181396}, "4": {"loss": 0.7254248142242432}, "5": {"loss": 1.2037595748901366}, "6": {"loss": 0.3522808313369751}}{"0": {"loss": 2.0491146087646483}, "1": {"loss": 1.4955559730529786}, "2": {"loss": 0.9217368125915527}, "3": {"loss": 0.5503949642181396}, "4": {"loss": 0.7254248142242432}, "5": {"loss": 1.2037595748901366}, "6": {"loss": 0.3522808313369751}, "7": {"loss": 0.15926587581634521}}{"0": {"loss": 2.0491146087646483}, "1": {"loss": 1.4955559730529786}, "2": {"loss": 0.9217368125915527}, "3": {"loss": 0.5503949642181396}, "4": {"loss": 0.7254248142242432}, "5": {"loss": 1.2037595748901366}, "6": {"loss": 0.3522808313369751}, "7": {"loss": 0.15926587581634521}, "8": {"loss": 0.23990416526794434}}{"0": {"loss": 2.0491146087646483}, "1": {"loss": 1.4955559730529786}, "2": {"loss": 0.9217368125915527}, "3": {"loss": 0.5503949642181396}, "4": {"loss": 0.7254248142242432}, "5": {"loss": 1.2037595748901366}, "6": {"loss": 0.3522808313369751}, "7": {"loss": 0.15926587581634521}, "8": {"loss": 0.23990416526794434}, "9": {"loss": 0.0940901517868042}}