{"0": {"loss": 1.9523618698120118}}{"0": {"loss": 1.9523618698120118}, "1": {"loss": 1.6915374755859376}}{"0": {"loss": 1.950657844543457}}{"0": {"loss": 1.950657844543457}, "1": {"loss": 1.6690731048583984}}{"0": {"loss": 1.950657844543457}, "1": {"loss": 1.6690731048583984}, "2": {"loss": 1.4117023468017578}}{"0": {"loss": 1.950657844543457}, "1": {"loss": 1.6690731048583984}, "2": {"loss": 1.4117023468017578}, "3": {"loss": 1.0330583572387695}}{"0": {"loss": 1.950657844543457}, "1": {"loss": 1.6690731048583984}, "2": {"loss": 1.4117023468017578}, "3": {"loss": 1.0330583572387695}, "4": {"loss": 0.7158164501190185}}{"0": {"loss": 1.950657844543457}, "1": {"loss": 1.6690731048583984}, "2": {"loss": 1.4117023468017578}, "3": {"loss": 1.0330583572387695}, "4": {"loss": 0.7158164501190185}, "5": {"loss": 0.45276150703430174}}{"0": {"loss": 1.950657844543457}, "1": {"loss": 1.6690731048583984}, "2": {"loss": 1.4117023468017578}, "3": {"loss": 1.0330583572387695}, "4": {"loss": 0.7158164501190185}, "5": {"loss": 0.45276150703430174}, "6": {"loss": 0.23507835865020751}}{"0": {"loss": 1.950657844543457}, "1": {"loss": 1.6690731048583984}, "2": {"loss": 1.4117023468017578}, "3": {"loss": 1.0330583572387695}, "4": {"loss": 0.7158164501190185}, "5": {"loss": 0.45276150703430174}, "6": {"loss": 0.23507835865020751}, "7": {"loss": 0.11931834220886231}}{"0": {"loss": 1.950657844543457}, "1": {"loss": 1.6690731048583984}, "2": {"loss": 1.4117023468017578}, "3": {"loss": 1.0330583572387695}, "4": {"loss": 0.7158164501190185}, "5": {"loss": 0.45276150703430174}, "6": {"loss": 0.23507835865020751}, "7": {"loss": 0.11931834220886231}, "8": {"loss": 0.08911985158920288}}{"0": {"loss": 1.9517887115478516}}{"0": {"loss": 1.9517887115478516}, "1": {"loss": 1.6805217742919922}}{"0": {"loss": 1.9517887115478516}, "1": {"loss": 1.6805217742919922}, "2": {"loss": 1.461556339263916}}{"0": {"loss": 1.9517887115478516}, "1": {"loss": 1.6805217742919922}, "2": {"loss": 1.461556339263916}, "3": {"loss": 1.08087215423584}}{"0": {"loss": 1.9517887115478516}, "1": {"loss": 1.6805217742919922}, "2": {"loss": 1.461556339263916}, "3": {"loss": 1.08087215423584}, "4": {"loss": 0.6978254318237305}}{"0": {"loss": 1.9517887115478516}, "1": {"loss": 1.6805217742919922}, "2": {"loss": 1.461556339263916}, "3": {"loss": 1.08087215423584}, "4": {"loss": 0.6978254318237305}, "5": {"loss": 0.4452850818634033}}{"0": {"loss": 1.9517887115478516}, "1": {"loss": 1.6805217742919922}, "2": {"loss": 1.461556339263916}, "3": {"loss": 1.08087215423584}, "4": {"loss": 0.6978254318237305}, "5": {"loss": 0.4452850818634033}, "6": {"loss": 0.25157861709594725}}{"0": {"loss": 1.9517887115478516}, "1": {"loss": 1.6805217742919922}, "2": {"loss": 1.461556339263916}, "3": {"loss": 1.08087215423584}, "4": {"loss": 0.6978254318237305}, "5": {"loss": 0.4452850818634033}, "6": {"loss": 0.25157861709594725}, "7": {"loss": 0.13516051769256593}}{"0": {"loss": 1.9517887115478516}, "1": {"loss": 1.6805217742919922}, "2": {"loss": 1.461556339263916}, "3": {"loss": 1.08087215423584}, "4": {"loss": 0.6978254318237305}, "5": {"loss": 0.4452850818634033}, "6": {"loss": 0.25157861709594725}, "7": {"loss": 0.13516051769256593}, "8": {"loss": 0.08354188799858094}}{"0": {"loss": 1.9517887115478516}, "1": {"loss": 1.6805217742919922}, "2": {"loss": 1.461556339263916}, "3": {"loss": 1.08087215423584}, "4": {"loss": 0.6978254318237305}, "5": {"loss": 0.4452850818634033}, "6": {"loss": 0.25157861709594725}, "7": {"loss": 0.13516051769256593}, "8": {"loss": 0.08354188799858094}, "9": {"loss": 0.06250550150871277}}{"0": {"loss": 1.9586666107177735}}{"0": {"loss": 1.9586666107177735}, "1": {"loss": 1.7086830139160156}}{"0": {"loss": 1.9586666107177735}, "1": {"loss": 1.7086830139160156}, "2": {"loss": 1.430363368988037}}{"0": {"loss": 1.9586666107177735}, "1": {"loss": 1.7086830139160156}, "2": {"loss": 1.430363368988037}, "3": {"loss": 1.0609451293945313}}{"0": {"loss": 1.9586666107177735}, "1": {"loss": 1.7086830139160156}, "2": {"loss": 1.430363368988037}, "3": {"loss": 1.0609451293945313}, "4": {"loss": 0.7113242626190186}}{"0": {"loss": 1.9586666107177735}, "1": {"loss": 1.7086830139160156}, "2": {"loss": 1.430363368988037}, "3": {"loss": 1.0609451293945313}, "4": {"loss": 0.7113242626190186}, "5": {"loss": 0.4231424808502197}}{"0": {"loss": 1.9586666107177735}, "1": {"loss": 1.7086830139160156}, "2": {"loss": 1.430363368988037}, "3": {"loss": 1.0609451293945313}, "4": {"loss": 0.7113242626190186}, "5": {"loss": 0.4231424808502197}, "6": {"loss": 0.26380176544189454}}{"0": {"loss": 1.9586666107177735}, "1": {"loss": 1.7086830139160156}, "2": {"loss": 1.430363368988037}, "3": {"loss": 1.0609451293945313}, "4": {"loss": 0.7113242626190186}, "5": {"loss": 0.4231424808502197}, "6": {"loss": 0.26380176544189454}, "7": {"loss": 0.16455583572387694}}{"0": {"loss": 1.9586666107177735}, "1": {"loss": 1.7086830139160156}, "2": {"loss": 1.430363368988037}, "3": {"loss": 1.0609451293945313}, "4": {"loss": 0.7113242626190186}, "5": {"loss": 0.4231424808502197}, "6": {"loss": 0.26380176544189454}, "7": {"loss": 0.16455583572387694}, "8": {"loss": 0.08610327243804931}}{"0": {"loss": 1.9586666107177735}, "1": {"loss": 1.7086830139160156}, "2": {"loss": 1.430363368988037}, "3": {"loss": 1.0609451293945313}, "4": {"loss": 0.7113242626190186}, "5": {"loss": 0.4231424808502197}, "6": {"loss": 0.26380176544189454}, "7": {"loss": 0.16455583572387694}, "8": {"loss": 0.08610327243804931}, "9": {"loss": 0.05506443977355957}}