{"0": {"loss": 1.9155729293823243}}{"0": {"loss": 1.9124557495117187}}{"0": {"loss": 1.9123409271240235}}{"0": {"loss": 1.9123409271240235}, "1": {"loss": 1.5948549270629884}}{"0": {"loss": 1.9123409271240235}, "1": {"loss": 1.5948549270629884}, "2": {"loss": 1.1682143211364746}}{"0": {"loss": 1.9123409271240235}, "1": {"loss": 1.5948549270629884}, "2": {"loss": 1.1682143211364746}, "3": {"loss": 0.8359147071838379}}{"0": {"loss": 1.9123409271240235}, "1": {"loss": 1.5948549270629884}, "2": {"loss": 1.1682143211364746}, "3": {"loss": 0.8359147071838379}, "4": {"loss": 0.5383954048156738}}{"0": {"loss": 1.9123409271240235}, "1": {"loss": 1.5948549270629884}, "2": {"loss": 1.1682143211364746}, "3": {"loss": 0.8359147071838379}, "4": {"loss": 0.5383954048156738}, "5": {"loss": 0.37541239261627196}}{"0": {"loss": 1.9123409271240235}, "1": {"loss": 1.5948549270629884}, "2": {"loss": 1.1682143211364746}, "3": {"loss": 0.8359147071838379}, "4": {"loss": 0.5383954048156738}, "5": {"loss": 0.37541239261627196}, "6": {"loss": 0.24405689239501954}}{"0": {"loss": 1.9123409271240235}, "1": {"loss": 1.5948549270629884}, "2": {"loss": 1.1682143211364746}, "3": {"loss": 0.8359147071838379}, "4": {"loss": 0.5383954048156738}, "5": {"loss": 0.37541239261627196}, "6": {"loss": 0.24405689239501954}, "7": {"loss": 0.1611549973487854}}{"0": {"loss": 1.9123409271240235}, "1": {"loss": 1.5948549270629884}, "2": {"loss": 1.1682143211364746}, "3": {"loss": 0.8359147071838379}, "4": {"loss": 0.5383954048156738}, "5": {"loss": 0.37541239261627196}, "6": {"loss": 0.24405689239501954}, "7": {"loss": 0.1611549973487854}, "8": {"loss": 0.06669420003890991}}{"0": {"loss": 1.9123409271240235}, "1": {"loss": 1.5948549270629884}, "2": {"loss": 1.1682143211364746}, "3": {"loss": 0.8359147071838379}, "4": {"loss": 0.5383954048156738}, "5": {"loss": 0.37541239261627196}, "6": {"loss": 0.24405689239501954}, "7": {"loss": 0.1611549973487854}, "8": {"loss": 0.06669420003890991}, "9": {"loss": 0.043972963094711305}}