{"0": {"loss": 2.0914981842041014}}{"0": {"loss": 2.0914981842041014}, "1": {"loss": 1.8139524459838867}}{"0": {"loss": 2.0914981842041014}, "1": {"loss": 1.8139524459838867}, "2": {"loss": 1.5614686965942384}}{"0": {"loss": 2.0914981842041014}, "1": {"loss": 1.8139524459838867}, "2": {"loss": 1.5614686965942384}, "3": {"loss": 1.2380311965942383}}{"0": {"loss": 2.0914981842041014}, "1": {"loss": 1.8139524459838867}, "2": {"loss": 1.5614686965942384}, "3": {"loss": 1.2380311965942383}, "4": {"loss": 0.9296346664428711}}{"0": {"loss": 2.0914981842041014}, "1": {"loss": 1.8139524459838867}, "2": {"loss": 1.5614686965942384}, "3": {"loss": 1.2380311965942383}, "4": {"loss": 0.9296346664428711}, "5": {"loss": 0.6888859272003174}}{"0": {"loss": 2.0914981842041014}, "1": {"loss": 1.8139524459838867}, "2": {"loss": 1.5614686965942384}, "3": {"loss": 1.2380311965942383}, "4": {"loss": 0.9296346664428711}, "5": {"loss": 0.6888859272003174}, "6": {"loss": 0.549868106842041}}{"0": {"loss": 2.0914981842041014}, "1": {"loss": 1.8139524459838867}, "2": {"loss": 1.5614686965942384}, "3": {"loss": 1.2380311965942383}, "4": {"loss": 0.9296346664428711}, "5": {"loss": 0.6888859272003174}, "6": {"loss": 0.549868106842041}, "7": {"loss": 0.3992171764373779}}{"0": {"loss": 2.0914981842041014}, "1": {"loss": 1.8139524459838867}, "2": {"loss": 1.5614686965942384}, "3": {"loss": 1.2380311965942383}, "4": {"loss": 0.9296346664428711}, "5": {"loss": 0.6888859272003174}, "6": {"loss": 0.549868106842041}, "7": {"loss": 0.3992171764373779}, "8": {"loss": 0.2970912456512451}}{"0": {"loss": 2.071308708190918}}{"0": {"loss": 2.071308708190918}, "1": {"loss": 1.8056549072265624}}{"0": {"loss": 2.071308708190918}, "1": {"loss": 1.8056549072265624}, "2": {"loss": 1.5489334106445312}}{"0": {"loss": 2.071308708190918}, "1": {"loss": 1.8056549072265624}, "2": {"loss": 1.5489334106445312}, "3": {"loss": 1.2230228424072265}}{"0": {"loss": 2.071308708190918}, "1": {"loss": 1.8056549072265624}, "2": {"loss": 1.5489334106445312}, "3": {"loss": 1.2230228424072265}, "4": {"loss": 0.9125407218933106}}{"0": {"loss": 2.0731374740600588}}{"0": {"loss": 2.0731374740600588}, "1": {"loss": 1.7964811325073242}}{"0": {"loss": 2.0731374740600588}, "1": {"loss": 1.7964811325073242}, "2": {"loss": 1.5288854598999024}}{"0": {"loss": 2.0731374740600588}, "1": {"loss": 1.7964811325073242}, "2": {"loss": 1.5288854598999024}, "3": {"loss": 1.212235450744629}}{"0": {"loss": 2.0731374740600588}, "1": {"loss": 1.7964811325073242}, "2": {"loss": 1.5288854598999024}, "3": {"loss": 1.212235450744629}, "4": {"loss": 0.891227912902832}}{"0": {"loss": 2.0731374740600588}, "1": {"loss": 1.7964811325073242}, "2": {"loss": 1.5288854598999024}, "3": {"loss": 1.212235450744629}, "4": {"loss": 0.891227912902832}, "5": {"loss": 0.5921816825866699}}{"0": {"loss": 2.0731374740600588}, "1": {"loss": 1.7964811325073242}, "2": {"loss": 1.5288854598999024}, "3": {"loss": 1.212235450744629}, "4": {"loss": 0.891227912902832}, "5": {"loss": 0.5921816825866699}, "6": {"loss": 0.3662210702896118}}{"0": {"loss": 2.0731374740600588}, "1": {"loss": 1.7964811325073242}, "2": {"loss": 1.5288854598999024}, "3": {"loss": 1.212235450744629}, "4": {"loss": 0.891227912902832}, "5": {"loss": 0.5921816825866699}, "6": {"loss": 0.3662210702896118}, "7": {"loss": 0.23051939010620118}}{"0": {"loss": 2.0731374740600588}, "1": {"loss": 1.7964811325073242}, "2": {"loss": 1.5288854598999024}, "3": {"loss": 1.212235450744629}, "4": {"loss": 0.891227912902832}, "5": {"loss": 0.5921816825866699}, "6": {"loss": 0.3662210702896118}, "7": {"loss": 0.23051939010620118}, "8": {"loss": 0.1748743772506714}}{"0": {"loss": 2.0731374740600588}, "1": {"loss": 1.7964811325073242}, "2": {"loss": 1.5288854598999024}, "3": {"loss": 1.212235450744629}, "4": {"loss": 0.891227912902832}, "5": {"loss": 0.5921816825866699}, "6": {"loss": 0.3662210702896118}, "7": {"loss": 0.23051939010620118}, "8": {"loss": 0.1748743772506714}, "9": {"loss": 0.10559674501419067}}{"0": {"loss": 2.071334648132324}}{"0": {"loss": 2.071334648132324}, "1": {"loss": 1.7936492919921876}}{"0": {"loss": 2.071334648132324}, "1": {"loss": 1.7936492919921876}, "2": {"loss": 1.5177820205688477}}{"0": {"loss": 2.071334648132324}, "1": {"loss": 1.7936492919921876}, "2": {"loss": 1.5177820205688477}, "3": {"loss": 1.184528636932373}}{"0": {"loss": 2.071334648132324}, "1": {"loss": 1.7936492919921876}, "2": {"loss": 1.5177820205688477}, "3": {"loss": 1.184528636932373}, "4": {"loss": 0.8634517669677735}}{"0": {"loss": 2.071334648132324}, "1": {"loss": 1.7936492919921876}, "2": {"loss": 1.5177820205688477}, "3": {"loss": 1.184528636932373}, "4": {"loss": 0.8634517669677735}, "5": {"loss": 0.6094847679138183}}{"0": {"loss": 2.071334648132324}, "1": {"loss": 1.7936492919921876}, "2": {"loss": 1.5177820205688477}, "3": {"loss": 1.184528636932373}, "4": {"loss": 0.8634517669677735}, "5": {"loss": 0.6094847679138183}, "6": {"loss": 0.41210293769836426}}{"0": {"loss": 2.071334648132324}, "1": {"loss": 1.7936492919921876}, "2": {"loss": 1.5177820205688477}, "3": {"loss": 1.184528636932373}, "4": {"loss": 0.8634517669677735}, "5": {"loss": 0.6094847679138183}, "6": {"loss": 0.41210293769836426}, "7": {"loss": 0.22246987819671632}}{"0": {"loss": 2.071334648132324}, "1": {"loss": 1.7936492919921876}, "2": {"loss": 1.5177820205688477}, "3": {"loss": 1.184528636932373}, "4": {"loss": 0.8634517669677735}, "5": {"loss": 0.6094847679138183}, "6": {"loss": 0.41210293769836426}, "7": {"loss": 0.22246987819671632}, "8": {"loss": 0.14023325443267823}}{"0": {"loss": 2.071334648132324}, "1": {"loss": 1.7936492919921876}, "2": {"loss": 1.5177820205688477}, "3": {"loss": 1.184528636932373}, "4": {"loss": 0.8634517669677735}, "5": {"loss": 0.6094847679138183}, "6": {"loss": 0.41210293769836426}, "7": {"loss": 0.22246987819671632}, "8": {"loss": 0.14023325443267823}, "9": {"loss": 0.06262793540954589}}