{"0": {"loss": 2.132503890991211}}{"0": {"loss": 2.132503890991211}, "1": {"loss": 2.4680219650268556}}{"0": {"loss": 2.132503890991211}, "1": {"loss": 2.4680219650268556}, "2": {"loss": 2.4359460830688477}}{"0": {"loss": 2.132503890991211}, "1": {"loss": 2.4680219650268556}, "2": {"loss": 2.4359460830688477}, "3": {"loss": 1.2099695205688477}}{"0": {"loss": 2.132503890991211}, "1": {"loss": 2.4680219650268556}, "2": {"loss": 2.4359460830688477}, "3": {"loss": 1.2099695205688477}, "4": {"loss": 0.6535358905792237}}{"0": {"loss": 2.132503890991211}, "1": {"loss": 2.4680219650268556}, "2": {"loss": 2.4359460830688477}, "3": {"loss": 1.2099695205688477}, "4": {"loss": 0.6535358905792237}, "5": {"loss": 0.4482551097869873}}{"0": {"loss": 2.132503890991211}, "1": {"loss": 2.4680219650268556}, "2": {"loss": 2.4359460830688477}, "3": {"loss": 1.2099695205688477}, "4": {"loss": 0.6535358905792237}, "5": {"loss": 0.4482551097869873}, "6": {"loss": 0.2465367555618286}}{"0": {"loss": 2.132503890991211}, "1": {"loss": 2.4680219650268556}, "2": {"loss": 2.4359460830688477}, "3": {"loss": 1.2099695205688477}, "4": {"loss": 0.6535358905792237}, "5": {"loss": 0.4482551097869873}, "6": {"loss": 0.2465367555618286}, "7": {"loss": 0.14878801107406617}}{"0": {"loss": 2.132503890991211}, "1": {"loss": 2.4680219650268556}, "2": {"loss": 2.4359460830688477}, "3": {"loss": 1.2099695205688477}, "4": {"loss": 0.6535358905792237}, "5": {"loss": 0.4482551097869873}, "6": {"loss": 0.2465367555618286}, "7": {"loss": 0.14878801107406617}, "8": {"loss": 0.1756000280380249}}{"0": {"loss": 2.132503890991211}, "1": {"loss": 2.4680219650268556}, "2": {"loss": 2.4359460830688477}, "3": {"loss": 1.2099695205688477}, "4": {"loss": 0.6535358905792237}, "5": {"loss": 0.4482551097869873}, "6": {"loss": 0.2465367555618286}, "7": {"loss": 0.14878801107406617}, "8": {"loss": 0.1756000280380249}, "9": {"loss": 0.13907346725463868}}