{"0": {"loss": 2.0359643936157226}}{"0": {"loss": 2.484142875671387}}{"0": {"loss": 2.0359643936157226}, "1": {"loss": 1.6270341873168945}}{"0": {"loss": 2.484142875671387}, "1": {"loss": 1.9655570983886719}}{"0": {"loss": 2.0359643936157226}, "1": {"loss": 1.6270341873168945}, "2": {"loss": 0.9809722900390625}}{"0": {"loss": 2.484142875671387}, "1": {"loss": 1.9655570983886719}, "2": {"loss": 1.6877811431884766}}{"0": {"loss": 2.0359643936157226}, "1": {"loss": 1.6270341873168945}, "2": {"loss": 0.9809722900390625}, "3": {"loss": 0.7125585556030274}}{"0": {"loss": 2.484142875671387}, "1": {"loss": 1.9655570983886719}, "2": {"loss": 1.6877811431884766}, "3": {"loss": 1.1290406227111816}}{"0": {"loss": 2.0359643936157226}, "1": {"loss": 1.6270341873168945}, "2": {"loss": 0.9809722900390625}, "3": {"loss": 0.7125585556030274}, "4": {"loss": 0.5819177627563477}}{"0": {"loss": 2.484142875671387}, "1": {"loss": 1.9655570983886719}, "2": {"loss": 1.6877811431884766}, "3": {"loss": 1.1290406227111816}, "4": {"loss": 0.7445554256439209}}{"0": {"loss": 2.0359643936157226}, "1": {"loss": 1.6270341873168945}, "2": {"loss": 0.9809722900390625}, "3": {"loss": 0.7125585556030274}, "4": {"loss": 0.5819177627563477}, "5": {"loss": 0.40576682090759275}}{"0": {"loss": 2.484142875671387}, "1": {"loss": 1.9655570983886719}, "2": {"loss": 1.6877811431884766}, "3": {"loss": 1.1290406227111816}, "4": {"loss": 0.7445554256439209}, "5": {"loss": 0.5246144294738769}}{"0": {"loss": 2.0359643936157226}, "1": {"loss": 1.6270341873168945}, "2": {"loss": 0.9809722900390625}, "3": {"loss": 0.7125585556030274}, "4": {"loss": 0.5819177627563477}, "5": {"loss": 0.40576682090759275}, "6": {"loss": 0.2712165117263794}}{"0": {"loss": 2.484142875671387}, "1": {"loss": 1.9655570983886719}, "2": {"loss": 1.6877811431884766}, "3": {"loss": 1.1290406227111816}, "4": {"loss": 0.7445554256439209}, "5": {"loss": 0.5246144294738769}, "6": {"loss": 0.42569742202758787}}{"0": {"loss": 2.0359643936157226}, "1": {"loss": 1.6270341873168945}, "2": {"loss": 0.9809722900390625}, "3": {"loss": 0.7125585556030274}, "4": {"loss": 0.5819177627563477}, "5": {"loss": 0.40576682090759275}, "6": {"loss": 0.2712165117263794}, "7": {"loss": 0.20251157283782958}}{"0": {"loss": 2.484142875671387}, "1": {"loss": 1.9655570983886719}, "2": {"loss": 1.6877811431884766}, "3": {"loss": 1.1290406227111816}, "4": {"loss": 0.7445554256439209}, "5": {"loss": 0.5246144294738769}, "6": {"loss": 0.42569742202758787}, "7": {"loss": 0.3173173427581787}}{"0": {"loss": 2.0359643936157226}, "1": {"loss": 1.6270341873168945}, "2": {"loss": 0.9809722900390625}, "3": {"loss": 0.7125585556030274}, "4": {"loss": 0.5819177627563477}, "5": {"loss": 0.40576682090759275}, "6": {"loss": 0.2712165117263794}, "7": {"loss": 0.20251157283782958}, "8": {"loss": 0.11801326274871826}}{"0": {"loss": 2.484142875671387}, "1": {"loss": 1.9655570983886719}, "2": {"loss": 1.6877811431884766}, "3": {"loss": 1.1290406227111816}, "4": {"loss": 0.7445554256439209}, "5": {"loss": 0.5246144294738769}, "6": {"loss": 0.42569742202758787}, "7": {"loss": 0.3173173427581787}, "8": {"loss": 0.21941051483154297}}{"0": {"loss": 2.0359643936157226}, "1": {"loss": 1.6270341873168945}, "2": {"loss": 0.9809722900390625}, "3": {"loss": 0.7125585556030274}, "4": {"loss": 0.5819177627563477}, "5": {"loss": 0.40576682090759275}, "6": {"loss": 0.2712165117263794}, "7": {"loss": 0.20251157283782958}, "8": {"loss": 0.11801326274871826}, "9": {"loss": 0.15112152099609374}}{"0": {"loss": 2.484142875671387}, "1": {"loss": 1.9655570983886719}, "2": {"loss": 1.6877811431884766}, "3": {"loss": 1.1290406227111816}, "4": {"loss": 0.7445554256439209}, "5": {"loss": 0.5246144294738769}, "6": {"loss": 0.42569742202758787}, "7": {"loss": 0.3173173427581787}, "8": {"loss": 0.21941051483154297}, "9": {"loss": 0.16740647554397584}}