{"0": {"loss": 2.0529506683349608}}{"0": {"loss": 2.055348205566406}}{"0": {"loss": 2.055348205566406}, "1": {"loss": 1.6908746719360352}}{"0": {"loss": 2.055348205566406}, "1": {"loss": 1.6908746719360352}, "2": {"loss": 1.3175219535827636}}{"0": {"loss": 2.055348205566406}, "1": {"loss": 1.6908746719360352}, "2": {"loss": 1.3175219535827636}, "3": {"loss": 0.9842716217041015}}{"0": {"loss": 2.055348205566406}, "1": {"loss": 1.6908746719360352}, "2": {"loss": 1.3175219535827636}, "3": {"loss": 0.9842716217041015}, "4": {"loss": 0.670334005355835}}{"0": {"loss": 2.07706356048584}}{"0": {"loss": 2.07706356048584}, "1": {"loss": 1.7231843948364258}}{"0": {"loss": 2.07706356048584}, "1": {"loss": 1.7231843948364258}, "2": {"loss": 1.3260889053344727}}{"0": {"loss": 2.07706356048584}, "1": {"loss": 1.7231843948364258}, "2": {"loss": 1.3260889053344727}, "3": {"loss": 1.0065155029296875}}{"0": {"loss": 2.07706356048584}, "1": {"loss": 1.7231843948364258}, "2": {"loss": 1.3260889053344727}, "3": {"loss": 1.0065155029296875}, "4": {"loss": 0.8484704971313477}}{"0": {"loss": 2.07706356048584}, "1": {"loss": 1.7231843948364258}, "2": {"loss": 1.3260889053344727}, "3": {"loss": 1.0065155029296875}, "4": {"loss": 0.8484704971313477}, "5": {"loss": 0.6060750961303711}}{"0": {"loss": 2.07706356048584}, "1": {"loss": 1.7231843948364258}, "2": {"loss": 1.3260889053344727}, "3": {"loss": 1.0065155029296875}, "4": {"loss": 0.8484704971313477}, "5": {"loss": 0.6060750961303711}, "6": {"loss": 0.48142294883728026}}{"0": {"loss": 2.07706356048584}, "1": {"loss": 1.7231843948364258}, "2": {"loss": 1.3260889053344727}, "3": {"loss": 1.0065155029296875}, "4": {"loss": 0.8484704971313477}, "5": {"loss": 0.6060750961303711}, "6": {"loss": 0.48142294883728026}, "7": {"loss": 0.3674304485321045}}{"0": {"loss": 2.07706356048584}, "1": {"loss": 1.7231843948364258}, "2": {"loss": 1.3260889053344727}, "3": {"loss": 1.0065155029296875}, "4": {"loss": 0.8484704971313477}, "5": {"loss": 0.6060750961303711}, "6": {"loss": 0.48142294883728026}, "7": {"loss": 0.3674304485321045}, "8": {"loss": 0.2929001092910767}}{"0": {"loss": 2.07706356048584}, "1": {"loss": 1.7231843948364258}, "2": {"loss": 1.3260889053344727}, "3": {"loss": 1.0065155029296875}, "4": {"loss": 0.8484704971313477}, "5": {"loss": 0.6060750961303711}, "6": {"loss": 0.48142294883728026}, "7": {"loss": 0.3674304485321045}, "8": {"loss": 0.2929001092910767}, "9": {"loss": 0.24504544734954833}}{"0": {"loss": 2.036290168762207}}{"0": {"loss": 2.036290168762207}, "1": {"loss": 1.701845359802246}}{"0": {"loss": 2.036290168762207}, "1": {"loss": 1.701845359802246}, "2": {"loss": 1.3852160453796387}}{"0": {"loss": 2.036290168762207}, "1": {"loss": 1.701845359802246}, "2": {"loss": 1.3852160453796387}, "3": {"loss": 1.0254094123840332}}{"0": {"loss": 2.036290168762207}, "1": {"loss": 1.701845359802246}, "2": {"loss": 1.3852160453796387}, "3": {"loss": 1.0254094123840332}, "4": {"loss": 0.7040027141571045}}{"0": {"loss": 2.036290168762207}, "1": {"loss": 1.701845359802246}, "2": {"loss": 1.3852160453796387}, "3": {"loss": 1.0254094123840332}, "4": {"loss": 0.7040027141571045}, "5": {"loss": 0.5646246910095215}}{"0": {"loss": 2.036290168762207}, "1": {"loss": 1.701845359802246}, "2": {"loss": 1.3852160453796387}, "3": {"loss": 1.0254094123840332}, "4": {"loss": 0.7040027141571045}, "5": {"loss": 0.5646246910095215}, "6": {"loss": 0.4592311382293701}}{"0": {"loss": 2.036290168762207}, "1": {"loss": 1.701845359802246}, "2": {"loss": 1.3852160453796387}, "3": {"loss": 1.0254094123840332}, "4": {"loss": 0.7040027141571045}, "5": {"loss": 0.5646246910095215}, "6": {"loss": 0.4592311382293701}, "7": {"loss": 0.3591624736785889}}{"0": {"loss": 2.036290168762207}, "1": {"loss": 1.701845359802246}, "2": {"loss": 1.3852160453796387}, "3": {"loss": 1.0254094123840332}, "4": {"loss": 0.7040027141571045}, "5": {"loss": 0.5646246910095215}, "6": {"loss": 0.4592311382293701}, "7": {"loss": 0.3591624736785889}, "8": {"loss": 0.26744351387023924}}{"0": {"loss": 2.036290168762207}, "1": {"loss": 1.701845359802246}, "2": {"loss": 1.3852160453796387}, "3": {"loss": 1.0254094123840332}, "4": {"loss": 0.7040027141571045}, "5": {"loss": 0.5646246910095215}, "6": {"loss": 0.4592311382293701}, "7": {"loss": 0.3591624736785889}, "8": {"loss": 0.26744351387023924}, "9": {"loss": 0.19809200763702392}}