{"0": {"loss": 1.9256542205810547}}{"0": {"loss": 1.9256542205810547}, "1": {"loss": 1.5776921272277833}}{"0": {"loss": 1.9256542205810547}, "1": {"loss": 1.5776921272277833}, "2": {"loss": 1.2831579208374024}}{"0": {"loss": 1.9256542205810547}, "1": {"loss": 1.5776921272277833}, "2": {"loss": 1.2831579208374024}, "3": {"loss": 0.9870161056518555}}{"0": {"loss": 1.9256542205810547}, "1": {"loss": 1.5776921272277833}, "2": {"loss": 1.2831579208374024}, "3": {"loss": 0.9870161056518555}, "4": {"loss": 0.5816401958465576}}{"0": {"loss": 1.9256542205810547}, "1": {"loss": 1.5776921272277833}, "2": {"loss": 1.2831579208374024}, "3": {"loss": 0.9870161056518555}, "4": {"loss": 0.5816401958465576}, "5": {"loss": 0.3801965475082397}}{"0": {"loss": 1.9256542205810547}, "1": {"loss": 1.5776921272277833}, "2": {"loss": 1.2831579208374024}, "3": {"loss": 0.9870161056518555}, "4": {"loss": 0.5816401958465576}, "5": {"loss": 0.3801965475082397}, "6": {"loss": 0.21076056957244874}}{"0": {"loss": 1.9256542205810547}, "1": {"loss": 1.5776921272277833}, "2": {"loss": 1.2831579208374024}, "3": {"loss": 0.9870161056518555}, "4": {"loss": 0.5816401958465576}, "5": {"loss": 0.3801965475082397}, "6": {"loss": 0.21076056957244874}, "7": {"loss": 0.17225368022918702}}{"0": {"loss": 1.9256542205810547}, "1": {"loss": 1.5776921272277833}, "2": {"loss": 1.2831579208374024}, "3": {"loss": 0.9870161056518555}, "4": {"loss": 0.5816401958465576}, "5": {"loss": 0.3801965475082397}, "6": {"loss": 0.21076056957244874}, "7": {"loss": 0.17225368022918702}, "8": {"loss": 0.1312108278274536}}{"0": {"loss": 1.9256542205810547}, "1": {"loss": 1.5776921272277833}, "2": {"loss": 1.2831579208374024}, "3": {"loss": 0.9870161056518555}, "4": {"loss": 0.5816401958465576}, "5": {"loss": 0.3801965475082397}, "6": {"loss": 0.21076056957244874}, "7": {"loss": 0.17225368022918702}, "8": {"loss": 0.1312108278274536}, "9": {"loss": 0.09779897332191467}}{"0": {"loss": 1.9289833068847657}}{"0": {"loss": 1.9289833068847657}, "1": {"loss": 1.617772102355957}}{"0": {"loss": 1.9289833068847657}, "1": {"loss": 1.617772102355957}, "2": {"loss": 1.2460144996643066}}{"0": {"loss": 1.9289833068847657}, "1": {"loss": 1.617772102355957}, "2": {"loss": 1.2460144996643066}, "3": {"loss": 0.8650317192077637}}{"0": {"loss": 1.9289833068847657}, "1": {"loss": 1.617772102355957}, "2": {"loss": 1.2460144996643066}, "3": {"loss": 0.8650317192077637}, "4": {"loss": 0.43678131103515627}}{"0": {"loss": 1.9289833068847657}, "1": {"loss": 1.617772102355957}, "2": {"loss": 1.2460144996643066}, "3": {"loss": 0.8650317192077637}, "4": {"loss": 0.43678131103515627}, "5": {"loss": 0.2713984727859497}}{"0": {"loss": 1.9289833068847657}, "1": {"loss": 1.617772102355957}, "2": {"loss": 1.2460144996643066}, "3": {"loss": 0.8650317192077637}, "4": {"loss": 0.43678131103515627}, "5": {"loss": 0.2713984727859497}, "6": {"loss": 0.16578564643859864}}{"0": {"loss": 1.9289833068847657}, "1": {"loss": 1.617772102355957}, "2": {"loss": 1.2460144996643066}, "3": {"loss": 0.8650317192077637}, "4": {"loss": 0.43678131103515627}, "5": {"loss": 0.2713984727859497}, "6": {"loss": 0.16578564643859864}, "7": {"loss": 0.07726871967315674}}{"0": {"loss": 1.9289833068847657}, "1": {"loss": 1.617772102355957}, "2": {"loss": 1.2460144996643066}, "3": {"loss": 0.8650317192077637}, "4": {"loss": 0.43678131103515627}, "5": {"loss": 0.2713984727859497}, "6": {"loss": 0.16578564643859864}, "7": {"loss": 0.07726871967315674}, "8": {"loss": 0.049981480836868285}}{"0": {"loss": 1.9289833068847657}, "1": {"loss": 1.617772102355957}, "2": {"loss": 1.2460144996643066}, "3": {"loss": 0.8650317192077637}, "4": {"loss": 0.43678131103515627}, "5": {"loss": 0.2713984727859497}, "6": {"loss": 0.16578564643859864}, "7": {"loss": 0.07726871967315674}, "8": {"loss": 0.049981480836868285}, "9": {"loss": 0.06085698008537292}}