{"0": {"loss": 1.895489501953125}}{"0": {"loss": 1.895489501953125}, "1": {"loss": 1.484354305267334}}{"0": {"loss": 1.895489501953125}, "1": {"loss": 1.484354305267334}, "2": {"loss": 0.8691742897033692}}{"0": {"loss": 1.895489501953125}, "1": {"loss": 1.484354305267334}, "2": {"loss": 0.8691742897033692}, "3": {"loss": 0.45108919143676757}}{"0": {"loss": 1.895489501953125}, "1": {"loss": 1.484354305267334}, "2": {"loss": 0.8691742897033692}, "3": {"loss": 0.45108919143676757}, "4": {"loss": 0.2416083335876465}}{"0": {"loss": 1.895489501953125}, "1": {"loss": 1.484354305267334}, "2": {"loss": 0.8691742897033692}, "3": {"loss": 0.45108919143676757}, "4": {"loss": 0.2416083335876465}, "5": {"loss": 0.14052631855010986}}{"0": {"loss": 1.895489501953125}, "1": {"loss": 1.484354305267334}, "2": {"loss": 0.8691742897033692}, "3": {"loss": 0.45108919143676757}, "4": {"loss": 0.2416083335876465}, "5": {"loss": 0.14052631855010986}, "6": {"loss": 0.048376476764678954}}{"0": {"loss": 1.895489501953125}, "1": {"loss": 1.484354305267334}, "2": {"loss": 0.8691742897033692}, "3": {"loss": 0.45108919143676757}, "4": {"loss": 0.2416083335876465}, "5": {"loss": 0.14052631855010986}, "6": {"loss": 0.048376476764678954}, "7": {"loss": 0.025141143798828126}}{"0": {"loss": 1.895489501953125}, "1": {"loss": 1.484354305267334}, "2": {"loss": 0.8691742897033692}, "3": {"loss": 0.45108919143676757}, "4": {"loss": 0.2416083335876465}, "5": {"loss": 0.14052631855010986}, "6": {"loss": 0.048376476764678954}, "7": {"loss": 0.025141143798828126}, "8": {"loss": 0.020047193765640257}}{"0": {"loss": 1.895489501953125}, "1": {"loss": 1.484354305267334}, "2": {"loss": 0.8691742897033692}, "3": {"loss": 0.45108919143676757}, "4": {"loss": 0.2416083335876465}, "5": {"loss": 0.14052631855010986}, "6": {"loss": 0.048376476764678954}, "7": {"loss": 0.025141143798828126}, "8": {"loss": 0.020047193765640257}, "9": {"loss": 0.016246092319488526}}