{"0": {"loss": 1.9782583236694335}}{"0": {"loss": 1.9782583236694335}, "1": {"loss": 1.9332504272460938}}{"0": {"loss": 1.9782583236694335}, "1": {"loss": 1.9332504272460938}, "2": {"loss": 1.8625301361083983}}{"0": {"loss": 1.9782583236694335}, "1": {"loss": 1.9332504272460938}, "2": {"loss": 1.8625301361083983}, "3": {"loss": 1.7784196853637695}}{"0": {"loss": 1.9782583236694335}, "1": {"loss": 1.9332504272460938}, "2": {"loss": 1.8625301361083983}, "3": {"loss": 1.7784196853637695}, "4": {"loss": 1.7034793853759767}}{"0": {"loss": 1.9782583236694335}, "1": {"loss": 1.9332504272460938}, "2": {"loss": 1.8625301361083983}, "3": {"loss": 1.7784196853637695}, "4": {"loss": 1.7034793853759767}, "5": {"loss": 1.6317289352416993}}{"0": {"loss": 1.9782583236694335}, "1": {"loss": 1.9332504272460938}, "2": {"loss": 1.8625301361083983}, "3": {"loss": 1.7784196853637695}, "4": {"loss": 1.7034793853759767}, "5": {"loss": 1.6317289352416993}, "6": {"loss": 1.5477312088012696}}{"0": {"loss": 1.9782583236694335}, "1": {"loss": 1.9332504272460938}, "2": {"loss": 1.8625301361083983}, "3": {"loss": 1.7784196853637695}, "4": {"loss": 1.7034793853759767}, "5": {"loss": 1.6317289352416993}, "6": {"loss": 1.5477312088012696}, "7": {"loss": 1.4361624717712402}}{"0": {"loss": 1.9782583236694335}, "1": {"loss": 1.9332504272460938}, "2": {"loss": 1.8625301361083983}, "3": {"loss": 1.7784196853637695}, "4": {"loss": 1.7034793853759767}, "5": {"loss": 1.6317289352416993}, "6": {"loss": 1.5477312088012696}, "7": {"loss": 1.4361624717712402}, "8": {"loss": 1.299295711517334}}{"0": {"loss": 1.9782583236694335}, "1": {"loss": 1.9332504272460938}, "2": {"loss": 1.8625301361083983}, "3": {"loss": 1.7784196853637695}, "4": {"loss": 1.7034793853759767}, "5": {"loss": 1.6317289352416993}, "6": {"loss": 1.5477312088012696}, "7": {"loss": 1.4361624717712402}, "8": {"loss": 1.299295711517334}, "9": {"loss": 1.1424015998840331}}