{"0": {"loss": 2.1059005737304686}}{"0": {"loss": 2.1059005737304686}, "1": {"loss": 2.0460254669189455}}{"0": {"loss": 2.1059005737304686}, "1": {"loss": 2.0460254669189455}, "2": {"loss": 1.9557504653930664}}{"0": {"loss": 2.1059005737304686}, "1": {"loss": 2.0460254669189455}, "2": {"loss": 1.9557504653930664}, "3": {"loss": 1.8822465896606446}}{"0": {"loss": 2.1059005737304686}, "1": {"loss": 2.0460254669189455}, "2": {"loss": 1.9557504653930664}, "3": {"loss": 1.8822465896606446}, "4": {"loss": 1.8042026519775392}}{"0": {"loss": 2.1059005737304686}, "1": {"loss": 2.0460254669189455}, "2": {"loss": 1.9557504653930664}, "3": {"loss": 1.8822465896606446}, "4": {"loss": 1.8042026519775392}, "5": {"loss": 1.7223592758178712}}{"0": {"loss": 2.1059005737304686}, "1": {"loss": 2.0460254669189455}, "2": {"loss": 1.9557504653930664}, "3": {"loss": 1.8822465896606446}, "4": {"loss": 1.8042026519775392}, "5": {"loss": 1.7223592758178712}, "6": {"loss": 1.6450977325439453}}{"0": {"loss": 2.1059005737304686}, "1": {"loss": 2.0460254669189455}, "2": {"loss": 1.9557504653930664}, "3": {"loss": 1.8822465896606446}, "4": {"loss": 1.8042026519775392}, "5": {"loss": 1.7223592758178712}, "6": {"loss": 1.6450977325439453}, "7": {"loss": 1.5484813690185546}}{"0": {"loss": 2.1059005737304686}, "1": {"loss": 2.0460254669189455}, "2": {"loss": 1.9557504653930664}, "3": {"loss": 1.8822465896606446}, "4": {"loss": 1.8042026519775392}, "5": {"loss": 1.7223592758178712}, "6": {"loss": 1.6450977325439453}, "7": {"loss": 1.5484813690185546}, "8": {"loss": 1.4374337196350098}}{"0": {"loss": 2.1059005737304686}, "1": {"loss": 2.0460254669189455}, "2": {"loss": 1.9557504653930664}, "3": {"loss": 1.8822465896606446}, "4": {"loss": 1.8042026519775392}, "5": {"loss": 1.7223592758178712}, "6": {"loss": 1.6450977325439453}, "7": {"loss": 1.5484813690185546}, "8": {"loss": 1.4374337196350098}, "9": {"loss": 1.3077096939086914}}