{"0": {"loss": 2.103779411315918}}{"0": {"loss": 2.103779411315918}, "1": {"loss": 1.9469995498657227}}{"0": {"loss": 2.103779411315918}, "1": {"loss": 1.9469995498657227}, "2": {"loss": 1.8041009902954102}}{"0": {"loss": 2.103779411315918}, "1": {"loss": 1.9469995498657227}, "2": {"loss": 1.8041009902954102}, "3": {"loss": 1.6326801300048828}}{"0": {"loss": 2.103779411315918}, "1": {"loss": 1.9469995498657227}, "2": {"loss": 1.8041009902954102}, "3": {"loss": 1.6326801300048828}, "4": {"loss": 1.449094295501709}}{"0": {"loss": 2.103779411315918}, "1": {"loss": 1.9469995498657227}, "2": {"loss": 1.8041009902954102}, "3": {"loss": 1.6326801300048828}, "4": {"loss": 1.449094295501709}, "5": {"loss": 1.2122377395629882}}{"0": {"loss": 2.103779411315918}, "1": {"loss": 1.9469995498657227}, "2": {"loss": 1.8041009902954102}, "3": {"loss": 1.6326801300048828}, "4": {"loss": 1.449094295501709}, "5": {"loss": 1.2122377395629882}, "6": {"loss": 0.980585765838623}}{"0": {"loss": 2.103779411315918}, "1": {"loss": 1.9469995498657227}, "2": {"loss": 1.8041009902954102}, "3": {"loss": 1.6326801300048828}, "4": {"loss": 1.449094295501709}, "5": {"loss": 1.2122377395629882}, "6": {"loss": 0.980585765838623}, "7": {"loss": 0.7635814666748046}}{"0": {"loss": 2.103779411315918}, "1": {"loss": 1.9469995498657227}, "2": {"loss": 1.8041009902954102}, "3": {"loss": 1.6326801300048828}, "4": {"loss": 1.449094295501709}, "5": {"loss": 1.2122377395629882}, "6": {"loss": 0.980585765838623}, "7": {"loss": 0.7635814666748046}, "8": {"loss": 0.6157435894012451}}{"0": {"loss": 2.103779411315918}, "1": {"loss": 1.9469995498657227}, "2": {"loss": 1.8041009902954102}, "3": {"loss": 1.6326801300048828}, "4": {"loss": 1.449094295501709}, "5": {"loss": 1.2122377395629882}, "6": {"loss": 0.980585765838623}, "7": {"loss": 0.7635814666748046}, "8": {"loss": 0.6157435894012451}, "9": {"loss": 0.43210864067077637}}