{"0": {"loss": 1.972208595275879}}{"0": {"loss": 1.972208595275879}, "1": {"loss": 1.8500288009643555}}{"0": {"loss": 1.972208595275879}, "1": {"loss": 1.8500288009643555}, "2": {"loss": 1.7093845367431642}}{"0": {"loss": 1.972208595275879}, "1": {"loss": 1.8500288009643555}, "2": {"loss": 1.7093845367431642}, "3": {"loss": 1.5546016693115234}}{"0": {"loss": 1.972208595275879}, "1": {"loss": 1.8500288009643555}, "2": {"loss": 1.7093845367431642}, "3": {"loss": 1.5546016693115234}, "4": {"loss": 1.3676374435424805}}{"0": {"loss": 1.972208595275879}, "1": {"loss": 1.8500288009643555}, "2": {"loss": 1.7093845367431642}, "3": {"loss": 1.5546016693115234}, "4": {"loss": 1.3676374435424805}, "5": {"loss": 1.1280734062194824}}{"0": {"loss": 1.972208595275879}, "1": {"loss": 1.8500288009643555}, "2": {"loss": 1.7093845367431642}, "3": {"loss": 1.5546016693115234}, "4": {"loss": 1.3676374435424805}, "5": {"loss": 1.1280734062194824}, "6": {"loss": 0.8687990188598633}}{"0": {"loss": 1.972208595275879}, "1": {"loss": 1.8500288009643555}, "2": {"loss": 1.7093845367431642}, "3": {"loss": 1.5546016693115234}, "4": {"loss": 1.3676374435424805}, "5": {"loss": 1.1280734062194824}, "6": {"loss": 0.8687990188598633}, "7": {"loss": 0.6084534168243408}}{"0": {"loss": 1.972208595275879}, "1": {"loss": 1.8500288009643555}, "2": {"loss": 1.7093845367431642}, "3": {"loss": 1.5546016693115234}, "4": {"loss": 1.3676374435424805}, "5": {"loss": 1.1280734062194824}, "6": {"loss": 0.8687990188598633}, "7": {"loss": 0.6084534168243408}, "8": {"loss": 0.37067594528198244}}{"0": {"loss": 1.972208595275879}, "1": {"loss": 1.8500288009643555}, "2": {"loss": 1.7093845367431642}, "3": {"loss": 1.5546016693115234}, "4": {"loss": 1.3676374435424805}, "5": {"loss": 1.1280734062194824}, "6": {"loss": 0.8687990188598633}, "7": {"loss": 0.6084534168243408}, "8": {"loss": 0.37067594528198244}, "9": {"loss": 0.2404308795928955}}