{"0": {"loss": 2.3927289962768556}}{"0": {"loss": 3.4934497833251954}}{"0": {"loss": 2.3927289962768556}, "1": {"loss": 2.589092254638672}}{"0": {"loss": 3.4934497833251954}, "1": {"loss": 2.4255163192749025}}{"0": {"loss": 2.3927289962768556}, "1": {"loss": 2.589092254638672}, "2": {"loss": 1.864785385131836}}{"0": {"loss": 3.4934497833251954}, "1": {"loss": 2.4255163192749025}, "2": {"loss": 1.960146141052246}}{"0": {"loss": 2.3927289962768556}, "1": {"loss": 2.589092254638672}, "2": {"loss": 1.864785385131836}, "3": {"loss": 1.1991909980773925}}{"0": {"loss": 3.4934497833251954}, "1": {"loss": 2.4255163192749025}, "2": {"loss": 1.960146141052246}, "3": {"loss": 1.2789262771606444}}{"0": {"loss": 2.3927289962768556}, "1": {"loss": 2.589092254638672}, "2": {"loss": 1.864785385131836}, "3": {"loss": 1.1991909980773925}, "4": {"loss": 0.6904807567596436}}{"0": {"loss": 3.4934497833251954}, "1": {"loss": 2.4255163192749025}, "2": {"loss": 1.960146141052246}, "3": {"loss": 1.2789262771606444}, "4": {"loss": 0.7406879901885987}}{"0": {"loss": 2.3927289962768556}, "1": {"loss": 2.589092254638672}, "2": {"loss": 1.864785385131836}, "3": {"loss": 1.1991909980773925}, "4": {"loss": 0.6904807567596436}, "5": {"loss": 0.5572763919830322}}{"0": {"loss": 3.4934497833251954}, "1": {"loss": 2.4255163192749025}, "2": {"loss": 1.960146141052246}, "3": {"loss": 1.2789262771606444}, "4": {"loss": 0.7406879901885987}, "5": {"loss": 0.6304590225219726}}{"0": {"loss": 2.3927289962768556}, "1": {"loss": 2.589092254638672}, "2": {"loss": 1.864785385131836}, "3": {"loss": 1.1991909980773925}, "4": {"loss": 0.6904807567596436}, "5": {"loss": 0.5572763919830322}, "6": {"loss": 0.3492257118225098}}{"0": {"loss": 3.4934497833251954}, "1": {"loss": 2.4255163192749025}, "2": {"loss": 1.960146141052246}, "3": {"loss": 1.2789262771606444}, "4": {"loss": 0.7406879901885987}, "5": {"loss": 0.6304590225219726}, "6": {"loss": 0.4994143009185791}}{"0": {"loss": 2.3927289962768556}, "1": {"loss": 2.589092254638672}, "2": {"loss": 1.864785385131836}, "3": {"loss": 1.1991909980773925}, "4": {"loss": 0.6904807567596436}, "5": {"loss": 0.5572763919830322}, "6": {"loss": 0.3492257118225098}, "7": {"loss": 0.31973652839660643}}{"0": {"loss": 3.4934497833251954}, "1": {"loss": 2.4255163192749025}, "2": {"loss": 1.960146141052246}, "3": {"loss": 1.2789262771606444}, "4": {"loss": 0.7406879901885987}, "5": {"loss": 0.6304590225219726}, "6": {"loss": 0.4994143009185791}, "7": {"loss": 0.32382247447967527}}{"0": {"loss": 2.3927289962768556}, "1": {"loss": 2.589092254638672}, "2": {"loss": 1.864785385131836}, "3": {"loss": 1.1991909980773925}, "4": {"loss": 0.6904807567596436}, "5": {"loss": 0.5572763919830322}, "6": {"loss": 0.3492257118225098}, "7": {"loss": 0.31973652839660643}, "8": {"loss": 0.24177796840667726}}{"0": {"loss": 3.4934497833251954}, "1": {"loss": 2.4255163192749025}, "2": {"loss": 1.960146141052246}, "3": {"loss": 1.2789262771606444}, "4": {"loss": 0.7406879901885987}, "5": {"loss": 0.6304590225219726}, "6": {"loss": 0.4994143009185791}, "7": {"loss": 0.32382247447967527}, "8": {"loss": 0.2510546684265137}}{"0": {"loss": 2.3927289962768556}, "1": {"loss": 2.589092254638672}, "2": {"loss": 1.864785385131836}, "3": {"loss": 1.1991909980773925}, "4": {"loss": 0.6904807567596436}, "5": {"loss": 0.5572763919830322}, "6": {"loss": 0.3492257118225098}, "7": {"loss": 0.31973652839660643}, "8": {"loss": 0.24177796840667726}, "9": {"loss": 0.16205263137817383}}{"0": {"loss": 3.4934497833251954}, "1": {"loss": 2.4255163192749025}, "2": {"loss": 1.960146141052246}, "3": {"loss": 1.2789262771606444}, "4": {"loss": 0.7406879901885987}, "5": {"loss": 0.6304590225219726}, "6": {"loss": 0.4994143009185791}, "7": {"loss": 0.32382247447967527}, "8": {"loss": 0.2510546684265137}, "9": {"loss": 0.2045898914337158}}