{"0": {"loss": 4.257963180541992}}{"0": {"loss": 4.257963180541992}, "1": {"loss": 2.576368713378906}}{"0": {"loss": 4.257963180541992}, "1": {"loss": 2.576368713378906}, "2": {"loss": 2.570187568664551}}{"0": {"loss": 4.257963180541992}, "1": {"loss": 2.576368713378906}, "2": {"loss": 2.570187568664551}, "3": {"loss": 1.5216020584106444}}{"0": {"loss": 4.257963180541992}, "1": {"loss": 2.576368713378906}, "2": {"loss": 2.570187568664551}, "3": {"loss": 1.5216020584106444}, "4": {"loss": 0.7378867149353028}}{"0": {"loss": 4.257963180541992}, "1": {"loss": 2.576368713378906}, "2": {"loss": 2.570187568664551}, "3": {"loss": 1.5216020584106444}, "4": {"loss": 0.7378867149353028}, "5": {"loss": 0.4752956867218018}}{"0": {"loss": 4.257963180541992}, "1": {"loss": 2.576368713378906}, "2": {"loss": 2.570187568664551}, "3": {"loss": 1.5216020584106444}, "4": {"loss": 0.7378867149353028}, "5": {"loss": 0.4752956867218018}, "6": {"loss": 0.259445333480835}}{"0": {"loss": 4.257963180541992}, "1": {"loss": 2.576368713378906}, "2": {"loss": 2.570187568664551}, "3": {"loss": 1.5216020584106444}, "4": {"loss": 0.7378867149353028}, "5": {"loss": 0.4752956867218018}, "6": {"loss": 0.259445333480835}, "7": {"loss": 0.4055962085723877}}{"0": {"loss": 4.257963180541992}, "1": {"loss": 2.576368713378906}, "2": {"loss": 2.570187568664551}, "3": {"loss": 1.5216020584106444}, "4": {"loss": 0.7378867149353028}, "5": {"loss": 0.4752956867218018}, "6": {"loss": 0.259445333480835}, "7": {"loss": 0.4055962085723877}, "8": {"loss": 0.18923410177230834}}{"0": {"loss": 4.257963180541992}, "1": {"loss": 2.576368713378906}, "2": {"loss": 2.570187568664551}, "3": {"loss": 1.5216020584106444}, "4": {"loss": 0.7378867149353028}, "5": {"loss": 0.4752956867218018}, "6": {"loss": 0.259445333480835}, "7": {"loss": 0.4055962085723877}, "8": {"loss": 0.18923410177230834}, "9": {"loss": 0.168398916721344}}