{"0": {"loss": 1.911906623840332}}{"0": {"loss": 1.911906623840332}, "1": {"loss": 1.5686723709106445}}{"0": {"loss": 1.911906623840332}, "1": {"loss": 1.5686723709106445}, "2": {"loss": 1.1691317558288574}}{"0": {"loss": 1.911906623840332}, "1": {"loss": 1.5686723709106445}, "2": {"loss": 1.1691317558288574}, "3": {"loss": 0.7126515865325928}}{"0": {"loss": 1.911906623840332}, "1": {"loss": 1.5686723709106445}, "2": {"loss": 1.1691317558288574}, "3": {"loss": 0.7126515865325928}, "4": {"loss": 0.3572256088256836}}{"0": {"loss": 1.911906623840332}, "1": {"loss": 1.5686723709106445}, "2": {"loss": 1.1691317558288574}, "3": {"loss": 0.7126515865325928}, "4": {"loss": 0.3572256088256836}, "5": {"loss": 0.2318660020828247}}{"0": {"loss": 1.911906623840332}, "1": {"loss": 1.5686723709106445}, "2": {"loss": 1.1691317558288574}, "3": {"loss": 0.7126515865325928}, "4": {"loss": 0.3572256088256836}, "5": {"loss": 0.2318660020828247}, "6": {"loss": 0.11590368747711181}}{"0": {"loss": 1.911906623840332}, "1": {"loss": 1.5686723709106445}, "2": {"loss": 1.1691317558288574}, "3": {"loss": 0.7126515865325928}, "4": {"loss": 0.3572256088256836}, "5": {"loss": 0.2318660020828247}, "6": {"loss": 0.11590368747711181}, "7": {"loss": 0.09355982542037963}}{"0": {"loss": 1.911906623840332}, "1": {"loss": 1.5686723709106445}, "2": {"loss": 1.1691317558288574}, "3": {"loss": 0.7126515865325928}, "4": {"loss": 0.3572256088256836}, "5": {"loss": 0.2318660020828247}, "6": {"loss": 0.11590368747711181}, "7": {"loss": 0.09355982542037963}, "8": {"loss": 0.06881425380706788}}{"0": {"loss": 1.8948925018310547}}{"0": {"loss": 1.8948925018310547}, "1": {"loss": 1.6451986312866211}}{"0": {"loss": 1.8948925018310547}, "1": {"loss": 1.6451986312866211}, "2": {"loss": 1.3961722373962402}}{"0": {"loss": 1.8948925018310547}, "1": {"loss": 1.6451986312866211}, "2": {"loss": 1.3961722373962402}, "3": {"loss": 1.1747862815856933}}{"0": {"loss": 1.8948925018310547}, "1": {"loss": 1.6451986312866211}, "2": {"loss": 1.3961722373962402}, "3": {"loss": 1.1747862815856933}, "4": {"loss": 0.8310066223144531}}{"0": {"loss": 1.8948925018310547}, "1": {"loss": 1.6451986312866211}, "2": {"loss": 1.3961722373962402}, "3": {"loss": 1.1747862815856933}, "4": {"loss": 0.8310066223144531}, "5": {"loss": 0.570595121383667}}{"0": {"loss": 1.8948925018310547}, "1": {"loss": 1.6451986312866211}, "2": {"loss": 1.3961722373962402}, "3": {"loss": 1.1747862815856933}, "4": {"loss": 0.8310066223144531}, "5": {"loss": 0.570595121383667}, "6": {"loss": 0.377178692817688}}{"0": {"loss": 1.8948925018310547}, "1": {"loss": 1.6451986312866211}, "2": {"loss": 1.3961722373962402}, "3": {"loss": 1.1747862815856933}, "4": {"loss": 0.8310066223144531}, "5": {"loss": 0.570595121383667}, "6": {"loss": 0.377178692817688}, "7": {"loss": 0.22810909748077393}}{"0": {"loss": 1.8948925018310547}, "1": {"loss": 1.6451986312866211}, "2": {"loss": 1.3961722373962402}, "3": {"loss": 1.1747862815856933}, "4": {"loss": 0.8310066223144531}, "5": {"loss": 0.570595121383667}, "6": {"loss": 0.377178692817688}, "7": {"loss": 0.22810909748077393}, "8": {"loss": 0.13165431022644042}}{"0": {"loss": 1.911906623840332}, "1": {"loss": 1.5686723709106445}, "2": {"loss": 1.1691317558288574}, "3": {"loss": 0.7126515865325928}, "4": {"loss": 0.3572256088256836}, "5": {"loss": 0.2318660020828247}, "6": {"loss": 0.11590368747711181}, "7": {"loss": 0.09355982542037963}, "8": {"loss": 0.06881425380706788}, "9": {"loss": 0.05047051310539245}}{"0": {"loss": 1.8948925018310547}, "1": {"loss": 1.6451986312866211}, "2": {"loss": 1.3961722373962402}, "3": {"loss": 1.1747862815856933}, "4": {"loss": 0.8310066223144531}, "5": {"loss": 0.570595121383667}, "6": {"loss": 0.377178692817688}, "7": {"loss": 0.22810909748077393}, "8": {"loss": 0.13165431022644042}, "9": {"loss": 0.06768031716346741}}