{"0": {"loss": 1.8505245208740235}}{"0": {"loss": 1.8505245208740235}, "1": {"loss": 1.3221099853515625}}{"0": {"loss": 1.8505245208740235}, "1": {"loss": 1.3221099853515625}, "2": {"loss": 0.6267217636108399}}{"0": {"loss": 1.8505245208740235}, "1": {"loss": 1.3221099853515625}, "2": {"loss": 0.6267217636108399}, "3": {"loss": 0.2230576753616333}}{"0": {"loss": 1.8505245208740235}, "1": {"loss": 1.3221099853515625}, "2": {"loss": 0.6267217636108399}, "3": {"loss": 0.2230576753616333}, "4": {"loss": 0.09430979490280152}}{"0": {"loss": 1.8505245208740235}, "1": {"loss": 1.3221099853515625}, "2": {"loss": 0.6267217636108399}, "3": {"loss": 0.2230576753616333}, "4": {"loss": 0.09430979490280152}, "5": {"loss": 0.06545310020446778}}{"0": {"loss": 1.8505245208740235}, "1": {"loss": 1.3221099853515625}, "2": {"loss": 0.6267217636108399}, "3": {"loss": 0.2230576753616333}, "4": {"loss": 0.09430979490280152}, "5": {"loss": 0.06545310020446778}, "6": {"loss": 0.040526533126831056}}