{"0": {"loss": 2.0272897720336913}}{"0": {"loss": 2.0272897720336913}, "1": {"loss": 1.5343650817871093}}{"0": {"loss": 2.0272897720336913}, "1": {"loss": 1.5343650817871093}, "2": {"loss": 1.1015814781188964}}{"0": {"loss": 2.0272897720336913}, "1": {"loss": 1.5343650817871093}, "2": {"loss": 1.1015814781188964}, "3": {"loss": 0.7720110893249512}}{"0": {"loss": 2.0272897720336913}, "1": {"loss": 1.5343650817871093}, "2": {"loss": 1.1015814781188964}, "3": {"loss": 0.7720110893249512}, "4": {"loss": 0.5740197181701661}}{"0": {"loss": 2.0483030319213866}}{"0": {"loss": 2.0483030319213866}, "1": {"loss": 1.7037483215332032}}{"0": {"loss": 2.0483030319213866}, "1": {"loss": 1.7037483215332032}, "2": {"loss": 1.3205114364624024}}{"0": {"loss": 2.0483030319213866}, "1": {"loss": 1.7037483215332032}, "2": {"loss": 1.3205114364624024}, "3": {"loss": 0.9719967842102051}}{"0": {"loss": 2.0483030319213866}, "1": {"loss": 1.7037483215332032}, "2": {"loss": 1.3205114364624024}, "3": {"loss": 0.9719967842102051}, "4": {"loss": 0.5972613334655762}}{"0": {"loss": 2.0483030319213866}, "1": {"loss": 1.7037483215332032}, "2": {"loss": 1.3205114364624024}, "3": {"loss": 0.9719967842102051}, "4": {"loss": 0.5972613334655762}, "5": {"loss": 0.5617903709411621}}{"0": {"loss": 2.0483030319213866}, "1": {"loss": 1.7037483215332032}, "2": {"loss": 1.3205114364624024}, "3": {"loss": 0.9719967842102051}, "4": {"loss": 0.5972613334655762}, "5": {"loss": 0.5617903709411621}, "6": {"loss": 0.3175769090652466}}{"0": {"loss": 2.016858673095703}}{"0": {"loss": 2.016858673095703}, "1": {"loss": 1.5926856994628906}}{"0": {"loss": 2.016858673095703}, "1": {"loss": 1.5926856994628906}, "2": {"loss": 1.077056884765625}}{"0": {"loss": 2.016858673095703}, "1": {"loss": 1.5926856994628906}, "2": {"loss": 1.077056884765625}, "3": {"loss": 0.7576615333557128}}{"0": {"loss": 2.016858673095703}, "1": {"loss": 1.5926856994628906}, "2": {"loss": 1.077056884765625}, "3": {"loss": 0.7576615333557128}, "4": {"loss": 0.52261962890625}}{"0": {"loss": 2.016858673095703}, "1": {"loss": 1.5926856994628906}, "2": {"loss": 1.077056884765625}, "3": {"loss": 0.7576615333557128}, "4": {"loss": 0.52261962890625}, "5": {"loss": 0.3309022426605225}}{"0": {"loss": 2.016858673095703}, "1": {"loss": 1.5926856994628906}, "2": {"loss": 1.077056884765625}, "3": {"loss": 0.7576615333557128}, "4": {"loss": 0.52261962890625}, "5": {"loss": 0.3309022426605225}, "6": {"loss": 0.2392061710357666}}{"0": {"loss": 2.016858673095703}, "1": {"loss": 1.5926856994628906}, "2": {"loss": 1.077056884765625}, "3": {"loss": 0.7576615333557128}, "4": {"loss": 0.52261962890625}, "5": {"loss": 0.3309022426605225}, "6": {"loss": 0.2392061710357666}, "7": {"loss": 0.14133516550064087}}{"0": {"loss": 2.016858673095703}, "1": {"loss": 1.5926856994628906}, "2": {"loss": 1.077056884765625}, "3": {"loss": 0.7576615333557128}, "4": {"loss": 0.52261962890625}, "5": {"loss": 0.3309022426605225}, "6": {"loss": 0.2392061710357666}, "7": {"loss": 0.14133516550064087}, "8": {"loss": 0.06856201291084289}}{"0": {"loss": 2.016858673095703}, "1": {"loss": 1.5926856994628906}, "2": {"loss": 1.077056884765625}, "3": {"loss": 0.7576615333557128}, "4": {"loss": 0.52261962890625}, "5": {"loss": 0.3309022426605225}, "6": {"loss": 0.2392061710357666}, "7": {"loss": 0.14133516550064087}, "8": {"loss": 0.06856201291084289}, "9": {"loss": 0.05948673486709595}}