{"0": {"loss": 1.9615110397338866}}{"0": {"loss": 1.9615110397338866}, "1": {"loss": 1.747597885131836}}{"0": {"loss": 1.9615110397338866}, "1": {"loss": 1.747597885131836}, "2": {"loss": 1.5769258499145509}}{"0": {"loss": 1.9615110397338866}, "1": {"loss": 1.747597885131836}, "2": {"loss": 1.5769258499145509}, "3": {"loss": 1.3164138793945312}}{"0": {"loss": 1.9615110397338866}, "1": {"loss": 1.747597885131836}, "2": {"loss": 1.5769258499145509}, "3": {"loss": 1.3164138793945312}, "4": {"loss": 0.9940767288208008}}{"0": {"loss": 1.9615110397338866}, "1": {"loss": 1.747597885131836}, "2": {"loss": 1.5769258499145509}, "3": {"loss": 1.3164138793945312}, "4": {"loss": 0.9940767288208008}, "5": {"loss": 0.6864304542541504}}{"0": {"loss": 1.9615110397338866}, "1": {"loss": 1.747597885131836}, "2": {"loss": 1.5769258499145509}, "3": {"loss": 1.3164138793945312}, "4": {"loss": 0.9940767288208008}, "5": {"loss": 0.6864304542541504}, "6": {"loss": 0.4278380870819092}}{"0": {"loss": 1.9615110397338866}, "1": {"loss": 1.747597885131836}, "2": {"loss": 1.5769258499145509}, "3": {"loss": 1.3164138793945312}, "4": {"loss": 0.9940767288208008}, "5": {"loss": 0.6864304542541504}, "6": {"loss": 0.4278380870819092}, "7": {"loss": 0.2577707767486572}}{"0": {"loss": 1.9615110397338866}, "1": {"loss": 1.747597885131836}, "2": {"loss": 1.5769258499145509}, "3": {"loss": 1.3164138793945312}, "4": {"loss": 0.9940767288208008}, "5": {"loss": 0.6864304542541504}, "6": {"loss": 0.4278380870819092}, "7": {"loss": 0.2577707767486572}, "8": {"loss": 0.1661239504814148}}{"0": {"loss": 1.9615110397338866}, "1": {"loss": 1.747597885131836}, "2": {"loss": 1.5769258499145509}, "3": {"loss": 1.3164138793945312}, "4": {"loss": 0.9940767288208008}, "5": {"loss": 0.6864304542541504}, "6": {"loss": 0.4278380870819092}, "7": {"loss": 0.2577707767486572}, "8": {"loss": 0.1661239504814148}, "9": {"loss": 0.0994851291179657}}