{"0": {"loss": 2.0888978958129885}}{"0": {"loss": 2.0888978958129885}, "1": {"loss": 1.8638923645019532}}{"0": {"loss": 2.0888978958129885}, "1": {"loss": 1.8638923645019532}, "2": {"loss": 1.6666330337524413}}{"0": {"loss": 2.0888978958129885}, "1": {"loss": 1.8638923645019532}, "2": {"loss": 1.6666330337524413}, "3": {"loss": 1.4086286544799804}}{"0": {"loss": 2.0888978958129885}, "1": {"loss": 1.8638923645019532}, "2": {"loss": 1.6666330337524413}, "3": {"loss": 1.4086286544799804}, "4": {"loss": 1.1629612922668457}}{"0": {"loss": 2.0888978958129885}, "1": {"loss": 1.8638923645019532}, "2": {"loss": 1.6666330337524413}, "3": {"loss": 1.4086286544799804}, "4": {"loss": 1.1629612922668457}, "5": {"loss": 0.9292868614196778}}{"0": {"loss": 2.0888978958129885}, "1": {"loss": 1.8638923645019532}, "2": {"loss": 1.6666330337524413}, "3": {"loss": 1.4086286544799804}, "4": {"loss": 1.1629612922668457}, "5": {"loss": 0.9292868614196778}, "6": {"loss": 0.6872239112854004}}{"0": {"loss": 2.0888978958129885}, "1": {"loss": 1.8638923645019532}, "2": {"loss": 1.6666330337524413}, "3": {"loss": 1.4086286544799804}, "4": {"loss": 1.1629612922668457}, "5": {"loss": 0.9292868614196778}, "6": {"loss": 0.6872239112854004}, "7": {"loss": 0.4999138355255127}}{"0": {"loss": 2.0888978958129885}, "1": {"loss": 1.8638923645019532}, "2": {"loss": 1.6666330337524413}, "3": {"loss": 1.4086286544799804}, "4": {"loss": 1.1629612922668457}, "5": {"loss": 0.9292868614196778}, "6": {"loss": 0.6872239112854004}, "7": {"loss": 0.4999138355255127}, "8": {"loss": 0.40096588134765626}}{"0": {"loss": 2.0888978958129885}, "1": {"loss": 1.8638923645019532}, "2": {"loss": 1.6666330337524413}, "3": {"loss": 1.4086286544799804}, "4": {"loss": 1.1629612922668457}, "5": {"loss": 0.9292868614196778}, "6": {"loss": 0.6872239112854004}, "7": {"loss": 0.4999138355255127}, "8": {"loss": 0.40096588134765626}, "9": {"loss": 0.3187455654144287}}