{"0": {"loss": 1.9745187759399414}}{"0": {"loss": 1.9745187759399414}, "1": {"loss": 1.8974712371826172}}{"0": {"loss": 1.9745187759399414}, "1": {"loss": 1.8974712371826172}, "2": {"loss": 1.7958158493041991}}{"0": {"loss": 1.9745187759399414}, "1": {"loss": 1.8974712371826172}, "2": {"loss": 1.7958158493041991}, "3": {"loss": 1.6972600936889648}}{"0": {"loss": 1.9745187759399414}, "1": {"loss": 1.8974712371826172}, "2": {"loss": 1.7958158493041991}, "3": {"loss": 1.6972600936889648}, "4": {"loss": 1.6096040725708007}}{"0": {"loss": 1.9745187759399414}, "1": {"loss": 1.8974712371826172}, "2": {"loss": 1.7958158493041991}, "3": {"loss": 1.6972600936889648}, "4": {"loss": 1.6096040725708007}, "5": {"loss": 1.4801130294799805}}{"0": {"loss": 1.9745187759399414}, "1": {"loss": 1.8974712371826172}, "2": {"loss": 1.7958158493041991}, "3": {"loss": 1.6972600936889648}, "4": {"loss": 1.6096040725708007}, "5": {"loss": 1.4801130294799805}, "6": {"loss": 1.3275763511657714}}{"0": {"loss": 1.9745187759399414}, "1": {"loss": 1.8974712371826172}, "2": {"loss": 1.7958158493041991}, "3": {"loss": 1.6972600936889648}, "4": {"loss": 1.6096040725708007}, "5": {"loss": 1.4801130294799805}, "6": {"loss": 1.3275763511657714}, "7": {"loss": 1.1289985656738282}}{"0": {"loss": 1.9745187759399414}, "1": {"loss": 1.8974712371826172}, "2": {"loss": 1.7958158493041991}, "3": {"loss": 1.6972600936889648}, "4": {"loss": 1.6096040725708007}, "5": {"loss": 1.4801130294799805}, "6": {"loss": 1.3275763511657714}, "7": {"loss": 1.1289985656738282}, "8": {"loss": 0.9405176162719726}}{"0": {"loss": 1.9745187759399414}, "1": {"loss": 1.8974712371826172}, "2": {"loss": 1.7958158493041991}, "3": {"loss": 1.6972600936889648}, "4": {"loss": 1.6096040725708007}, "5": {"loss": 1.4801130294799805}, "6": {"loss": 1.3275763511657714}, "7": {"loss": 1.1289985656738282}, "8": {"loss": 0.9405176162719726}, "9": {"loss": 0.7390757083892823}}