{"0": {"loss": 2.0931015014648438}}{"0": {"loss": 2.0931015014648438}, "1": {"loss": 1.9994283676147462}}{"0": {"loss": 2.0931015014648438}, "1": {"loss": 1.9994283676147462}, "2": {"loss": 1.8863470077514648}}{"0": {"loss": 2.0931015014648438}, "1": {"loss": 1.9994283676147462}, "2": {"loss": 1.8863470077514648}, "3": {"loss": 1.8065574645996094}}{"0": {"loss": 2.0931015014648438}, "1": {"loss": 1.9994283676147462}, "2": {"loss": 1.8863470077514648}, "3": {"loss": 1.8065574645996094}, "4": {"loss": 1.7011308670043945}}{"0": {"loss": 2.0931015014648438}, "1": {"loss": 1.9994283676147462}, "2": {"loss": 1.8863470077514648}, "3": {"loss": 1.8065574645996094}, "4": {"loss": 1.7011308670043945}, "5": {"loss": 1.5890024185180665}}{"0": {"loss": 2.0931015014648438}, "1": {"loss": 1.9994283676147462}, "2": {"loss": 1.8863470077514648}, "3": {"loss": 1.8065574645996094}, "4": {"loss": 1.7011308670043945}, "5": {"loss": 1.5890024185180665}, "6": {"loss": 1.4509303092956543}}{"0": {"loss": 2.0931015014648438}, "1": {"loss": 1.9994283676147462}, "2": {"loss": 1.8863470077514648}, "3": {"loss": 1.8065574645996094}, "4": {"loss": 1.7011308670043945}, "5": {"loss": 1.5890024185180665}, "6": {"loss": 1.4509303092956543}, "7": {"loss": 1.2911359786987304}}{"0": {"loss": 2.0931015014648438}, "1": {"loss": 1.9994283676147462}, "2": {"loss": 1.8863470077514648}, "3": {"loss": 1.8065574645996094}, "4": {"loss": 1.7011308670043945}, "5": {"loss": 1.5890024185180665}, "6": {"loss": 1.4509303092956543}, "7": {"loss": 1.2911359786987304}, "8": {"loss": 1.1203397750854491}}{"0": {"loss": 2.0931015014648438}, "1": {"loss": 1.9994283676147462}, "2": {"loss": 1.8863470077514648}, "3": {"loss": 1.8065574645996094}, "4": {"loss": 1.7011308670043945}, "5": {"loss": 1.5890024185180665}, "6": {"loss": 1.4509303092956543}, "7": {"loss": 1.2911359786987304}, "8": {"loss": 1.1203397750854491}, "9": {"loss": 0.9455266952514648}}