{"0": {"loss": 2.3462865352630615}}{"0": {"loss": 2.3462865352630615}, "1": {"loss": 1.676533579826355}}{"0": {"loss": 2.3462865352630615}, "1": {"loss": 1.676533579826355}, "2": {"loss": 1.676179051399231}}{"0": {"loss": 2.3462865352630615}, "1": {"loss": 1.676533579826355}, "2": {"loss": 1.676179051399231}, "3": {"loss": 0.9036735892295837}}{"0": {"loss": 2.3462865352630615}, "1": {"loss": 1.676533579826355}, "2": {"loss": 1.676179051399231}, "3": {"loss": 0.9036735892295837}, "4": {"loss": 0.28710734844207764}}{"0": {"loss": 2.3462865352630615}, "1": {"loss": 1.676533579826355}, "2": {"loss": 1.676179051399231}, "3": {"loss": 0.9036735892295837}, "4": {"loss": 0.28710734844207764}, "5": {"loss": 0.22749797999858856}}{"0": {"loss": 2.3462865352630615}, "1": {"loss": 1.676533579826355}, "2": {"loss": 1.676179051399231}, "3": {"loss": 0.9036735892295837}, "4": {"loss": 0.28710734844207764}, "5": {"loss": 0.22749797999858856}, "6": {"loss": 0.2270834743976593}}{"0": {"loss": 2.3462865352630615}, "1": {"loss": 1.676533579826355}, "2": {"loss": 1.676179051399231}, "3": {"loss": 0.9036735892295837}, "4": {"loss": 0.28710734844207764}, "5": {"loss": 0.22749797999858856}, "6": {"loss": 0.2270834743976593}, "7": {"loss": 0.2288152128458023}}{"0": {"loss": 2.3462865352630615}, "1": {"loss": 1.676533579826355}, "2": {"loss": 1.676179051399231}, "3": {"loss": 0.9036735892295837}, "4": {"loss": 0.28710734844207764}, "5": {"loss": 0.22749797999858856}, "6": {"loss": 0.2270834743976593}, "7": {"loss": 0.2288152128458023}, "8": {"loss": 0.23133157193660736}}{"0": {"loss": 2.3462865352630615}, "1": {"loss": 1.676533579826355}, "2": {"loss": 1.676179051399231}, "3": {"loss": 0.9036735892295837}, "4": {"loss": 0.28710734844207764}, "5": {"loss": 0.22749797999858856}, "6": {"loss": 0.2270834743976593}, "7": {"loss": 0.2288152128458023}, "8": {"loss": 0.23133157193660736}, "9": {"loss": 0.19326329231262207}}