{"0": {"loss": 2.465716600418091}}{"0": {"loss": 2.465716600418091}, "1": {"loss": 2.465716600418091}}{"0": {"loss": 2.465716600418091}, "1": {"loss": 2.465716600418091}, "2": {"loss": 1.75220787525177}}{"0": {"loss": 2.465716600418091}, "1": {"loss": 2.465716600418091}, "2": {"loss": 1.75220787525177}, "3": {"loss": 1.7532870769500732}}{"0": {"loss": 2.465716600418091}, "1": {"loss": 2.465716600418091}, "2": {"loss": 1.75220787525177}, "3": {"loss": 1.7532870769500732}, "4": {"loss": 1.7535204887390137}}{"0": {"loss": 2.465716600418091}, "1": {"loss": 2.465716600418091}, "2": {"loss": 1.75220787525177}, "3": {"loss": 1.7532870769500732}, "4": {"loss": 1.7535204887390137}, "5": {"loss": 1.2162648439407349}}{"0": {"loss": 2.465716600418091}, "1": {"loss": 2.465716600418091}, "2": {"loss": 1.75220787525177}, "3": {"loss": 1.7532870769500732}, "4": {"loss": 1.7535204887390137}, "5": {"loss": 1.2162648439407349}, "6": {"loss": 1.2167109251022339}}{"0": {"loss": 2.465716600418091}, "1": {"loss": 2.465716600418091}, "2": {"loss": 1.75220787525177}, "3": {"loss": 1.7532870769500732}, "4": {"loss": 1.7535204887390137}, "5": {"loss": 1.2162648439407349}, "6": {"loss": 1.2167109251022339}, "7": {"loss": 0.6136288642883301}}{"0": {"loss": 2.465716600418091}, "1": {"loss": 2.465716600418091}, "2": {"loss": 1.75220787525177}, "3": {"loss": 1.7532870769500732}, "4": {"loss": 1.7535204887390137}, "5": {"loss": 1.2162648439407349}, "6": {"loss": 1.2167109251022339}, "7": {"loss": 0.6136288642883301}, "8": {"loss": 0.24192850291728973}}{"0": {"loss": 2.465716600418091}, "1": {"loss": 2.465716600418091}, "2": {"loss": 1.75220787525177}, "3": {"loss": 1.7532870769500732}, "4": {"loss": 1.7535204887390137}, "5": {"loss": 1.2162648439407349}, "6": {"loss": 1.2167109251022339}, "7": {"loss": 0.6136288642883301}, "8": {"loss": 0.24192850291728973}, "9": {"loss": 0.12324192374944687}}