{"0": {"loss": 2.465716600418091}}{"0": {"loss": 2.465716600418091}, "1": {"loss": 2.465716600418091}}{"0": {"loss": 2.465716600418091}, "1": {"loss": 2.465716600418091}, "2": {"loss": 1.6386516094207764}}{"0": {"loss": 2.465716600418091}, "1": {"loss": 2.465716600418091}, "2": {"loss": 1.6386516094207764}, "3": {"loss": 0.8557037711143494}}{"0": {"loss": 2.465716600418091}, "1": {"loss": 2.465716600418091}, "2": {"loss": 1.6386516094207764}, "3": {"loss": 0.8557037711143494}, "4": {"loss": 0.8545116782188416}}{"0": {"loss": 2.465716600418091}, "1": {"loss": 2.465716600418091}, "2": {"loss": 1.6386516094207764}, "3": {"loss": 0.8557037711143494}, "4": {"loss": 0.8545116782188416}, "5": {"loss": 0.8537269234657288}}{"0": {"loss": 2.465716600418091}, "1": {"loss": 2.465716600418091}, "2": {"loss": 1.6386516094207764}, "3": {"loss": 0.8557037711143494}, "4": {"loss": 0.8545116782188416}, "5": {"loss": 0.8537269234657288}, "6": {"loss": 0.8481422066688538}}{"0": {"loss": 2.465716600418091}, "1": {"loss": 2.465716600418091}, "2": {"loss": 1.6386516094207764}, "3": {"loss": 0.8557037711143494}, "4": {"loss": 0.8545116782188416}, "5": {"loss": 0.8537269234657288}, "6": {"loss": 0.8481422066688538}, "7": {"loss": 0.32989490032196045}}{"0": {"loss": 2.465716600418091}, "1": {"loss": 2.465716600418091}, "2": {"loss": 1.6386516094207764}, "3": {"loss": 0.8557037711143494}, "4": {"loss": 0.8545116782188416}, "5": {"loss": 0.8537269234657288}, "6": {"loss": 0.8481422066688538}, "7": {"loss": 0.32989490032196045}, "8": {"loss": 0.25170159339904785}}{"0": {"loss": 2.465716600418091}, "1": {"loss": 2.465716600418091}, "2": {"loss": 1.6386516094207764}, "3": {"loss": 0.8557037711143494}, "4": {"loss": 0.8545116782188416}, "5": {"loss": 0.8537269234657288}, "6": {"loss": 0.8481422066688538}, "7": {"loss": 0.32989490032196045}, "8": {"loss": 0.25170159339904785}, "9": {"loss": 0.14827574789524078}}