{"0": {"loss": 2.3462865352630615}}{"0": {"loss": 2.3462865352630615}, "1": {"loss": 1.4438519477844238}}{"0": {"loss": 2.3462865352630615}, "1": {"loss": 1.4438519477844238}, "2": {"loss": 1.443377137184143}}{"0": {"loss": 2.3462865352630615}, "1": {"loss": 1.4438519477844238}, "2": {"loss": 1.443377137184143}, "3": {"loss": 1.443233609199524}}{"0": {"loss": 2.3462865352630615}, "1": {"loss": 1.4438519477844238}, "2": {"loss": 1.443377137184143}, "3": {"loss": 1.443233609199524}, "4": {"loss": 0.7720102071762085}}{"0": {"loss": 2.3462865352630615}, "1": {"loss": 1.4438519477844238}, "2": {"loss": 1.443377137184143}, "3": {"loss": 1.443233609199524}, "4": {"loss": 0.7720102071762085}, "5": {"loss": 0.7738626003265381}}{"0": {"loss": 2.3462865352630615}, "1": {"loss": 1.4438519477844238}, "2": {"loss": 1.443377137184143}, "3": {"loss": 1.443233609199524}, "4": {"loss": 0.7720102071762085}, "5": {"loss": 0.7738626003265381}, "6": {"loss": 0.27580946683883667}}{"0": {"loss": 2.3462865352630615}, "1": {"loss": 1.4438519477844238}, "2": {"loss": 1.443377137184143}, "3": {"loss": 1.443233609199524}, "4": {"loss": 0.7720102071762085}, "5": {"loss": 0.7738626003265381}, "6": {"loss": 0.27580946683883667}, "7": {"loss": 0.14862820506095886}}{"0": {"loss": 2.3462865352630615}, "1": {"loss": 1.4438519477844238}, "2": {"loss": 1.443377137184143}, "3": {"loss": 1.443233609199524}, "4": {"loss": 0.7720102071762085}, "5": {"loss": 0.7738626003265381}, "6": {"loss": 0.27580946683883667}, "7": {"loss": 0.14862820506095886}, "8": {"loss": 0.14968964457511902}}{"0": {"loss": 2.3462865352630615}, "1": {"loss": 1.4438519477844238}, "2": {"loss": 1.443377137184143}, "3": {"loss": 1.443233609199524}, "4": {"loss": 0.7720102071762085}, "5": {"loss": 0.7738626003265381}, "6": {"loss": 0.27580946683883667}, "7": {"loss": 0.14862820506095886}, "8": {"loss": 0.14968964457511902}, "9": {"loss": 0.05549848452210426}}