{"0": {"loss": 2.4318289756774902}}{"0": {"loss": 2.4318289756774902}, "1": {"loss": 1.336206316947937}}{"0": {"loss": 2.4318289756774902}, "1": {"loss": 1.336206316947937}, "2": {"loss": 0.37584802508354187}}{"0": {"loss": 2.4318289756774902}, "1": {"loss": 1.336206316947937}, "2": {"loss": 0.37584802508354187}, "3": {"loss": 0.1601828634738922}}{"0": {"loss": 2.4318289756774902}, "1": {"loss": 1.336206316947937}, "2": {"loss": 0.37584802508354187}, "3": {"loss": 0.1601828634738922}, "4": {"loss": 0.08926238864660263}}{"0": {"loss": 2.4318289756774902}, "1": {"loss": 1.336206316947937}, "2": {"loss": 0.37584802508354187}, "3": {"loss": 0.1601828634738922}, "4": {"loss": 0.08926238864660263}, "5": {"loss": 0.06561824679374695}}{"0": {"loss": 2.4318289756774902}, "1": {"loss": 1.336206316947937}, "2": {"loss": 0.37584802508354187}, "3": {"loss": 0.1601828634738922}, "4": {"loss": 0.08926238864660263}, "5": {"loss": 0.06561824679374695}, "6": {"loss": 0.4848467707633972}}{"0": {"loss": 2.4318289756774902}, "1": {"loss": 1.336206316947937}, "2": {"loss": 0.37584802508354187}, "3": {"loss": 0.1601828634738922}, "4": {"loss": 0.08926238864660263}, "5": {"loss": 0.06561824679374695}, "6": {"loss": 0.4848467707633972}, "7": {"loss": 0.49114468693733215}}{"0": {"loss": 2.4318289756774902}, "1": {"loss": 1.336206316947937}, "2": {"loss": 0.37584802508354187}, "3": {"loss": 0.1601828634738922}, "4": {"loss": 0.08926238864660263}, "5": {"loss": 0.06561824679374695}, "6": {"loss": 0.4848467707633972}, "7": {"loss": 0.49114468693733215}, "8": {"loss": 0.4857879877090454}}{"0": {"loss": 2.4318289756774902}, "1": {"loss": 1.336206316947937}, "2": {"loss": 0.37584802508354187}, "3": {"loss": 0.1601828634738922}, "4": {"loss": 0.08926238864660263}, "5": {"loss": 0.06561824679374695}, "6": {"loss": 0.4848467707633972}, "7": {"loss": 0.49114468693733215}, "8": {"loss": 0.4857879877090454}, "9": {"loss": 0.058170318603515625}}