{"0": {"loss": 2.465716600418091}}{"0": {"loss": 2.465716600418091}, "1": {"loss": 2.1395750045776367}}{"0": {"loss": 2.465716600418091}, "1": {"loss": 2.1395750045776367}, "2": {"loss": 2.1470754146575928}}{"0": {"loss": 2.465716600418091}, "1": {"loss": 2.1395750045776367}, "2": {"loss": 2.1470754146575928}, "3": {"loss": 2.1406261920928955}}{"0": {"loss": 2.465716600418091}, "1": {"loss": 2.1395750045776367}, "2": {"loss": 2.1470754146575928}, "3": {"loss": 2.1406261920928955}, "4": {"loss": 2.1405272483825684}}{"0": {"loss": 2.465716600418091}, "1": {"loss": 2.1395750045776367}, "2": {"loss": 2.1470754146575928}, "3": {"loss": 2.1406261920928955}, "4": {"loss": 2.1405272483825684}, "5": {"loss": 1.7708827257156372}}{"0": {"loss": 2.465716600418091}, "1": {"loss": 2.1395750045776367}, "2": {"loss": 2.1470754146575928}, "3": {"loss": 2.1406261920928955}, "4": {"loss": 2.1405272483825684}, "5": {"loss": 1.7708827257156372}, "6": {"loss": 1.3513184785842896}}{"0": {"loss": 2.465716600418091}, "1": {"loss": 2.1395750045776367}, "2": {"loss": 2.1470754146575928}, "3": {"loss": 2.1406261920928955}, "4": {"loss": 2.1405272483825684}, "5": {"loss": 1.7708827257156372}, "6": {"loss": 1.3513184785842896}, "7": {"loss": 0.9728170037269592}}{"0": {"loss": 2.465716600418091}, "1": {"loss": 2.1395750045776367}, "2": {"loss": 2.1470754146575928}, "3": {"loss": 2.1406261920928955}, "4": {"loss": 2.1405272483825684}, "5": {"loss": 1.7708827257156372}, "6": {"loss": 1.3513184785842896}, "7": {"loss": 0.9728170037269592}, "8": {"loss": 0.6012889742851257}}{"0": {"loss": 2.465716600418091}, "1": {"loss": 2.1395750045776367}, "2": {"loss": 2.1470754146575928}, "3": {"loss": 2.1406261920928955}, "4": {"loss": 2.1405272483825684}, "5": {"loss": 1.7708827257156372}, "6": {"loss": 1.3513184785842896}, "7": {"loss": 0.9728170037269592}, "8": {"loss": 0.6012889742851257}, "9": {"loss": 0.3228391110897064}}