{"0": {"loss": 2.465716600418091}}{"0": {"loss": 2.465716600418091}, "1": {"loss": 2.465716600418091}}{"0": {"loss": 2.465716600418091}, "1": {"loss": 2.465716600418091}, "2": {"loss": 2.420619487762451}}{"0": {"loss": 2.465716600418091}, "1": {"loss": 2.465716600418091}, "2": {"loss": 2.420619487762451}, "3": {"loss": 2.3713672161102295}}{"0": {"loss": 2.465716600418091}, "1": {"loss": 2.465716600418091}, "2": {"loss": 2.420619487762451}, "3": {"loss": 2.3713672161102295}, "4": {"loss": 2.4237914085388184}}{"0": {"loss": 2.465716600418091}, "1": {"loss": 2.465716600418091}, "2": {"loss": 2.420619487762451}, "3": {"loss": 2.3713672161102295}, "4": {"loss": 2.4237914085388184}, "5": {"loss": 2.414544105529785}}{"0": {"loss": 2.465716600418091}, "1": {"loss": 2.465716600418091}, "2": {"loss": 2.420619487762451}, "3": {"loss": 2.3713672161102295}, "4": {"loss": 2.4237914085388184}, "5": {"loss": 2.414544105529785}, "6": {"loss": 2.4144790172576904}}{"0": {"loss": 2.465716600418091}, "1": {"loss": 2.465716600418091}, "2": {"loss": 2.420619487762451}, "3": {"loss": 2.3713672161102295}, "4": {"loss": 2.4237914085388184}, "5": {"loss": 2.414544105529785}, "6": {"loss": 2.4144790172576904}, "7": {"loss": 1.093516230583191}}{"0": {"loss": 2.465716600418091}, "1": {"loss": 2.465716600418091}, "2": {"loss": 2.420619487762451}, "3": {"loss": 2.3713672161102295}, "4": {"loss": 2.4237914085388184}, "5": {"loss": 2.414544105529785}, "6": {"loss": 2.4144790172576904}, "7": {"loss": 1.093516230583191}, "8": {"loss": 0.5472646951675415}}{"0": {"loss": 2.465716600418091}, "1": {"loss": 2.465716600418091}, "2": {"loss": 2.420619487762451}, "3": {"loss": 2.3713672161102295}, "4": {"loss": 2.4237914085388184}, "5": {"loss": 2.414544105529785}, "6": {"loss": 2.4144790172576904}, "7": {"loss": 1.093516230583191}, "8": {"loss": 0.5472646951675415}, "9": {"loss": 1.3664474487304688}}