{"0": {"loss": 2.4318289756774902}}{"0": {"loss": 2.4318289756774902}, "1": {"loss": 1.1567438840866089}}{"0": {"loss": 2.4318289756774902}, "1": {"loss": 1.1567438840866089}, "2": {"loss": 0.3020514249801636}}{"0": {"loss": 2.4318289756774902}, "1": {"loss": 1.1567438840866089}, "2": {"loss": 0.3020514249801636}, "3": {"loss": 0.31724053621292114}}{"0": {"loss": 2.4318289756774902}, "1": {"loss": 1.1567438840866089}, "2": {"loss": 0.3020514249801636}, "3": {"loss": 0.31724053621292114}, "4": {"loss": 0.31757208704948425}}{"0": {"loss": 2.4318289756774902}, "1": {"loss": 1.1567438840866089}, "2": {"loss": 0.3020514249801636}, "3": {"loss": 0.31724053621292114}, "4": {"loss": 0.31757208704948425}, "5": {"loss": 0.08332300931215286}}{"0": {"loss": 2.4318289756774902}, "1": {"loss": 1.1567438840866089}, "2": {"loss": 0.3020514249801636}, "3": {"loss": 0.31724053621292114}, "4": {"loss": 0.31757208704948425}, "5": {"loss": 0.08332300931215286}, "6": {"loss": 0.07920356839895248}}{"0": {"loss": 2.4318289756774902}, "1": {"loss": 1.1567438840866089}, "2": {"loss": 0.3020514249801636}, "3": {"loss": 0.31724053621292114}, "4": {"loss": 0.31757208704948425}, "5": {"loss": 0.08332300931215286}, "6": {"loss": 0.07920356839895248}, "7": {"loss": 0.0805884450674057}}{"0": {"loss": 2.4318289756774902}, "1": {"loss": 1.1567438840866089}, "2": {"loss": 0.3020514249801636}, "3": {"loss": 0.31724053621292114}, "4": {"loss": 0.31757208704948425}, "5": {"loss": 0.08332300931215286}, "6": {"loss": 0.07920356839895248}, "7": {"loss": 0.0805884450674057}, "8": {"loss": 0.04101850464940071}}{"0": {"loss": 2.4318289756774902}, "1": {"loss": 1.1567438840866089}, "2": {"loss": 0.3020514249801636}, "3": {"loss": 0.31724053621292114}, "4": {"loss": 0.31757208704948425}, "5": {"loss": 0.08332300931215286}, "6": {"loss": 0.07920356839895248}, "7": {"loss": 0.0805884450674057}, "8": {"loss": 0.04101850464940071}, "9": {"loss": 0.17742076516151428}}