{"0": {"loss": 2.3462865352630615}}{"0": {"loss": 2.3462865352630615}, "1": {"loss": 1.3723479509353638}}{"0": {"loss": 2.3462865352630615}, "1": {"loss": 1.3723479509353638}, "2": {"loss": 1.3756635189056396}}{"0": {"loss": 2.3462865352630615}, "1": {"loss": 1.3723479509353638}, "2": {"loss": 1.3756635189056396}, "3": {"loss": 1.3751959800720215}}{"0": {"loss": 2.3462865352630615}, "1": {"loss": 1.3723479509353638}, "2": {"loss": 1.3756635189056396}, "3": {"loss": 1.3751959800720215}, "4": {"loss": 1.3758853673934937}}{"0": {"loss": 2.3462865352630615}, "1": {"loss": 1.3723479509353638}, "2": {"loss": 1.3756635189056396}, "3": {"loss": 1.3751959800720215}, "4": {"loss": 1.3758853673934937}, "5": {"loss": 0.4471955895423889}}{"0": {"loss": 2.3462865352630615}, "1": {"loss": 1.3723479509353638}, "2": {"loss": 1.3756635189056396}, "3": {"loss": 1.3751959800720215}, "4": {"loss": 1.3758853673934937}, "5": {"loss": 0.4471955895423889}, "6": {"loss": 0.4479179084300995}}{"0": {"loss": 2.3462865352630615}, "1": {"loss": 1.3723479509353638}, "2": {"loss": 1.3756635189056396}, "3": {"loss": 1.3751959800720215}, "4": {"loss": 1.3758853673934937}, "5": {"loss": 0.4471955895423889}, "6": {"loss": 0.4479179084300995}, "7": {"loss": 0.4473741352558136}}{"0": {"loss": 2.3462865352630615}, "1": {"loss": 1.3723479509353638}, "2": {"loss": 1.3756635189056396}, "3": {"loss": 1.3751959800720215}, "4": {"loss": 1.3758853673934937}, "5": {"loss": 0.4471955895423889}, "6": {"loss": 0.4479179084300995}, "7": {"loss": 0.4473741352558136}, "8": {"loss": 0.4570232033729553}}{"0": {"loss": 2.3462865352630615}, "1": {"loss": 1.3723479509353638}, "2": {"loss": 1.3756635189056396}, "3": {"loss": 1.3751959800720215}, "4": {"loss": 1.3758853673934937}, "5": {"loss": 0.4471955895423889}, "6": {"loss": 0.4479179084300995}, "7": {"loss": 0.4473741352558136}, "8": {"loss": 0.4570232033729553}, "9": {"loss": 0.47341451048851013}}