{"0": {"loss": 2.465716600418091}}{"0": {"loss": 2.465716600418091}, "1": {"loss": 1.951027274131775}}