{"0": {"loss": 2.111414909362793}, "1": {"loss": 2.0487020015716553}, "2": {"loss": 1.7753640413284302}, "3": {"loss": 1.060234785079956}, "4": {"loss": 0.8844938278198242}}