{"0": {"loss": 2.064150810241699}, "1": {"loss": 1.83983580271403}, "2": {"loss": 1.7010677655537922}, "3": {"loss": 1.2996304829915364}, "4": {"loss": 0.8823937575022379}}