{"0": {"loss": 1.8438377380371094}, "1": {"loss": 1.8833242654800415}, "2": {"loss": 1.4850661754608154}, "3": {"loss": 1.9316095113754272}, "4": {"loss": 1.3382415771484375}}