{"0": {"loss": 1.747466468811035}, "1": {"loss": 2.008252716064453}, "2": {"loss": 1.4528502464294433}, "3": {"loss": 0.7247743129730224}, "4": {"loss": 0.6901781558990479}}