{"0": {"loss": 2.4403233528137207}, "1": {"loss": 2.4823074340820312}, "2": {"loss": 1.9390710592269897}, "3": {"loss": 2.615222692489624}, "4": {"loss": 2.999624729156494}}