{"0": {"loss": 2.3630966186523437}, "1": {"loss": 2.4308290481567383}, "2": {"loss": 2.6387165069580076}, "3": {"loss": 2.2233856201171873}, "4": {"loss": 2.1904525756835938}}