{"0": {"loss": 1.9176273345947266}, "1": {"loss": 2.377251942952474}, "2": {"loss": 1.9229621887207031}, "3": {"loss": 1.219703197479248}, "4": {"loss": 0.9119580586751302}}