{"0": {"loss": 1.6987948417663574}, "1": {"loss": 2.3014402389526367}, "2": {"loss": 1.7291767597198486}, "3": {"loss": 1.7464286088943481}, "4": {"loss": 1.3758866786956787}}{"0": {"loss": 1.6598330736160278}, "1": {"loss": 2.1518442630767822}, "2": {"loss": 2.2580349445343018}, "3": {"loss": 1.8985366821289062}, "4": {"loss": 1.1851874589920044}}