{"0": {"loss": 2.6929519176483154}, "1": {"loss": 2.6929519176483154}, "2": {"loss": 2.6929519176483154}, "3": {"loss": 1.9668588638305664}, "4": {"loss": 1.9778376817703247}}