{"0": {"loss": 1.7282117207845051}, "1": {"loss": 1.368207295735677}, "2": {"loss": 1.6248245239257812}, "3": {"loss": 2.5095396041870117}, "4": {"loss": 3.2106285095214844}}