{"0": {"loss": 1.9215176105499268}, "1": {"loss": 2.031979560852051}, "2": {"loss": 2.041745185852051}, "3": {"loss": 2.379385471343994}, "4": {"loss": 2.3912086486816406}}{"0": {"loss": 1.9215176105499268}, "1": {"loss": 2.184630870819092}, "2": {"loss": 2.078792095184326}, "3": {"loss": 1.691612720489502}, "4": {"loss": 1.0457704067230225}}