{"0": {"loss": 2.569049119949341}, "1": {"loss": 2.7745018005371094}, "2": {"loss": 2.4417977333068848}, "3": {"loss": 1.3532836437225342}, "4": {"loss": 0.7270278930664062}}