{"0": {"loss": 1.452236493428548}, "1": {"loss": 1.4743385314941406}, "2": {"loss": 1.0811785856882732}, "3": {"loss": 2.736485163370768}, "4": {"loss": 3.611413319905599}}