{"0": {"loss": 2.672381639480591}, "1": {"loss": 2.672381639480591}, "2": {"loss": 2.672381639480591}, "3": {"loss": 2.672381639480591}, "4": {"loss": 2.0855987071990967}}{"0": {"loss": 2.672381639480591}, "1": {"loss": 2.672381639480591}, "2": {"loss": 2.672381639480591}, "3": {"loss": 2.672381639480591}, "4": {"loss": 2.0855987071990967}}