{"0": {"loss": 1.6373140811920166}, "1": {"loss": 2.365969181060791}, "2": {"loss": 1.4578971862792969}, "3": {"loss": 1.0087761878967285}, "4": {"loss": 0.4683605134487152}}