{"0": {"loss": 0.28643906116485596}, "1": {"loss": 0.28643906116485596}, "2": {"loss": 0.28643906116485596}, "3": {"loss": 0.28643906116485596}, "4": {"loss": 6.223587512969971}}