{"0": {"loss": 2.2102793057759604}, "1": {"loss": 1.94263490041097}, "2": {"loss": 1.7223258018493652}, "3": {"loss": 1.2853845755259197}, "4": {"loss": 1.2765628496805828}}