{"0": {"loss": 2.599270979563395}, "1": {"loss": 2.316481431325277}, "2": {"loss": 1.789293924967448}, "3": {"loss": 3.07142702738444}, "4": {"loss": 2.7706664403279624}}