{"0": {"loss": 1.904899001121521}, "1": {"loss": 1.729418396949768}, "2": {"loss": 1.5934514999389648}, "3": {"loss": 1.3794158697128296}, "4": {"loss": 1.9057945013046265}}