{"0": {"loss": 1.580047607421875}, "1": {"loss": 1.5704567432403564}, "2": {"loss": 2.0651814937591553}, "3": {"loss": 1.7951722145080566}, "4": {"loss": 1.9598783254623413}}