{"0": {"loss": 2.7392204829624722}, "1": {"loss": 4.445175443376813}, "2": {"loss": 5.914459228515625}, "3": {"loss": 6.198378426688058}, "4": {"loss": 4.053738185337612}}