{"0": {"loss": 2.610349973042806}, "1": {"loss": 2.531102180480957}, "2": {"loss": 2.6253229777018228}, "3": {"loss": 3.204416275024414}, "4": {"loss": 1.6542371114095051}}