{"0": {"loss": 1.6921546459197998}, "1": {"loss": 1.5538729429244995}, "2": {"loss": 2.9804584980010986}, "3": {"loss": 1.8956279754638672}, "4": {"loss": 1.2156083583831787}}