{"0": {"loss": 1.9615652561187744}, "1": {"loss": 3.2515220642089844}, "2": {"loss": 2.5103414058685303}, "3": {"loss": 1.6692707538604736}, "4": {"loss": 0.9656325578689575}}{"0": {"loss": 1.9657196998596191}, "1": {"loss": 3.35817813873291}, "2": {"loss": 2.7181460857391357}, "3": {"loss": 2.1381053924560547}, "4": {"loss": 1.4700337648391724}}