{"0": {"loss": 1.903813362121582}, "1": {"loss": 3.73051118850708}, "2": {"loss": 3.2039146423339844}, "3": {"loss": 1.677156925201416}, "4": {"loss": 1.0375688076019287}}