{"0": {"loss": 2.4429378509521484}, "1": {"loss": 2.4082088470458984}, "2": {"loss": 2.3348727226257324}, "3": {"loss": 3.91867733001709}, "4": {"loss": 3.7590510050455728}}