{"0": {"loss": 0.8318788409233093}, "1": {"loss": 0.8318788409233093}, "2": {"loss": 0.7445301413536072}, "3": {"loss": 3.2004752159118652}, "4": {"loss": 3.704636573791504}}