{"0": {"loss": 2.682666778564453}, "1": {"loss": 2.6273093223571777}, "2": {"loss": 2.246422052383423}, "3": {"loss": 3.0111472606658936}, "4": {"loss": 3.690197229385376}}