{"0": {"loss": 1.6476236979166667}, "1": {"loss": 1.8282440503438313}, "2": {"loss": 1.6226615905761719}, "3": {"loss": 2.3449352582295737}, "4": {"loss": 2.0057652791341147}}