{"0": {"loss": 2.160726547241211}, "1": {"loss": 1.7808356285095215}, "2": {"loss": 1.6435998280843098}, "3": {"loss": 1.537091573079427}, "4": {"loss": 2.175621827443441}}