{"0": {"loss": 1.7217620849609374}, "1": {"loss": 2.662772369384766}, "2": {"loss": 1.616144561767578}, "3": {"loss": 1.1432626724243165}, "4": {"loss": 0.9234744071960449}}