{"0": {"loss": 1.9634804725646973}, "1": {"loss": 1.9634804725646973}, "2": {"loss": 1.9634804725646973}, "3": {"loss": 1.9634804725646973}, "4": {"loss": 1.9634804725646973}}