{"0": {"loss": 2.5524306297302246}, "1": {"loss": 2.4941930770874023}, "2": {"loss": 2.041541814804077}, "3": {"loss": 1.648822546005249}, "4": {"loss": 1.7126471996307373}}