{"0": {"loss": 2.1718056996663413}, "1": {"loss": 2.067810376485189}, "2": {"loss": 1.4214614232381184}, "3": {"loss": 0.9337308406829834}, "4": {"loss": 1.779680569966634}}