{"0": {"loss": 1.9355052312215169}, "1": {"loss": 2.2194151878356934}, "2": {"loss": 1.8404874801635742}, "3": {"loss": 1.5908117294311523}, "4": {"loss": 0.9514164924621582}}