{"0": {"loss": 1.4794104099273682}, "1": {"loss": 1.4794104099273682}, "2": {"loss": 4.018832683563232}, "3": {"loss": 4.029552936553955}, "4": {"loss": 3.165309190750122}}