{"0": {"loss": 2.2336230278015137}, "1": {"loss": 2.5638790130615234}, "2": {"loss": 2.29083251953125}, "3": {"loss": 3.1228842735290527}, "4": {"loss": 2.565248727798462}}