{"0": {"loss": 1.9244260787963867}, "1": {"loss": 1.5211668014526367}, "2": {"loss": 1.1759517987569172}, "3": {"loss": 2.372992515563965}, "4": {"loss": 2.055370012919108}}