{"0": {"loss": 2.2712039947509766}, "1": {"loss": 2.294649362564087}, "2": {"loss": 1.823503017425537}, "3": {"loss": 1.0544325113296509}, "4": {"loss": 0.6049618721008301}}{"0": {"loss": 2.2762224674224854}, "1": {"loss": 2.3452162742614746}, "2": {"loss": 1.8613762855529785}, "3": {"loss": 1.1535043716430664}, "4": {"loss": 0.8101521134376526}}