{"0": {"loss": 1.4896955490112305}, "1": {"loss": 1.7590134143829346}, "2": {"loss": 1.3601911067962646}, "3": {"loss": 1.4094990491867065}, "4": {"loss": 2.9913649559020996}}