{"0": {"loss": 2.3671929041544595}, "1": {"loss": 2.567988395690918}, "2": {"loss": 2.2676329612731934}, "3": {"loss": 1.508364200592041}, "4": {"loss": 1.0292283693949382}}