{"0": {"loss": 1.6974624395370483}, "1": {"loss": 2.2046778202056885}, "2": {"loss": 2.329613208770752}, "3": {"loss": 3.3736977577209473}, "4": {"loss": 3.406529188156128}}