{"0": {"loss": 2.2937827110290527}, "1": {"loss": 2.034858465194702}, "2": {"loss": 1.8103466033935547}, "3": {"loss": 2.350531816482544}, "4": {"loss": 2.2712395191192627}}