{"0": {"loss": 1.7971000671386719}, "1": {"loss": 1.369341532389323}, "2": {"loss": 1.507082462310791}, "3": {"loss": 2.9683761596679688}, "4": {"loss": 1.8117101987202961}}