{"0": {"loss": 1.9906589984893799}, "1": {"loss": 2.4554944038391113}, "2": {"loss": 1.8767585754394531}, "3": {"loss": 1.8740265369415283}, "4": {"loss": 0.8018327951431274}}