{"0": {"loss": 2.6291098594665527}, "1": {"loss": 3.177705764770508}, "2": {"loss": 2.148573875427246}, "3": {"loss": 2.549602508544922}, "4": {"loss": 1.6413575410842896}}