{"0": {"loss": 2.562715530395508}, "1": {"loss": 2.4329590797424316}, "2": {"loss": 2.0403664112091064}, "3": {"loss": 2.7265655994415283}, "4": {"loss": 2.8396975994110107}}