{"0": {"loss": 2.0043935775756836}, "1": {"loss": 1.9565270741780598}, "2": {"loss": 2.6615025202433267}, "3": {"loss": 2.1873016357421875}, "4": {"loss": 1.3714405695597331}}