{"0": {"loss": 1.3654123942057292}, "1": {"loss": 1.2116394837697346}, "2": {"loss": 2.7616523106892905}, "3": {"loss": 2.83467706044515}, "4": {"loss": 1.8276522954305012}}