{"0": {"loss": 1.3594591617584229}, "1": {"loss": 1.3594591617584229}, "2": {"loss": 0.7710965871810913}, "3": {"loss": 0.9406952261924744}, "4": {"loss": 0.8518933057785034}}