{"0": {"loss": 2.4324793815612793}, "1": {"loss": 2.4324793815612793}, "2": {"loss": 2.4324793815612793}, "3": {"loss": 1.2961316108703613}, "4": {"loss": 1.2947450876235962}}