{"0": {"loss": 1.1249597072601318}, "1": {"loss": 1.1249597072601318}, "2": {"loss": 2.7354767322540283}, "3": {"loss": 5.774569988250732}, "4": {"loss": 1.996433973312378}}