{"0": {"loss": 1.5149294137954712}, "1": {"loss": 1.2873928546905518}, "2": {"loss": 3.431443214416504}, "3": {"loss": 2.3733935356140137}, "4": {"loss": 1.239637851715088}}