{"0": {"loss": 1.3764915466308594}, "1": {"loss": 1.384568214416504}, "2": {"loss": 1.170148452123006}, "3": {"loss": 1.0932400226593018}, "4": {"loss": 1.1782387892405193}}