{"0": {"loss": 2.0210628509521484}, "1": {"loss": 1.980352520942688}, "2": {"loss": 1.8935285806655884}, "3": {"loss": 1.393518090248108}, "4": {"loss": 0.843885064125061}}