{"0": {"loss": 2.24755064646403}, "1": {"loss": 2.16896120707194}, "2": {"loss": 1.8050060272216797}, "3": {"loss": 1.6991437276204426}, "4": {"loss": 1.746305783589681}}