{"0": {"loss": 2.3879024505615236}, "1": {"loss": 2.6179584503173827}, "2": {"loss": 2.094626045227051}, "3": {"loss": 1.2574207305908203}, "4": {"loss": 0.8869535446166992}}