{"0": {"loss": 1.5718787511189778}, "1": {"loss": 2.455333709716797}, "2": {"loss": 1.4680360158284504}, "3": {"loss": 3.13926633199056}, "4": {"loss": 1.562939961751302}}