{"0": {"loss": 2.3083629608154297}, "1": {"loss": 2.0472572326660154}, "2": {"loss": 1.0008299827575684}, "3": {"loss": 0.6844347000122071}, "4": {"loss": 0.43674516677856445}}