{"0": {"loss": 1.9322816133499146}, "1": {"loss": 2.380523920059204}, "2": {"loss": 1.710479974746704}, "3": {"loss": 1.1568632125854492}, "4": {"loss": 1.3451077938079834}}