{"0": {"loss": 1.7985143661499023}, "1": {"loss": 3.6179393768310546}, "2": {"loss": 3.1612720489501953}, "3": {"loss": 1.9044612884521483}, "4": {"loss": 1.4812267303466797}}