{"0": {"loss": 1.8041434288024902}, "1": {"loss": 2.379103978474935}, "2": {"loss": 2.955669085184733}, "3": {"loss": 1.857864538828532}, "4": {"loss": 1.3279492060343425}}