{"0": {"loss": 2.465716600418091}, "1": {"loss": 2.465716600418091}, "2": {"loss": 2.8396668434143066}, "3": {"loss": 2.8648459911346436}, "4": {"loss": 2.856445789337158}}