{"0": {"loss": 2.2277223587036135}, "1": {"loss": 2.1452377319335936}, "2": {"loss": 1.6517936706542968}, "3": {"loss": 1.7776473999023437}, "4": {"loss": 1.5738882064819335}}