{"0": {"loss": 1.8386950492858887}, "1": {"loss": 3.2487635612487793}, "2": {"loss": 2.9282569885253906}, "3": {"loss": 1.6563968658447266}, "4": {"loss": 1.067568063735962}}