{"0": {"loss": 1.8656187057495117}, "1": {"loss": 1.6661928176879883}, "2": {"loss": 2.7509170532226563}, "3": {"loss": 2.4013620376586915}, "4": {"loss": 1.1076715469360352}}