{"0": {"loss": 2.5894978046417236}, "1": {"loss": 3.13344407081604}, "2": {"loss": 2.2075018882751465}, "3": {"loss": 2.2413880825042725}, "4": {"loss": 1.190523386001587}}{"0": {"loss": 2.5533266067504883}, "1": {"loss": 3.0410315990448}, "2": {"loss": 2.195326805114746}, "3": {"loss": 2.2935547828674316}, "4": {"loss": 1.1093789339065552}}