{"0": {"loss": 2.0918382008870444}, "1": {"loss": 1.7939205169677734}, "2": {"loss": 1.3793721199035645}, "3": {"loss": 1.6840421358744304}, "4": {"loss": 1.22737455368042}}