{"0": {"loss": 2.523525873819987}, "1": {"loss": 2.328276793162028}, "2": {"loss": 1.880518913269043}, "3": {"loss": 0.9818031787872314}, "4": {"loss": 0.5810259580612183}}{"0": {"loss": 2.523525873819987}, "1": {"loss": 2.321441650390625}, "2": {"loss": 1.866900126139323}, "3": {"loss": 1.1059667269388835}, "4": {"loss": 0.8836328983306885}}{"0": {"loss": 2.523525873819987}, "1": {"loss": 2.337779680887858}, "2": {"loss": 2.2326014836629233}, "3": {"loss": 2.3358117739359536}, "4": {"loss": 1.4477478663126628}}