{"0": {"loss": 2.5303826332092285}, "1": {"loss": 2.3221678733825684}, "2": {"loss": 1.790194829305013}, "3": {"loss": 3.0720656712849936}, "4": {"loss": 5.041753768920898}}