{"0": {"loss": 2.563450574874878}, "1": {"loss": 2.55881667137146}, "2": {"loss": 2.139346122741699}, "3": {"loss": 2.604995012283325}, "4": {"loss": 1.7983919382095337}}