{"0": {"loss": 2.0248501300811768}, "1": {"loss": 1.9523236751556396}, "2": {"loss": 1.793428659439087}, "3": {"loss": 1.51020085811615}, "4": {"loss": 1.3728094100952148}}