{"0": {"loss": 2.1807132720947267}, "1": {"loss": 2.209092903137207}, "2": {"loss": 2.227213668823242}, "3": {"loss": 2.142241859436035}, "4": {"loss": 1.499476718902588}}