{"0": {"loss": 2.329764556884766}, "1": {"loss": 2.3880279541015623}, "2": {"loss": 1.662419891357422}, "3": {"loss": 1.9451993942260741}, "4": {"loss": 1.2501852989196778}}