{"0": {"loss": 1.8959969282150269}, "1": {"loss": 3.226796865463257}, "2": {"loss": 2.8049967288970947}, "3": {"loss": 2.0793492794036865}, "4": {"loss": 3.384761333465576}}