{"0": {"loss": 2.4490981101989746}, "1": {"loss": 2.5392751693725586}, "2": {"loss": 2.546204090118408}, "3": {"loss": 2.291130781173706}, "4": {"loss": 1.5302691459655762}}