{"0": {"loss": 2.164794445037842}, "1": {"loss": 2.470227003097534}, "2": {"loss": 1.8427590131759644}, "3": {"loss": 2.396559953689575}, "4": {"loss": 1.3973910808563232}}