{"0": {"loss": 2.3561137517293296}, "1": {"loss": 2.318009853363037}, "2": {"loss": 1.9281050364176433}, "3": {"loss": 1.3370424906412761}, "4": {"loss": 2.2294934590657554}}