{"0": {"loss": 2.1022306442260743}, "1": {"loss": 2.15862922668457}, "2": {"loss": 2.494332504272461}, "3": {"loss": 1.8003877639770507}, "4": {"loss": 0.8822462081909179}}