{"0": {"loss": 2.1979799270629883}, "1": {"loss": 2.1363396644592285}, "2": {"loss": 1.6252048015594482}, "3": {"loss": 1.1121431589126587}, "4": {"loss": 1.6012992858886719}}