{"0": {"loss": 1.8943783044815063}, "1": {"loss": 2.4146060943603516}, "2": {"loss": 2.925368547439575}, "3": {"loss": 3.0182878971099854}, "4": {"loss": 1.94705069065094}}