{"0": {"loss": 2.230293846130371}, "1": {"loss": 2.3374267578125}, "2": {"loss": 2.227656936645508}, "3": {"loss": 1.4280149459838867}, "4": {"loss": 0.7081708908081055}}