{"0": {"loss": 2.374049663543701}, "1": {"loss": 2.8882757822672525}, "2": {"loss": 3.273657480875651}, "3": {"loss": 4.877551396687825}, "4": {"loss": 2.6171061197916665}}