{"0": {"loss": 1.8930082321166992}, "1": {"loss": 2.7141682306925454}, "2": {"loss": 2.1033668518066406}, "3": {"loss": 1.3568213780721028}, "4": {"loss": 1.0599853992462158}}