{"0": {"loss": 1.746419906616211}, "1": {"loss": 1.8753936767578125}, "2": {"loss": 1.8702726364135742}, "3": {"loss": 1.5900644302368163}, "4": {"loss": 0.8579056739807129}}