{"0": {"loss": 1.3773186206817627}, "1": {"loss": 1.3773186206817627}, "2": {"loss": 1.3773186206817627}, "3": {"loss": 0.9779424071311951}, "4": {"loss": 0.5502110123634338}}