{"0": {"loss": 1.835226058959961}, "1": {"loss": 2.3239803314208984}, "2": {"loss": 1.8609593709309895}, "3": {"loss": 1.2866412003835042}, "4": {"loss": 2.771773020426432}}