{"0": {"loss": 1.808179219563802}, "1": {"loss": 2.545130729675293}, "2": {"loss": 1.4724609057108562}, "3": {"loss": 0.7214961051940918}, "4": {"loss": 0.8318458398183187}}