{"0": {"loss": 2.2872255643208823}, "1": {"loss": 2.43486754099528}, "2": {"loss": 2.1968100865681968}, "3": {"loss": 1.7993114789326985}, "4": {"loss": 1.2601424853007}}