{"0": {"loss": 2.362970511118571}, "1": {"loss": 2.078126589457194}, "2": {"loss": 1.6240196228027344}, "3": {"loss": 2.8143812815348306}, "4": {"loss": 2.8830296198527017}}