{"0": {"loss": 1.757272720336914}, "1": {"loss": 1.9973630905151367}, "2": {"loss": 2.5685677528381348}, "3": {"loss": 2.212796211242676}, "4": {"loss": 9.924519538879395}}