{"0": {"loss": 2.2645936012268066}, "1": {"loss": 2.42915678024292}, "2": {"loss": 1.9238972663879395}, "3": {"loss": 1.4153273105621338}, "4": {"loss": 0.7984493970870972}}