{"0": {"loss": 2.3179311752319336}, "1": {"loss": 2.3179311752319336}, "2": {"loss": 2.6805710792541504}, "3": {"loss": 2.3653640747070312}, "4": {"loss": 2.3050010204315186}}