{"0": {"loss": 1.8426382064819335}, "1": {"loss": 2.00595760345459}, "2": {"loss": 1.6758541107177733}, "3": {"loss": 1.867287826538086}, "4": {"loss": 0.8185741424560546}}