{"0": {"loss": 2.1765332221984863}, "1": {"loss": 2.170562744140625}, "2": {"loss": 1.992877721786499}, "3": {"loss": 1.6205244064331055}, "4": {"loss": 1.4141438007354736}}