{"0": {"loss": 1.803956667582194}, "1": {"loss": 2.1146437327067056}, "2": {"loss": 1.2087581952412922}, "3": {"loss": 1.1241823832194011}, "4": {"loss": 0.8783699671427408}}