{"0": {"loss": 1.867361831665039}, "1": {"loss": 2.7859521865844727}, "2": {"loss": 1.529263687133789}, "3": {"loss": 1.7373701095581056}, "4": {"loss": 1.1670777320861816}}