{"0": {"loss": 1.4453798929850261}, "1": {"loss": 1.355534553527832}, "2": {"loss": 3.052766799926758}, "3": {"loss": 2.942294438680013}, "4": {"loss": 3.1783275604248047}}