{"0": {"loss": 1.5607995986938477}, "1": {"loss": 1.1358041763305664}, "2": {"loss": 1.3622744878133137}, "3": {"loss": 2.8958428700764975}, "4": {"loss": 2.451313336690267}}