{"0": {"loss": 2.1786623001098633}, "1": {"loss": 2.185628573099772}, "2": {"loss": 1.7301495869954426}, "3": {"loss": 2.6513845125834146}, "4": {"loss": 2.3274086316426597}}