{"0": {"loss": 1.8095712661743164}, "1": {"loss": 2.1646790504455566}, "2": {"loss": 1.719077428181966}, "3": {"loss": 1.177310864130656}, "4": {"loss": 1.2174726327260335}}