{"0": {"loss": 2.328216075897217}, "1": {"loss": 2.291515588760376}, "2": {"loss": 1.9341011047363281}, "3": {"loss": 3.0437121391296387}, "4": {"loss": 4.0961809158325195}}