{"0": {"loss": 2.1165575981140137}, "1": {"loss": 1.9003468751907349}, "2": {"loss": 1.553767442703247}, "3": {"loss": 2.2377946376800537}, "4": {"loss": 1.7300255298614502}}