{"0": {"loss": 2.2145986557006836}, "1": {"loss": 2.2740774154663086}, "2": {"loss": 2.0336761474609375}, "3": {"loss": 1.829474687576294}, "4": {"loss": 1.4978971481323242}}