{"0": {"loss": 1.883924166361491}, "1": {"loss": 4.0102583567301435}, "2": {"loss": 2.954191525777181}, "3": {"loss": 3.7884298960367837}, "4": {"loss": 1.2397859891255696}}