{"0": {"loss": 1.67039954662323}, "1": {"loss": 1.6215410232543945}, "2": {"loss": 1.455064058303833}, "3": {"loss": 1.2449593544006348}, "4": {"loss": 1.0513887405395508}}