{"0": {"loss": 1.5749049186706543}, "1": {"loss": 2.986013412475586}, "2": {"loss": 2.458169460296631}, "3": {"loss": 0.9891928434371948}, "4": {"loss": 0.7372124195098877}}