{"0": {"loss": 1.5689114332199097}, "1": {"loss": 2.287485361099243}, "2": {"loss": 2.393784284591675}, "3": {"loss": 1.4461863040924072}, "4": {"loss": 1.6682521104812622}}{"0": {"loss": 1.5692524909973145}, "1": {"loss": 2.1023025512695312}, "2": {"loss": 1.879745602607727}, "3": {"loss": 0.9391813278198242}, "4": {"loss": 0.8909050226211548}}{"0": {"loss": 1.5702683925628662}, "1": {"loss": 2.343195915222168}, "2": {"loss": 2.014216661453247}, "3": {"loss": 0.8257721662521362}, "4": {"loss": 3.0049080848693848}}