{"0": {"loss": 2.0091490745544434}, "1": {"loss": 3.5244312286376953}, "2": {"loss": 1.646634578704834}, "3": {"loss": 2.0321054458618164}, "4": {"loss": 1.3355822563171387}}