{"0": {"loss": 2.0112501780192056}, "1": {"loss": 1.9435803095499675}, "2": {"loss": 1.5779908498128254}, "3": {"loss": 1.325211524963379}, "4": {"loss": 1.5755157470703125}}