{"0": {"loss": 1.6407670974731445}, "1": {"loss": 1.696056842803955}, "2": {"loss": 3.7799901962280273}, "3": {"loss": 2.230234146118164}, "4": {"loss": 1.2077172597249348}}