{"0": {"loss": 2.625680160522461}, "1": {"loss": 2.680336761474609}, "2": {"loss": 1.6556167602539062}, "3": {"loss": 1.1164129257202149}, "4": {"loss": 1.0510477066040038}}