{"0": {"loss": 2.236974000930786}, "1": {"loss": 1.9254435300827026}, "2": {"loss": 1.8893039226531982}, "3": {"loss": 1.6758737564086914}, "4": {"loss": 1.2476787567138672}}