{"0": {"loss": 1.3760778903961182}, "1": {"loss": 2.4973254203796387}, "2": {"loss": 2.4865763187408447}, "3": {"loss": 2.074446678161621}, "4": {"loss": 1.2130181789398193}}