{"0": {"loss": 2.117548942565918}, "1": {"loss": 2.222047805786133}, "2": {"loss": 1.6608339309692384}, "3": {"loss": 0.9881783485412597}, "4": {"loss": 0.7320702552795411}}