{"0": {"loss": 1.209079345067342}, "1": {"loss": 1.1406219800313313}, "2": {"loss": 3.2647711435953775}, "3": {"loss": 1.942553202311198}, "4": {"loss": 1.194018046061198}}{"0": {"loss": 1.209079345067342}, "1": {"loss": 1.1412615776062012}, "2": {"loss": 3.2619590759277344}, "3": {"loss": 1.9346356391906738}, "4": {"loss": 1.1652930577596028}}