{"0": {"loss": 1.6979742050170898}, "1": {"loss": 2.3510116577148437}, "2": {"loss": 3.827274703979492}, "3": {"loss": 2.2680170059204103}, "4": {"loss": 1.1079256057739257}}