{"0": {"loss": 1.8150358200073242}, "1": {"loss": 3.009341557820638}, "2": {"loss": 3.544349988301595}, "3": {"loss": 4.291123072306315}, "4": {"loss": 1.4364395141601562}}