{"0": {"loss": 2.035135269165039}, "1": {"loss": 1.9677791595458984}, "2": {"loss": 1.589818000793457}, "3": {"loss": 2.532090187072754}, "4": {"loss": 4.035426139831543}}