{"0": {"loss": 2.4933366775512695}, "1": {"loss": 2.7113142013549805}, "2": {"loss": 2.2707087993621826}, "3": {"loss": 2.236445903778076}, "4": {"loss": 1.829704999923706}}