{"0": {"loss": 2.00954647064209}, "1": {"loss": 3.80780143737793}, "2": {"loss": 2.4550748825073243}, "3": {"loss": 1.9723848342895507}, "4": {"loss": 0.898627758026123}}