{"0": {"loss": 2.396697235107422}, "1": {"loss": 2.456220245361328}, "2": {"loss": 3.163268280029297}, "3": {"loss": 2.7899478912353515}, "4": {"loss": 1.1477413177490234}}