{"0": {"loss": 2.167583147684733}, "1": {"loss": 1.9975824356079102}, "2": {"loss": 1.5772878328959148}, "3": {"loss": 1.2566438515981038}, "4": {"loss": 1.4795494079589844}}