{"0": {"loss": 1.6569876670837402}, "1": {"loss": 1.5518356561660767}, "2": {"loss": 1.587007999420166}, "3": {"loss": 1.6997917890548706}, "4": {"loss": 1.548686146736145}}