{"0": {"loss": 1.9064430236816405}, "1": {"loss": 2.4798255920410157}, "2": {"loss": 2.1405784606933596}, "3": {"loss": 1.5097522735595703}, "4": {"loss": 0.9088783264160156}}