{"0": {"loss": 2.25712251663208}, "1": {"loss": 2.7648062705993652}, "2": {"loss": 1.8672826290130615}, "3": {"loss": 1.4541993141174316}, "4": {"loss": 1.1409705877304077}}