{"0": {"loss": 2.579334259033203}, "1": {"loss": 2.8440423011779785}, "2": {"loss": 3.0578880310058594}, "3": {"loss": 2.521587371826172}, "4": {"loss": 2.2219557762145996}}