{"0": {"loss": 1.7938137474420488}}{"0": {"loss": 1.7938137474420488}, "1": {"loss": 1.7093520058021514}}