{"0": {"loss": 1.7915619734630588}}{"0": {"loss": 1.7915619734630588}, "1": {"loss": 1.7022961270855481}}