{"0": {"loss": 1.7628391929414375}}{"0": {"loss": 1.7628391929414375}, "1": {"loss": 1.7047255137919506}}{"0": {"loss": 1.7628391929414375}, "1": {"loss": 1.7047255137919506}, "2": {"loss": 1.6574792216748628}}{"0": {"loss": 1.7628391929414375}, "1": {"loss": 1.7047255137919506}, "2": {"loss": 1.6574792216748628}, "3": {"loss": 1.609510758477964}}{"0": {"loss": 1.7628391929414375}, "1": {"loss": 1.7047255137919506}, "2": {"loss": 1.6574792216748628}, "3": {"loss": 1.609510758477964}, "4": {"loss": 1.5625877767917358}}