{"0": {"loss": 1.6986083837374693}}{"0": {"loss": 1.6986083837374693}, "1": {"loss": 1.637770821605172}}{"0": {"loss": 1.6986083837374693}, "1": {"loss": 1.637770821605172}, "2": {"loss": 1.5790734005428337}}