{"0": {"loss": 1.769651671612393}}{"0": {"loss": 1.769651671612393}, "1": {"loss": 1.7414645345084785}}