{"0": {"loss": 2.359320504324777}, "1": {"loss": 1.9565988268171037}, "2": {"loss": 1.6440760748726981}, "3": {"loss": 1.2359600067138672}, "4": {"loss": 0.9207422392708915}, "5": {"loss": 0.642906733921596}, "6": {"loss": 0.42397403717041016}}