{"0": {"loss": 2.2956673758370534}, "1": {"loss": 1.7570796694074358}}