{"0": {"loss": 2.2617820883696935}, "1": {"loss": 2.0106057221034788}, "2": {"loss": 1.6213415469763415}, "3": {"loss": 1.2185233350070017}, "4": {"loss": 0.8495911940088812}, "5": {"loss": 0.534229868762898}}