{"0": {"loss": 2.2107739561992887}, "1": {"loss": 1.9624620413469152}, "2": {"loss": 1.5952308263947026}}