{"0": {"loss": 2.2574158130614568}, "1": {"loss": 1.7869178501721623}}