{"0": {"loss": 2.300118400937035}, "1": {"loss": 1.8588558378673734}, "2": {"loss": 1.461435772123791}, "3": {"loss": 1.117410114833287}, "4": {"loss": 0.8702211834135509}, "5": {"loss": 0.6235953739711216}, "6": {"loss": 0.4492816016787574}, "7": {"loss": 0.3135351680573963}, "8": {"loss": 0.20108826955159506}, "9": {"loss": 0.12245401881989978}}