{"0": {"loss": 2.2874918228540664}, "1": {"loss": 1.9223423493214142}, "2": {"loss": 1.6121153220152245}, "3": {"loss": 1.2589187622070312}, "4": {"loss": 0.8823216756184896}, "5": {"loss": 0.5981773963341346}, "6": {"loss": 0.36989564162034255}, "7": {"loss": 0.23270144829383263}, "8": {"loss": 0.14871915181477866}, "9": {"loss": 0.0931539290990585}}