{"0": {"loss": 2.2959329265437716}, "1": {"loss": 1.9972266628317636}}