{"0": {"loss": 2.297197691731433}, "1": {"loss": 2.0108164949535827}, "2": {"loss": 1.683041376559731}, "3": {"loss": 1.4318272022125962}, "4": {"loss": 1.2432567580606928}, "5": {"loss": 1.1094031992130096}, "6": {"loss": 1.0125375945538406}}