{"0": {"loss": 2.2654133082315933}, "1": {"loss": 1.8620695670152503}}