{"0": {"loss": 2.2597805158466313}, "1": {"loss": 1.810950996182489}, "2": {"loss": 1.240031432429104}, "3": {"loss": 0.7918796234942497}, "4": {"loss": 0.5107339003407363}, "5": {"loss": 0.37649856154800304}, "6": {"loss": 0.3141290816854923}, "7": {"loss": 0.26341178670842597}, "8": {"loss": 0.24587408549396705}, "9": {"loss": 0.22665963418094826}}