{"0": {"loss": 2.2424663813502943}, "1": {"loss": 2.002709004640111}, "2": {"loss": 1.6088882776046782}, "3": {"loss": 1.1931345907784632}}