{"0": {"loss": 2.2643052908666945}, "1": {"loss": 1.7879406192682112}, "2": {"loss": 1.1758394728475094}, "3": {"loss": 0.7089749291275714}, "4": {"loss": 0.4526411770369074}, "5": {"loss": 0.31669968940420096}}