{"0": {"loss": 2.297197691731433}, "1": {"loss": 2.0108164949535827}, "2": {"loss": 1.683041376559731}, "3": {"loss": 1.4318272022125962}}