{"0": {"loss": 2.213248878900259}, "1": {"loss": 1.9572522528088654}}