{"0": {"loss": 2.2597805158466313}, "1": {"loss": 1.810950996182489}}