{"0": {"loss": 6.94658678050909}, "1": {"loss": 6.219795492285356}}