{"0": {"loss": 2.2874918228540664}, "1": {"loss": 1.9223423493214142}, "2": {"loss": 1.6121153220152245}, "3": {"loss": 1.2589187622070312}, "4": {"loss": 0.8823216756184896}}