{"0": {"loss": 2.300118400937035}, "1": {"loss": 1.8588558378673734}}