{"0": {"loss": 2.2574158130614568}, "1": {"loss": 1.7869178501721623}, "2": {"loss": 1.1448060121458299}, "3": {"loss": 0.6783364423289286}, "4": {"loss": 0.4115496955060829}, "5": {"loss": 0.2788075751114931}, "6": {"loss": 0.22797436155480325}}