{"0": {"loss": 2.2274920740871567}, "1": {"loss": 1.9768073738044036}}