{"0": {"loss": 2.2274920740871567}, "1": {"loss": 1.9768073738044036}, "2": {"loss": 1.5938583975988077}, "3": {"loss": 1.1669348013316485}, "4": {"loss": 0.7986253623421311}, "5": {"loss": 0.5145070011734117}, "6": {"loss": 0.32786337061131254}, "7": {"loss": 0.22410794166808432}, "8": {"loss": 0.16682241368801035}}