{"0": {"loss": 2.300118400937035}, "1": {"loss": 1.8588558378673734}, "2": {"loss": 1.461435772123791}, "3": {"loss": 1.117410114833287}}