{"0": {"loss": 2.2654133082315933}, "1": {"loss": 1.8620695670152503}, "2": {"loss": 1.3503141959215001}, "3": {"loss": 0.9550967593034695}, "4": {"loss": 0.6969544977279607}, "5": {"loss": 0.5532572714605015}, "6": {"loss": 0.4706868611578572}, "7": {"loss": 0.41802320445155744}, "8": {"loss": 0.39158375025675307}, "9": {"loss": 0.37437206000859446}}