{"0": {"loss": 2.2956673758370534}, "1": {"loss": 1.7570796694074358}, "2": {"loss": 1.149343626839774}}