{"0": {"loss": 2.2597805158466313}, "1": {"loss": 1.810950996182489}, "2": {"loss": 1.240031432429104}, "3": {"loss": 0.7918796234942497}}