{"0": {"loss": 2.2617820883696935}, "1": {"loss": 2.0106057221034788}}