{"0": {"loss": 2.2424663813502943}, "1": {"loss": 2.002709004640111}, "2": {"loss": 1.6088882776046782}, "3": {"loss": 1.1931345907784632}, "4": {"loss": 0.8195864278347412}, "5": {"loss": 0.5379560785349787}, "6": {"loss": 0.33837196962772514}}