{"0": {"loss": 2.271318817138672}, "1": {"loss": 1.799059600830078}}