{"0": {"loss": 2.359320504324777}, "1": {"loss": 1.9565988268171037}, "2": {"loss": 1.6440760748726981}}