{"0": {"loss": 2.2643052908666945}, "1": {"loss": 1.7879406192682112}}