{"0": {"loss": 2.271318817138672}, "1": {"loss": 1.799059600830078}, "2": {"loss": 1.1515024566650391}, "3": {"loss": 0.6226050186157227}, "4": {"loss": 0.33856552124023437}, "5": {"loss": 0.19627923965454103}, "6": {"loss": 0.14507020950317384}}