{"0": {"loss": 2.2424663813502943}, "1": {"loss": 2.002709004640111}}