{"0": {"loss": 2.231605893089658}, "1": {"loss": 1.5905999683198475}, "2": {"loss": 1.0452657427106584}, "3": {"loss": 0.6667537235078358}}