{"0": {"loss": 2.282446543375651}, "1": {"loss": 2.033403158187866}}