{"0": {"loss": 2.213248878900259}, "1": {"loss": 1.9572522528088654}, "2": {"loss": 1.56641438646063}, "3": {"loss": 1.1556693157047826}, "4": {"loss": 0.7978191258717169}, "5": {"loss": 0.5123204502347545}}