{"0": {"loss": 2.282446543375651}, "1": {"loss": 2.033403158187866}, "2": {"loss": 1.6749505201975505}, "3": {"loss": 1.240513841311137}}