{"0": {"loss": 2.282446543375651}, "1": {"loss": 2.033403158187866}, "2": {"loss": 1.6749505201975505}, "3": {"loss": 1.240513841311137}, "4": {"loss": 0.8635110060373942}, "5": {"loss": 0.5436731576919556}}