{"0": {"loss": 2.2574158130614568}, "1": {"loss": 1.7869178501721623}, "2": {"loss": 1.1448060121458299}}