{"0": {"loss": 2.2959329265437716}, "1": {"loss": 1.9972266628317636}, "2": {"loss": 1.6693416229666096}, "3": {"loss": 1.2391123314426369}, "4": {"loss": 0.8705205002876177}, "5": {"loss": 0.5770154456569724}, "6": {"loss": 0.33243900455840647}, "7": {"loss": 0.18628842863318038}, "8": {"loss": 0.12829414785724796}, "9": {"loss": 0.1376794266374144}}