{"0": {"loss": 2.334839344024658}, "1": {"loss": 1.9749752680460613}, "2": {"loss": 1.5523637135823567}, "3": {"loss": 1.213558514912923}, "4": {"loss": 0.9323964913686117}, "5": {"loss": 0.6288129091262817}, "6": {"loss": 0.39611275990804035}, "7": {"loss": 0.28502708673477173}, "8": {"loss": 0.179526686668396}}