{"0": {"loss": 2.2830893198649087}, "1": {"loss": 2.0336668491363525}, "2": {"loss": 1.6673305829366047}, "3": {"loss": 1.2390071948369343}, "4": {"loss": 0.830181360244751}, "5": {"loss": 0.5384443004926046}}