{"0": {"loss": 2.2776557922363283}, "1": {"loss": 1.9995306396484376}, "2": {"loss": 1.618748779296875}, "3": {"loss": 1.2044583892822265}, "4": {"loss": 0.8219516754150391}, "5": {"loss": 0.6096041488647461}, "6": {"loss": 0.39947486877441407}, "7": {"loss": 0.20794578552246093}, "8": {"loss": 0.10983047485351563}}