{"0": {"loss": 2.334839344024658}, "1": {"loss": 1.9749752680460613}}