{"0": {"loss": 2.334839344024658}, "1": {"loss": 1.9749752680460613}, "2": {"loss": 1.5523637135823567}, "3": {"loss": 1.213558514912923}, "4": {"loss": 0.9323964913686117}}