{"0": {"loss": 2.2830893198649087}, "1": {"loss": 2.0336668491363525}}