{"0": {"loss": 2.2096466746591648}, "1": {"loss": 1.9693392539925243}, "2": {"loss": 1.6117027774016992}, "3": {"loss": 1.2224175461814275}, "4": {"loss": 0.8804544851842112}, "5": {"loss": 0.6191406737241801}, "6": {"loss": 0.42414904681211335}, "7": {"loss": 0.30355610119148163}, "8": {"loss": 0.2413828029094572}, "9": {"loss": 0.21244161137879813}}