{"0": {"loss": 2.1927171163446717}, "1": {"loss": 1.9645660369191227}, "2": {"loss": 1.6461947680994016}}