{"0": {"loss": 2.2096466746591648}, "1": {"loss": 1.9693392539925243}}