{"0": {"loss": 2.289539693928451}, "1": {"loss": 2.004959819985808}, "2": {"loss": 1.6749361436144055}}