{"0": {"loss": 2.2096466746591648}, "1": {"loss": 1.9693392539925243}, "2": {"loss": 1.6117027774016992}, "3": {"loss": 1.2224175461814275}, "4": {"loss": 0.8804544851842112}, "5": {"loss": 0.6191406737241801}}