{"0": {"loss": 2.2776557922363283}, "1": {"loss": 1.9995306396484376}}