{"0": {"loss": 2.289539693928451}, "1": {"loss": 2.004959819985808}}