{"0": {"loss": 2.2092626372729343}, "1": {"loss": 1.957085841516288}, "2": {"loss": 1.5752782685137479}, "3": {"loss": 1.1775247226707286}, "4": {"loss": 0.8231071011907971}, "5": {"loss": 0.5422907909245092}, "6": {"loss": 0.3585291474387202}}