{"0": {"loss": 2.2092626372729343}, "1": {"loss": 1.957085841516288}}