{"0": {"loss": 2.876590113616992}, "1": {"loss": 2.692912882855117}, "2": {"loss": 2.5821518342250074}, "3": {"loss": 2.5164753262701027}, "4": {"loss": 2.4493591812076945}}