{"0": {"loss": 2.961837311844961}, "1": {"loss": 2.9040048830525653}}