{"0": {"loss": 2.3165364946637834}, "1": {"loss": 1.0459812709263392}, "2": {"loss": 0.5249298981257847}, "3": {"loss": 0.41109752655029297}, "4": {"loss": 0.32179042271205355}}