{"0": {"loss": 2.961837311844961}, "1": {"loss": 2.9040048830525653}, "2": {"loss": 2.894956736590253}, "3": {"loss": 2.8926434491290007}, "4": {"loss": 2.877813366313943}}