{"0": {"loss": 2.6251029264842365}, "1": {"loss": 2.0181794782056874}, "2": {"loss": 1.5431048555577056}, "3": {"loss": 1.2867649950879685}, "4": {"loss": 1.1242362935492334}, "5": {"loss": 1.0370452302567503}, "6": {"loss": 1.0073281315201563}, "7": {"loss": 0.9432039294682496}}