{"0": {"loss": 2.3165364946637834}, "1": {"loss": 1.0459812709263392}}