{"0": {"loss": 2.443711042404175}, "1": {"loss": 1.456051508585612}, "2": {"loss": 0.8107699950536092}, "3": {"loss": 0.5533064007759094}, "4": {"loss": 0.47974703709284466}, "5": {"loss": 0.42267314592997235}, "6": {"loss": 0.40110164880752563}, "7": {"loss": 0.40253541866938275}, "8": {"loss": 0.34734376271565753}}