{"0": {"loss": 2.271104274651943}, "1": {"loss": 1.065198262532552}, "2": {"loss": 0.4657217661539714}, "3": {"loss": 0.4989788348858173}}