{"0": {"loss": 2.876590113616992}, "1": {"loss": 2.692912882855117}}