{"0": {"loss": 2.876590113616992}, "1": {"loss": 2.692912882855117}, "2": {"loss": 2.5821518342250074}, "3": {"loss": 2.5164753262701027}, "4": {"loss": 2.4493591812076945}, "5": {"loss": 2.3609255577034616}, "6": {"loss": 2.2900488885429833}, "7": {"loss": 2.2243374534716565}, "8": {"loss": 2.1541278223968554}}