{"0": {"loss": 2.7724808358618254}, "1": {"loss": 2.4400843490093838}}