{"0": {"loss": 2.6251029264842365}, "1": {"loss": 2.0181794782056874}}