{"0": {"loss": 2.443711042404175}, "1": {"loss": 1.456051508585612}}