{"0": {"loss": 2.443711042404175}, "1": {"loss": 1.456051508585612}, "2": {"loss": 0.8107699950536092}, "3": {"loss": 0.5533064007759094}}