{"0": {"loss": 2.7724808358618254}, "1": {"loss": 2.4400843490093838}, "2": {"loss": 2.216454408089613}, "3": {"loss": 2.059619022383461}, "4": {"loss": 1.956458572444001}, "5": {"loss": 1.855446194018825}, "6": {"loss": 1.7834673047505623}, "7": {"loss": 1.6989397450126844}}