{"0": {"loss": 2.271104274651943}, "1": {"loss": 1.065198262532552}}