{"0": {"loss": 2.294210433959961}}{"0": {"loss": 2.294210433959961}, "1": {"loss": 1.5728492736816406}}{"0": {"loss": 2.294210433959961}, "1": {"loss": 1.5728492736816406}, "2": {"loss": 0.9775462945302328}}{"0": {"loss": 2.294210433959961}, "1": {"loss": 1.5728492736816406}, "2": {"loss": 0.9775462945302328}, "3": {"loss": 0.5769390265146891}}{"0": {"loss": 2.294210433959961}, "1": {"loss": 1.5728492736816406}, "2": {"loss": 0.9775462945302328}, "3": {"loss": 0.5769390265146891}, "4": {"loss": 0.352676788965861}}{"0": {"loss": 2.294210433959961}, "1": {"loss": 1.5728492736816406}, "2": {"loss": 0.9775462945302328}, "3": {"loss": 0.5769390265146891}, "4": {"loss": 0.352676788965861}, "5": {"loss": 0.2411763866742452}}{"0": {"loss": 2.294210433959961}, "1": {"loss": 1.5728492736816406}, "2": {"loss": 0.9775462945302328}, "3": {"loss": 0.5769390265146891}, "4": {"loss": 0.352676788965861}, "5": {"loss": 0.2411763866742452}, "6": {"loss": 0.14804518222808838}}{"0": {"loss": 2.294210433959961}, "1": {"loss": 1.5728492736816406}, "2": {"loss": 0.9775462945302328}, "3": {"loss": 0.5769390265146891}, "4": {"loss": 0.352676788965861}, "5": {"loss": 0.2411763866742452}, "6": {"loss": 0.14804518222808838}, "7": {"loss": 0.1462577978769938}}{"0": {"loss": 2.294210433959961}, "1": {"loss": 1.5728492736816406}, "2": {"loss": 0.9775462945302328}, "3": {"loss": 0.5769390265146891}, "4": {"loss": 0.352676788965861}, "5": {"loss": 0.2411763866742452}, "6": {"loss": 0.14804518222808838}, "7": {"loss": 0.1462577978769938}, "8": {"loss": 0.07946143547693889}}{"0": {"loss": 2.294210433959961}, "1": {"loss": 1.5728492736816406}, "2": {"loss": 0.9775462945302328}, "3": {"loss": 0.5769390265146891}, "4": {"loss": 0.352676788965861}, "5": {"loss": 0.2411763866742452}, "6": {"loss": 0.14804518222808838}, "7": {"loss": 0.1462577978769938}, "8": {"loss": 0.07946143547693889}, "9": {"loss": 0.16763816277186075}}