{"0": {"loss": 2.1269869804382324}}{"0": {"loss": 2.1269869804382324}, "1": {"loss": 1.1087415218353271}}