{"0": {"loss": 2.25983460744222}}{"0": {"loss": 2.25983460744222}, "1": {"loss": 1.7783560752868652}}{"0": {"loss": 2.25983460744222}, "1": {"loss": 1.7783560752868652}, "2": {"loss": 1.220589558283488}}{"0": {"loss": 2.25983460744222}, "1": {"loss": 1.7783560752868652}, "2": {"loss": 1.220589558283488}, "3": {"loss": 0.7933457692464193}}{"0": {"loss": 2.25983460744222}, "1": {"loss": 1.7783560752868652}, "2": {"loss": 1.220589558283488}, "3": {"loss": 0.7933457692464193}, "4": {"loss": 0.5208936532338461}}{"0": {"loss": 2.25983460744222}, "1": {"loss": 1.7783560752868652}, "2": {"loss": 1.220589558283488}, "3": {"loss": 0.7933457692464193}, "4": {"loss": 0.5208936532338461}, "5": {"loss": 0.28043729066848755}}{"0": {"loss": 2.25983460744222}, "1": {"loss": 1.7783560752868652}, "2": {"loss": 1.220589558283488}, "3": {"loss": 0.7933457692464193}, "4": {"loss": 0.5208936532338461}, "5": {"loss": 0.28043729066848755}, "6": {"loss": 0.17429407437642416}}{"0": {"loss": 2.25983460744222}, "1": {"loss": 1.7783560752868652}, "2": {"loss": 1.220589558283488}, "3": {"loss": 0.7933457692464193}, "4": {"loss": 0.5208936532338461}, "5": {"loss": 0.28043729066848755}, "6": {"loss": 0.17429407437642416}, "7": {"loss": 0.12278707822163899}}{"0": {"loss": 2.25983460744222}, "1": {"loss": 1.7783560752868652}, "2": {"loss": 1.220589558283488}, "3": {"loss": 0.7933457692464193}, "4": {"loss": 0.5208936532338461}, "5": {"loss": 0.28043729066848755}, "6": {"loss": 0.17429407437642416}, "7": {"loss": 0.12278707822163899}, "8": {"loss": 0.09207677841186523}}{"0": {"loss": 2.25983460744222}, "1": {"loss": 1.7783560752868652}, "2": {"loss": 1.220589558283488}, "3": {"loss": 0.7933457692464193}, "4": {"loss": 0.5208936532338461}, "5": {"loss": 0.28043729066848755}, "6": {"loss": 0.17429407437642416}, "7": {"loss": 0.12278707822163899}, "8": {"loss": 0.09207677841186523}, "9": {"loss": 0.07759316762288411}}