{"0": {"loss": 2.2745954195658364}}{"0": {"loss": 2.2745954195658364}, "1": {"loss": 1.6367638905843098}}{"0": {"loss": 2.2745954195658364}, "1": {"loss": 1.6367638905843098}, "2": {"loss": 1.0165988604227703}}{"0": {"loss": 2.2745954195658364}, "1": {"loss": 1.6367638905843098}, "2": {"loss": 1.0165988604227703}, "3": {"loss": 0.6544184684753418}}{"0": {"loss": 2.2745954195658364}, "1": {"loss": 1.6367638905843098}, "2": {"loss": 1.0165988604227703}, "3": {"loss": 0.6544184684753418}, "4": {"loss": 0.46395087242126465}}{"0": {"loss": 2.2745954195658364}, "1": {"loss": 1.6367638905843098}, "2": {"loss": 1.0165988604227703}, "3": {"loss": 0.6544184684753418}, "4": {"loss": 0.46395087242126465}, "5": {"loss": 0.33000632127126056}}{"0": {"loss": 2.2745954195658364}, "1": {"loss": 1.6367638905843098}, "2": {"loss": 1.0165988604227703}, "3": {"loss": 0.6544184684753418}, "4": {"loss": 0.46395087242126465}, "5": {"loss": 0.33000632127126056}, "6": {"loss": 0.23219788074493408}}{"0": {"loss": 2.2745954195658364}, "1": {"loss": 1.6367638905843098}, "2": {"loss": 1.0165988604227703}, "3": {"loss": 0.6544184684753418}, "4": {"loss": 0.46395087242126465}, "5": {"loss": 0.33000632127126056}, "6": {"loss": 0.23219788074493408}, "7": {"loss": 0.13499116897583008}}{"0": {"loss": 2.2745954195658364}, "1": {"loss": 1.6367638905843098}, "2": {"loss": 1.0165988604227703}, "3": {"loss": 0.6544184684753418}, "4": {"loss": 0.46395087242126465}, "5": {"loss": 0.33000632127126056}, "6": {"loss": 0.23219788074493408}, "7": {"loss": 0.13499116897583008}, "8": {"loss": 0.06086047490437826}}{"0": {"loss": 2.2745954195658364}, "1": {"loss": 1.6367638905843098}, "2": {"loss": 1.0165988604227703}, "3": {"loss": 0.6544184684753418}, "4": {"loss": 0.46395087242126465}, "5": {"loss": 0.33000632127126056}, "6": {"loss": 0.23219788074493408}, "7": {"loss": 0.13499116897583008}, "8": {"loss": 0.06086047490437826}, "9": {"loss": 0.04441346228122711}}