{"0": {"loss": 2.4690096378326416}, "1": {"loss": 2.4690096378326416}, "2": {"loss": 2.4690096378326416}, "3": {"loss": 1.6625884771347046}, "4": {"loss": 1.6447179317474365}}