{"0": {"loss": 2.4932456016540527}, "1": {"loss": 2.4932456016540527}, "2": {"loss": 2.4932456016540527}, "3": {"loss": 1.6542232036590576}, "4": {"loss": 1.6434577703475952}}