{"0": {"loss": 2.374674638112386}, "1": {"loss": 1.739110787709554}, "2": {"loss": 1.629625956217448}, "3": {"loss": 1.9677015940348308}, "4": {"loss": 2.215086301167806}}