{"0": {"loss": 2.2860443592071533}, "1": {"loss": 2.4459564685821533}, "2": {"loss": 1.9087647199630737}, "3": {"loss": 3.002326488494873}, "4": {"loss": 1.1064341068267822}}