{"0": {"loss": 2.475990613301595}, "1": {"loss": 1.9726540247599285}, "2": {"loss": 2.1834729512532554}, "3": {"loss": 1.973805586496989}, "4": {"loss": 2.7557703653971353}}