{"0": {"loss": 2.202927350997925}, "1": {"loss": 2.716475486755371}, "2": {"loss": 2.380268096923828}, "3": {"loss": 1.378037452697754}, "4": {"loss": 0.8914815783500671}}