{"0": {"loss": 2.4811277389526367}, "1": {"loss": 2.3713467121124268}, "2": {"loss": 1.9204013347625732}, "3": {"loss": 1.3879311084747314}, "4": {"loss": 0.8919953107833862}}