{"0": {"loss": 2.2693262100219727}, "1": {"loss": 2.074193795522054}, "2": {"loss": 1.7658850351969402}, "3": {"loss": 1.7000985145568848}, "4": {"loss": 0.817863384882609}}