{"0": {"loss": 1.8490160703659058}, "1": {"loss": 1.8490160703659058}, "2": {"loss": 1.8490160703659058}, "3": {"loss": 1.0953960418701172}, "4": {"loss": 1.0949206352233887}}