{"0": {"loss": 2.0070388317108154}, "1": {"loss": 2.0070388317108154}, "2": {"loss": 1.4719040393829346}, "3": {"loss": 1.4678778648376465}, "4": {"loss": 0.9883592128753662}}