{"0": {"loss": 2.1610291798909507}, "1": {"loss": 2.1600879033406577}, "2": {"loss": 2.111241340637207}, "3": {"loss": 1.9810794194539387}, "4": {"loss": 0.9708852767944336}}