{"0": {"loss": 2.159012794494629}, "1": {"loss": 2.0828285217285156}, "2": {"loss": 1.2631866931915283}, "3": {"loss": 1.412935733795166}, "4": {"loss": 1.5645228624343872}}