{"0": {"loss": 2.3153891563415527}, "1": {"loss": 2.396197557449341}, "2": {"loss": 2.058438777923584}, "3": {"loss": 2.310924530029297}, "4": {"loss": 1.8297905921936035}}