{"0": {"loss": 2.2087650299072266}, "1": {"loss": 2.5215907096862793}, "2": {"loss": 2.325819969177246}, "3": {"loss": 3.469639539718628}, "4": {"loss": 2.7121715545654297}}