{"0": {"loss": 2.169107755025228}, "1": {"loss": 1.6049814224243164}, "2": {"loss": 2.275110403696696}, "3": {"loss": 2.5043277740478516}, "4": {"loss": 1.3756696383158367}}