{"0": {"loss": 2.1573662757873535}, "1": {"loss": 2.244318962097168}, "2": {"loss": 2.2294106483459473}, "3": {"loss": 2.709630250930786}, "4": {"loss": 2.4297072887420654}}