{"0": {"loss": 2.261247475941976}, "1": {"loss": 2.0983972549438477}, "2": {"loss": 2.2835957209269204}, "3": {"loss": 2.907383918762207}, "4": {"loss": 2.1892555554707847}}