{"0": {"loss": 2.242884063720703}, "1": {"loss": 1.8094079971313477}, "2": {"loss": 2.2817447662353514}, "3": {"loss": 2.1982244491577148}, "4": {"loss": 0.7700922966003418}}