{"0": {"loss": 2.171130895614624}, "1": {"loss": 2.083003044128418}, "2": {"loss": 1.3001264333724976}, "3": {"loss": 0.9537042379379272}, "4": {"loss": 2.5667407512664795}}