{"0": {"loss": 2.1650617122650146}, "1": {"loss": 2.1650617122650146}, "2": {"loss": 2.1650617122650146}, "3": {"loss": 2.1650617122650146}, "4": {"loss": 2.1650617122650146}}