{"0": {"loss": 2.349637746810913}, "1": {"loss": 2.316761016845703}, "2": {"loss": 1.3905725479125977}, "3": {"loss": 0.8697666525840759}, "4": {"loss": 0.6418806314468384}}