{"0": {"loss": 2.270423730214437}, "1": {"loss": 1.7998838424682617}, "2": {"loss": 1.5122547149658203}, "3": {"loss": 1.5889828999837239}, "4": {"loss": 1.6363801956176758}}