{"0": {"loss": 2.465716600418091}, "1": {"loss": 2.465716600418091}, "2": {"loss": 3.1039676666259766}, "3": {"loss": 3.1301889419555664}, "4": {"loss": 3.1224560737609863}}