{"0": {"loss": 2.375772476196289}, "1": {"loss": 2.1542795499165854}, "2": {"loss": 1.6927870114644368}, "3": {"loss": 1.6538535753885906}, "4": {"loss": 1.3687130610148113}}