{"0": {"loss": 2.329153537750244}, "1": {"loss": 1.5451072454452515}, "2": {"loss": 1.6688897609710693}, "3": {"loss": 2.743295669555664}, "4": {"loss": 2.5877459049224854}}{"0": {"loss": 2.329153537750244}, "1": {"loss": 1.5768152475357056}, "2": {"loss": 1.6438510417938232}, "3": {"loss": 1.5012422800064087}, "4": {"loss": 1.3599401712417603}}