{"0": {"loss": 2.1751015186309814}, "1": {"loss": 1.8081209659576416}, "2": {"loss": 3.3045620918273926}, "3": {"loss": 3.0225167274475098}, "4": {"loss": 1.4723474979400635}}