{"0": {"loss": 2.467363119125366}, "1": {"loss": 2.597155809402466}, "2": {"loss": 2.604177951812744}, "3": {"loss": 2.0309228897094727}, "4": {"loss": 1.2312252521514893}}