{"0": {"loss": 2.366595904032389}, "1": {"loss": 2.259387969970703}, "2": {"loss": 1.846705436706543}, "3": {"loss": 0.9169730345408121}, "4": {"loss": 0.604217529296875}}