{"0": {"loss": 2.159931500752767}, "1": {"loss": 1.6843191782633464}, "2": {"loss": 1.623457431793213}, "3": {"loss": 2.308717409769694}, "4": {"loss": 2.6333134969075522}}