{"0": {"loss": 2.4794812202453613}, "1": {"loss": 2.6669862270355225}, "2": {"loss": 2.678575038909912}, "3": {"loss": 2.0764479637145996}, "4": {"loss": 1.658226490020752}}