{"0": {"loss": 2.317035675048828}, "1": {"loss": 2.234504222869873}, "2": {"loss": 1.2866137027740479}, "3": {"loss": 1.1490486860275269}, "4": {"loss": 1.1482620239257812}}