{"1": {"loss": 2.6438502144339857}, "2": {"loss": 6.149680282895928}}