{"0": {"loss": 3.4245253209246704}, "1": {"loss": 2.8364905158415534}}