{"0": {"loss": 2.5891225101142528}, "1": {"loss": 1.6297325377432716}, "2": {"loss": 1.1012647361155377}}