{"0": {"loss": 2.5202687291909527}, "1": {"loss": 1.6895124991208512}, "2": {"loss": 1.078738309689705}, "3": {"loss": 0.7700428350871762}, "4": {"loss": 0.6553909379914896}, "5": {"loss": 0.5877148899810993}}