{"0": {"loss": 1.6889030001810845}}{"0": {"loss": 1.7582534891090646}}