{"0": {"loss": 2.5891225101142528}, "1": {"loss": 1.6297325377432716}, "2": {"loss": 1.1012647361155377}, "3": {"loss": 0.8667966664232165}, "4": {"loss": 0.7601697733070677}, "5": {"loss": 0.6845945348802781}, "6": {"loss": 0.6488942571033706}, "7": {"loss": 0.618367538941617}, "8": {"loss": 0.5891737855033369}}