{"0": {"loss": 2.6295370045087196}, "1": {"loss": 1.0051988008006518}}{"1": {"loss": 2.6438502144339857}}