{"0": {"loss": 3.1309771600938}, "1": {"loss": 2.2913745965389225}, "2": {"loss": 1.851931740906065}, "3": {"loss": 1.5782541036605835}, "4": {"loss": 1.4495623103830197}}