{"0": {"loss": 2.3952494172860455}, "1": {"loss": 2.1597819375676037}, "2": {"loss": 0.9809878997455369}, "3": {"loss": 0.6576317240860289}, "4": {"loss": 0.5071522621129523}, "5": {"loss": 0.43741981497663535}, "6": {"loss": 0.40122497140966507}, "7": {"loss": 0.3665708816604109}, "8": {"loss": 0.36415794847027355}}