{"0": {"loss": 3.4245253209246704}, "1": {"loss": 2.8364905158415534}, "2": {"loss": 0.993841727048356}}{"2": {"loss": 7.663045453709483}}