{"0": {"loss": 2.5202687291909527}, "1": {"loss": 1.6895124991208512}, "2": {"loss": 1.078738309689705}}