{"0": {"loss": 3.131933529645402}, "1": {"loss": 2.486136490146056}, "2": {"loss": 1.9909174568605739}}