{"0": {"loss": 3.131933529645402}, "1": {"loss": 2.486136490146056}, "2": {"loss": 1.9909174568605739}, "3": {"loss": 1.5715846178547437}, "4": {"loss": 1.4691271047718477}, "5": {"loss": 1.2047632308985223}, "6": {"loss": 1.0644476251886381}, "7": {"loss": 0.9614848174796199}, "8": {"loss": 1.0337955868796798}, "9": {"loss": 1.042524480661809}}