{"0": {"loss": 3.1309771600938}, "1": {"loss": 2.2913745965389225}}