{"0": {"loss": 2.3952494172860455}, "1": {"loss": 2.1597819375676037}, "2": {"loss": 0.9809878997455369}, "3": {"loss": 0.6576317240860289}, "4": {"loss": 0.5071522621129523}}