{"0": {"loss": 2.3952494172860455}, "1": {"loss": 2.1597819375676037}}