{"0": {"loss": 2.059819101497827}}{"0": {"loss": 1.4993512488358858}}