{"0": {"loss": 2.477199194447094}, "1": {"loss": 1.8110572991781677}, "2": {"loss": 1.1838270591584263}, "3": {"loss": 0.8390061093481961}, "4": {"loss": 0.6670532566032662}, "5": {"loss": 0.541769783031072}, "6": {"loss": 0.48927085891069955}, "7": {"loss": 0.5688858221698281}, "8": {"loss": 0.2777053883533604}}