{"0": {"loss": 2.5748218921636115}, "1": {"loss": 1.7649366366152732}, "2": {"loss": 1.1383255629350018}}