{"0": {"loss": 2.4061125887940262}, "1": {"loss": 2.0914039959181223}}