{"0": {"loss": 2.3605146676499325}, "1": {"loss": 2.0655065009136075}, "2": {"loss": 1.7452905825431773}, "3": {"loss": 1.4261487398715997}}