{"0": {"loss": 2.4061125887940262}, "1": {"loss": 2.0914039959181223}, "2": {"loss": 1.799925179670978}, "3": {"loss": 1.5143487429776727}, "4": {"loss": 1.2846918240288236}}