{"0": {"loss": 2.3605146676499325}, "1": {"loss": 2.0655065009136075}}