{"0": {"loss": 2.68289949720269}, "1": {"loss": 1.9651789499434413}}