{"0": {"loss": 2.68289949720269}, "1": {"loss": 1.9651789499434413}, "2": {"loss": 1.3950047745609915}, "3": {"loss": 1.0857945443778638}, "4": {"loss": 0.9343838715395391}, "5": {"loss": 0.8283497967467403}, "6": {"loss": 0.8150497578232494}, "7": {"loss": 0.8152095489944053}}