{"0": {"loss": 2.477199194447094}, "1": {"loss": 1.8110572991781677}}