{"0": {"loss": 2.68289949720269}, "1": {"loss": 1.9651789499434413}, "2": {"loss": 1.3950047745609915}, "3": {"loss": 1.0857945443778638}}