{"0": {"loss": 2.477199194447094}, "1": {"loss": 1.8110572991781677}, "2": {"loss": 1.1838270591584263}}