{"0": {"loss": 2.4061125887940262}, "1": {"loss": 2.0914039959181223}, "2": {"loss": 1.799925179670978}, "3": {"loss": 1.5143487429776727}, "4": {"loss": 1.2846918240288236}, "5": {"loss": 1.1037721689173718}, "6": {"loss": 0.9773587438444428}, "7": {"loss": 0.906695247091205}, "8": {"loss": 0.8129861127856551}}