{"0": {"loss": 3.119291232911167}, "1": {"loss": 12.152218212355052}}