{"0": {"loss": 2.5328043201901265}, "1": {"loss": 2.2754455339040187}}