{"0": {"loss": 2.5748218921636115}, "1": {"loss": 1.7649366366152732}}