{"0": {"loss": 2.5328043201901265}, "1": {"loss": 2.2754455339040187}, "2": {"loss": 2.1079103141430986}, "3": {"loss": 1.9383954938673815}, "4": {"loss": 1.837837874494641}, "5": {"loss": 1.758212047696903}, "6": {"loss": 1.703735781821194}, "7": {"loss": 1.7034299334153433}, "8": {"loss": 1.6633564115360082}}