{"0": {"loss": 2.3605146676499325}, "1": {"loss": 2.0655065009136075}, "2": {"loss": 1.7452905825431773}, "3": {"loss": 1.4261487398715997}, "4": {"loss": 1.1644173686867518}, "5": {"loss": 0.9605740541653918}, "6": {"loss": 0.8136727048071805}, "7": {"loss": 0.6755061311437595}, "8": {"loss": 0.582715146391597}, "9": {"loss": 0.5170412876748092}}