{"0": {"loss": 2.5328043201901265}, "1": {"loss": 2.2754455339040187}, "2": {"loss": 2.1079103141430986}, "3": {"loss": 1.9383954938673815}, "4": {"loss": 1.837837874494641}, "5": {"loss": 1.758212047696903}}