{"0": {"loss": 2.5748218921636115}, "1": {"loss": 1.7649366366152732}, "2": {"loss": 1.1383255629350018}, "3": {"loss": 0.8434649855885284}, "4": {"loss": 0.7258222833374478}, "5": {"loss": 0.6945885175111278}, "6": {"loss": 4.212166328303861}}