{"0": {"loss": 4.137739100993074}, "1": {"loss": 3.6430842450122958}}