{"0": {"loss": 2.3449883492577155}, "1": {"loss": 1.824179835666884}}