{"0": {"loss": 2.402528491241253}, "1": {"loss": 1.565076906949479}, "2": {"loss": 0.9209930119135522}, "3": {"loss": 0.6512229130757565}, "4": {"loss": 0.4972665440167812}, "5": {"loss": 0.4299866675541101}, "6": {"loss": 0.38684299558598473}}