{"0": {"loss": 3.1881834623829417}, "1": {"loss": 2.4213316803736404}}