{"0": {"loss": 2.649223280268789}, "1": {"loss": 1.8681029736600965}, "2": {"loss": 1.4056424423558822}, "3": {"loss": 7.230624533646943}, "4": {"loss": 8.421726523645667}, "5": {"loss": 8.405799297307501}, "6": {"loss": 8.409162893990018}, "7": {"loss": 8.404526451565571}}