{"0": {"loss": 2.6807454184980584}, "1": {"loss": 1.9305160424567216}, "2": {"loss": 1.3814291914567252}, "3": {"loss": 1.0133580222035086}, "4": {"loss": 0.22522909909684136}}