{"0": {"loss": 2.4341369433118807}, "1": {"loss": 1.6155434538986508}, "2": {"loss": 0.9976070645629176}}