{"0": {"loss": 2.3449883492577155}, "1": {"loss": 1.824179835666884}, "2": {"loss": 1.2686229352130005}}