{"0": {"loss": 2.649223280268789}, "1": {"loss": 1.8681029736600965}, "2": {"loss": 1.4056424423558822}}