{"0": {"loss": 2.3449883492577155}, "1": {"loss": 1.824179835666884}, "2": {"loss": 1.2686229352130005}, "3": {"loss": 0.9022484315152199}, "4": {"loss": 0.6894179724699614}, "5": {"loss": 0.5886475855348915}}