{"0": {"loss": 2.5602271383171837}, "1": {"loss": 1.6633671451088607}}