{"0": {"loss": 2.5759418768598543}, "1": {"loss": 2.2441348145339663}}