{"0": {"loss": 2.4341369433118807}, "1": {"loss": 1.6155434538986508}}