{"0": {"loss": 2.5714739016349744}, "1": {"loss": 0.6367705294628017}}