{"0": {"loss": 2.402528491241253}, "1": {"loss": 1.565076906949479}, "2": {"loss": 0.9209930119135522}, "3": {"loss": 0.6512229130757565}}