{"0": {"loss": 2.5602271383171837}, "1": {"loss": 1.6633671451088607}, "2": {"loss": 1.0178692988212534}, "3": {"loss": 0.7138541702008405}, "4": {"loss": 0.5942567318480536}, "5": {"loss": 0.5296407543270794}}