{"0": {"loss": 2.5602271383171837}, "1": {"loss": 1.6633671451088607}, "2": {"loss": 1.0178692988212534}}