{"0": {"loss": 2.649223280268789}, "1": {"loss": 1.8681029736600965}}