{"0": {"loss": 4.137739100993074}, "1": {"loss": 3.6430842450122958}, "2": {"loss": 3.224598158274265}, "3": {"loss": 2.920506507355646}}