{"0": {"loss": 3.1881834623829417}, "1": {"loss": 2.4213316803736404}, "2": {"loss": 1.866215581136034}, "3": {"loss": 1.4662029048464946}, "4": {"loss": 1.2791927081859664}, "5": {"loss": 1.0861061558818186}, "6": {"loss": 0.9804957516935487}, "7": {"loss": 0.9258749528436472}}