{"0": {"loss": 2.4341369433118807}, "1": {"loss": 1.6155434538986508}, "2": {"loss": 0.9976070645629176}, "3": {"loss": 0.679723645874996}, "4": {"loss": 0.5651658485267336}, "5": {"loss": 0.48149690219503366}}