{"0": {"loss": 3.4548175619137997}, "1": {"loss": 3.198359475230539}}