{"0": {"loss": 2.6807454184980584}, "1": {"loss": 1.9305160424567216}}