{"0": {"loss": 2.6558381326940674}, "1": {"loss": 7.4506047482522115}}