{"0": {"loss": 2.402528491241253}, "1": {"loss": 1.565076906949479}}