{"0": {"loss": 2.6558381326940674}, "1": {"loss": 7.4506047482522115}, "2": {"loss": 9.712139849631201}, "3": {"loss": 9.57490294500692}}