{"8": {"loss": 3.0559414459380094}, "9": {"loss": 2.245253046616813}}