{"0": {"loss": 2.765464610611366}, "1": {"loss": 5.966589618202867}}