{"0": {"loss": 2.9160687102387284}, "1": {"loss": 2.266401115632215}, "2": {"loss": 5.386367595748396}}{"2": {"loss": 2.180835445985099}}