{"0": {"loss": 3.1381239748948455}, "1": {"loss": 2.750523980879626}}