{"0": {"loss": 2.9001088931860513}}{"0": {"loss": 2.7473484064569536}}