{"0": {"loss": 2.9160687102387284}, "1": {"loss": 2.266401115632215}}