{"0": {"loss": 2.547672236992034}, "1": {"loss": 1.8902528601766422}, "2": {"loss": 1.3052442768551655}}