{"0": {"loss": 2.533116474846341}, "1": {"loss": 1.8209855714381136}, "2": {"loss": 1.2851761275569336}}