{"0": {"loss": 2.547672236992034}, "1": {"loss": 1.8902528601766422}, "2": {"loss": 1.3052442768551655}, "3": {"loss": 0.9246935319426833}, "4": {"loss": 0.8000320275098283}, "5": {"loss": 0.6752140940419885}, "6": {"loss": 0.6653245273015357}, "7": {"loss": 0.5838138465060304}, "8": {"loss": 0.5596852855177115}}