{"0": {"loss": 3.1537865739784494}, "1": {"loss": 3.7173876793968756}, "2": {"loss": 7.289642927662427}}