{"0": {"loss": 2.484985237879469}, "1": {"loss": 1.7469855175902511}}