{"0": {"loss": 2.3469098514278994}, "1": {"loss": 1.793343998738472}, "2": {"loss": 1.2099934204524716}, "3": {"loss": 0.8033279962097573}, "4": {"loss": 0.6229097708961032}, "5": {"loss": 0.47624766550316716}, "6": {"loss": 0.4065023781053278}, "7": {"loss": 0.42974565360719796}, "8": {"loss": 1.427279126565188}}