{"0": {"loss": 2.8278217852510363}, "1": {"loss": 1.982924863992148}}