{"0": {"loss": 3.101622900425993}, "1": {"loss": 2.505566830666649}, "2": {"loss": 1.866552726322452}, "3": {"loss": 1.4527044426526454}, "4": {"loss": 1.2731250445574325}, "5": {"loss": 1.154165272681129}, "6": {"loss": 1.0538728181889514}, "7": {"loss": 1.001569736477555}, "8": {"loss": 0.9610599237956748}, "9": {"loss": 0.9363942122617305}}