{"0": {"loss": 2.6268328467741706}, "1": {"loss": 1.8394124602639912}}