{"0": {"loss": 2.5663508421537893}, "1": {"loss": 1.7640737918828497}, "2": {"loss": 1.1535618822306197}}