{"0": {"loss": 3.226292114384127}, "1": {"loss": 0.7158127146840885}}