{"0": {"loss": 2.484985237879469}, "1": {"loss": 1.7469855175902511}, "2": {"loss": 1.1477340838767045}, "3": {"loss": 0.783360807311456}, "4": {"loss": 0.5987469001321604}}