{"0": {"loss": 2.8270657504631194}, "1": {"loss": 2.028798286488514}}