{"0": {"loss": 3.101622900425993}, "1": {"loss": 2.505566830666649}, "2": {"loss": 1.866552726322452}, "3": {"loss": 1.4527044426526454}, "4": {"loss": 1.2731250445574325}}