{"0": {"loss": 2.8278217852510363}, "1": {"loss": 1.982924863992148}, "2": {"loss": 1.7809072018459142}, "3": {"loss": 0.9210562972438257}, "4": {"loss": 0.7916106956684037}, "5": {"loss": 0.8013551322040179}}