{"0": {"loss": 2.405673832293378}, "1": {"loss": 1.6801719223426668}, "2": {"loss": 1.0180108705103792}}