{"0": {"loss": 3.101622900425993}, "1": {"loss": 2.505566830666649}, "2": {"loss": 1.866552726322452}}