{"0": {"loss": 2.6268328467741706}, "1": {"loss": 1.8394124602639912}, "2": {"loss": 1.1926973201581184}}