{"0": {"loss": 2.405673832293378}, "1": {"loss": 1.6801719223426668}}