{"0": {"loss": 2.405673832293378}, "1": {"loss": 1.6801719223426668}, "2": {"loss": 1.0180108705103792}, "3": {"loss": 0.8149684892584946}, "4": {"loss": 1.001512712200746}}