{"0": {"loss": 2.567656709658389}, "1": {"loss": 1.3680034915343027}}