{"0": {"loss": 2.484985237879469}, "1": {"loss": 1.7469855175902511}, "2": {"loss": 1.1477340838767045}, "3": {"loss": 0.783360807311456}, "4": {"loss": 0.5987469001321604}, "5": {"loss": 0.5141788081617544}, "6": {"loss": 0.47997074924557415}, "7": {"loss": 0.447338101682284}, "8": {"loss": 0.43245517270059775}}