{"0": {"loss": 2.6268328467741706}, "1": {"loss": 1.8394124602639912}, "2": {"loss": 1.1926973201581184}, "3": {"loss": 0.8590174289728632}, "4": {"loss": 0.7515052462255718}, "5": {"loss": 0.6602457408478718}}