{"0": {"loss": 2.3469098514278994}, "1": {"loss": 1.793343998738472}}