{"0": {"loss": 2.857927628700307}, "1": {"loss": 2.1393396333353407}}