{"0": {"loss": 2.5019669753826217}, "1": {"loss": 1.7387627418467542}, "2": {"loss": 1.1220984439186703}, "3": {"loss": 0.8162732041434736}}