{"0": {"loss": 2.58366894879878}, "1": {"loss": 1.7599730270587846}}