{"0": {"loss": 3.0521655019545397}, "1": {"loss": 2.28709229728244}, "2": {"loss": 1.737295641804373}, "3": {"loss": 1.354918321631602}, "4": {"loss": 1.176859090659792}, "5": {"loss": 1.0738688352092212}, "6": {"loss": 1.0384079703432045}, "7": {"loss": 0.9035336750232621}, "8": {"loss": 0.8479296861105408}, "9": {"loss": 0.8037071431314708}}