{"0": {"loss": 2.3909902983153892}, "1": {"loss": 1.526555736333329}, "2": {"loss": 0.898228582956933}}