{"0": {"loss": 2.50285988927677}, "1": {"loss": 1.603871405519397}, "2": {"loss": 1.0420867571767591}, "3": {"loss": 0.7893808061713414}, "4": {"loss": 0.6921826316820865}, "5": {"loss": 0.6252974619139109}, "6": {"loss": 0.5725509057573924}, "7": {"loss": 0.5530181890291883}, "8": {"loss": 0.5322864916150933}}