{"0": {"loss": 2.50285988927677}, "1": {"loss": 1.603871405519397}, "2": {"loss": 1.0420867571767591}}