{"0": {"loss": 2.9128157224086735}, "1": {"loss": 2.165426244798875}, "2": {"loss": 1.6178548896549554}}