{"0": {"loss": 2.5019669753826217}, "1": {"loss": 1.7387627418467542}}