{"0": {"loss": 2.8336938201196937}, "1": {"loss": 36.62972742042794}}