{"0": {"loss": 2.5019669753826217}, "1": {"loss": 1.7387627418467542}, "2": {"loss": 1.1220984439186703}, "3": {"loss": 0.8162732041434736}, "4": {"loss": 0.6500868911774743}, "5": {"loss": 0.5359224637612602}, "6": {"loss": 0.48575079085811085}, "7": {"loss": 0.4406506754704659}}