{"0": {"loss": 2.6248693260925493}, "1": {"loss": 1.759712246080108}}