{"0": {"loss": 2.764498238531959}, "1": {"loss": 1.9296601560731597}, "2": {"loss": 1.35537951592578}, "3": {"loss": 1.0819566802473257}, "4": {"loss": 0.9726454935326482}, "5": {"loss": 1.2131638479548574}, "6": {"loss": 1.165320938786134}}