{"0": {"loss": 3.082558878210207}, "1": {"loss": 2.2940040992585238}, "2": {"loss": 1.688537018978043}, "3": {"loss": 1.3429678303516464}, "4": {"loss": 1.0504089151786653}, "5": {"loss": 0.9810096660986641}, "6": {"loss": 0.934556457775318}, "7": {"loss": 0.8443763911329358}, "8": {"loss": 0.7975186318751203}}