{"0": {"loss": 2.764498238531959}, "1": {"loss": 1.9296601560731597}}