{"0": {"loss": 2.3909902983153892}, "1": {"loss": 1.526555736333329}, "2": {"loss": 0.898228582956933}, "3": {"loss": 0.6087279951335579}, "4": {"loss": 0.4704157852179167}, "5": {"loss": 0.40096972636039685}, "6": {"loss": 0.42685942420896317}, "7": {"loss": 0.346304950927267}, "8": {"loss": 0.32337566993094435}}