{"0": {"loss": 2.4777404014637927}, "1": {"loss": 1.6659393657911692}, "2": {"loss": 1.068202015579931}, "3": {"loss": 0.8132169017728591}, "4": {"loss": 0.6561111085462255}, "5": {"loss": 0.5635665213035432}, "6": {"loss": 0.6110224901445654}, "7": {"loss": 1.2853641731060104}}