{"0": {"loss": 3.6941458405248375}, "1": {"loss": 3.3805944414328266}, "2": {"loss": 3.0486050409986483}, "3": {"loss": 2.6024168074525744}, "4": {"loss": 2.286301890745858}, "5": {"loss": 2.012696668801718}}