{"0": {"loss": 2.4251826251579436}, "1": {"loss": 1.937061461391828}}