{"0": {"loss": 2.857927628700307}, "1": {"loss": 2.1393396333353407}, "2": {"loss": 1.6328940281015358}}