{"0": {"loss": 2.8032092605995027}, "1": {"loss": 2.3684295376405022}}