{"0": {"loss": 3.6941458405248375}, "1": {"loss": 3.3805944414328266}}