{"0": {"loss": 2.8032092605995027}, "1": {"loss": 2.3684295376405022}, "2": {"loss": 1.944953552145042}, "3": {"loss": 1.57660883546665}, "4": {"loss": 1.367191379433436}, "5": {"loss": 1.271728595361015}, "6": {"loss": 1.0589107768425088}, "7": {"loss": 1.0286103897536827}, "8": {"loss": 0.9450631252187767}, "9": {"loss": 0.9249385526243424}}