{"0": {"loss": 3.0521655019545397}, "1": {"loss": 2.28709229728244}}