{"0": {"loss": 2.6248693260925493}, "1": {"loss": 1.759712246080108}, "2": {"loss": 1.1692888235414265}}