{"0": {"loss": 2.7825790288432546}, "1": {"loss": 1.795295349020042}}