{"0": {"loss": 2.9128157224086735}, "1": {"loss": 2.165426244798875}}