{"0": {"loss": 2.3909902983153892}, "1": {"loss": 1.526555736333329}}