{"0": {"loss": 2.4777404014637927}, "1": {"loss": 1.6659393657911692}, "2": {"loss": 1.068202015579931}}