{"0": {"loss": 2.764498238531959}, "1": {"loss": 1.9296601560731597}, "2": {"loss": 1.35537951592578}, "3": {"loss": 1.0819566802473257}}