{"0": {"loss": 2.8032092605995027}, "1": {"loss": 2.3684295376405022}, "2": {"loss": 1.944953552145042}, "3": {"loss": 1.57660883546665}, "4": {"loss": 1.367191379433436}}