{"0": {"loss": 2.6248693260925493}, "1": {"loss": 1.759712246080108}, "2": {"loss": 1.1692888235414265}, "3": {"loss": 0.8618487048622788}, "4": {"loss": 0.7282540036353055}, "5": {"loss": 0.6332170033691734}, "6": {"loss": 0.5985301835647482}, "7": {"loss": 0.5533514291245416}, "8": {"loss": 0.5673295735128668}}