{"0": {"loss": 3.082558878210207}, "1": {"loss": 2.2940040992585238}, "2": {"loss": 1.688537018978043}}