{"0": {"loss": 2.4251826251579436}, "1": {"loss": 1.937061461391828}, "2": {"loss": 1.4045640648595545}, "3": {"loss": 1.0241839139666777}, "4": {"loss": 0.7586475902835265}, "5": {"loss": 0.6064124980707042}, "6": {"loss": 0.5002863788052111}, "7": {"loss": 0.4799644487188352}}