{"0": {"loss": 2.58366894879878}, "1": {"loss": 1.7599730270587846}, "2": {"loss": 1.427519080259942}, "3": {"loss": 0.9455716503376992}, "4": {"loss": 0.8615847944423852}, "5": {"loss": 0.7136171531203567}, "6": {"loss": 0.6766897893899324}, "7": {"loss": 0.6181576101985199}, "8": {"loss": 0.6848880327892619}}