{"0": {"loss": 3.760115932944595}, "1": {"loss": 3.4294244185188747}}