{"0": {"loss": 2.3567177665154664}, "1": {"loss": 1.839619199171761}}