{"0": {"loss": 2.655128141112675}, "1": {"loss": 2.1658809106081525}, "2": {"loss": 1.7627624636454298}, "3": {"loss": 1.5753683064947066}, "4": {"loss": 1.6621992051206678}, "5": {"loss": 1.50758516551643}, "6": {"loss": 1.5416354233065979}}