{"0": {"loss": 2.655128141112675}, "1": {"loss": 2.1658809106081525}, "2": {"loss": 1.7627624636454298}}