{"0": {"loss": 3.760115932944595}, "1": {"loss": 3.4294244185188747}, "2": {"loss": 16.754088243901336}}