{"0": {"loss": 2.69657487427162}, "1": {"loss": 2.283524478508147}, "2": {"loss": 1.7916564854565045}, "3": {"loss": 5.306440239710524}}