{"0": {"loss": 2.659172787571585}, "1": {"loss": 1.9551229208510443}, "2": {"loss": 1.3761191612837331}, "3": {"loss": 1.0179730484027736}, "4": {"loss": 0.869921328216199}, "5": {"loss": 0.7741140214023211}, "6": {"loss": 0.7446082751482528}, "7": {"loss": 0.6995210805476106}}