{"0": {"loss": 2.3567177665154664}, "1": {"loss": 1.839619199171761}, "2": {"loss": 1.3098195759665887}}