{"0": {"loss": 2.3567177665154664}, "1": {"loss": 1.839619199171761}, "2": {"loss": 1.3098195759665887}, "3": {"loss": 0.9200854344873239}, "4": {"loss": 0.6739519747677228}, "5": {"loss": 0.5033297007841779}}