{"0": {"loss": 3.4247700757538246}, "1": {"loss": 3.0688241159679084}}