{"0": {"loss": 2.69657487427162}, "1": {"loss": 2.283524478508147}}