{"0": {"loss": 3.730549633897693}, "1": {"loss": 2.8503432400179225}}