{"0": {"loss": 3.730549633897693}, "1": {"loss": 2.8503432400179225}, "2": {"loss": 4.1257189314886435}, "3": {"loss": 6.427742964384572}}