{"0": {"loss": 2.655128141112675}, "1": {"loss": 2.1658809106081525}}