{"0": {"loss": 2.644513414395566}, "1": {"loss": 1.7682644010379613}, "2": {"loss": 1.176288794997512}, "3": {"loss": 0.8913042853210146}}