{"0": {"loss": 2.4410955732231896}, "1": {"loss": 1.8914501556497536}, "2": {"loss": 1.3917890648968172}}