{"0": {"loss": 2.659172787571585}, "1": {"loss": 1.9551229208510443}}