{"0": {"loss": 2.4410955732231896}, "1": {"loss": 1.8914501556497536}, "2": {"loss": 1.3917890648968172}, "3": {"loss": 1.0568893413670015}, "4": {"loss": 0.8534188010045235}, "5": {"loss": 0.7402854798645373}, "6": {"loss": 0.6646329053979836}, "7": {"loss": 0.6046906255728361}, "8": {"loss": 0.5786537381986908}}