{"0": {"loss": 2.644513414395566}, "1": {"loss": 1.7682644010379613}}