{"0": {"loss": 2.3799448202777382}, "1": {"loss": 1.7983744476015204}, "2": {"loss": 1.267926186915265}}