{"0": {"loss": 2.620253465033525}, "1": {"loss": 1.7780120641190484}, "2": {"loss": 1.2981589101008233}, "3": {"loss": 1.0927318022740597}, "4": {"loss": 1.0115552043283222}, "5": {"loss": 1.0072943414283904}, "6": {"loss": 1.0270350121504424}, "7": {"loss": 1.083324793948243}, "8": {"loss": 1.7173690614321373}, "9": {"loss": 2.7725574986034673}}