{"0": {"loss": 2.564945914097969}, "1": {"loss": 2.173833510733598}, "2": {"loss": 2.009028137914392}, "3": {"loss": 1.9421023106732904}, "4": {"loss": 2.193200645067834}}