{"0": {"loss": 2.398983045919052}, "1": {"loss": 1.4998172166331714}, "2": {"loss": 0.8544041534133305}, "3": {"loss": 0.6028681413227359}, "4": {"loss": 0.4905843418955013}, "5": {"loss": 0.4325209484984543}}