{"0": {"loss": 2.4081907556546445}, "1": {"loss": 1.8827269850977209}, "2": {"loss": 1.4376832763880294}, "3": {"loss": 1.1303595896588257}}