{"0": {"loss": 2.905132293701172}, "1": {"loss": 2.45271655897431}}