{"0": {"loss": 2.620253465033525}, "1": {"loss": 1.7780120641190484}}