{"0": {"loss": 2.9573429025561606}, "1": {"loss": 6.081883253640687}}