{"0": {"loss": 2.905132293701172}, "1": {"loss": 2.45271655897431}, "2": {"loss": 3.275102021678394}}