{"0": {"loss": 2.620253465033525}, "1": {"loss": 1.7780120641190484}, "2": {"loss": 1.2981589101008233}, "3": {"loss": 1.0927318022740597}}