{"0": {"loss": 2.873298439758503}, "1": {"loss": 2.1889181579185637}}