{"0": {"loss": 2.398983045919052}, "1": {"loss": 1.4998172166331714}}