{"0": {"loss": 2.4081907556546445}, "1": {"loss": 1.8827269850977209}}