{"0": {"loss": 3.0018176937734844}, "1": {"loss": 2.2944862353091207}, "2": {"loss": 1.7728596317847043}}