{"0": {"loss": 2.5474069734282843}, "1": {"loss": 1.7936046439290836}}