{"0": {"loss": 35.8430307906195}}{"0": {"loss": 4.179705689284975}}