{"0": {"loss": 2.055101811491101}}{"0": {"loss": 9.160091576986755}}