{"0": {"loss": 3.198845667554843}}{"0": {"loss": 2.2735007582910804}}