{"0": {"loss": 3.870313312833672}, "1": {"loss": 3.7385405136259977}}