{"0": {"loss": 3.4222273242394654}, "1": {"loss": 3.216342506029748}}