{"0": {"loss": 4.802871767258802}, "1": {"loss": 4.409419043964108}}