{"0": {"loss": 3.7899309846739104}, "1": {"loss": 3.7939766890165822}}