{"0": {"loss": 3.0584555114341887}}{"0": {"loss": 2.8773228601114638}}