{"0": {"loss": 2.370514320221958}}{"0": {"loss": 2.318755092999793}}