{"0": {"loss": 3.762279753653419}, "1": {"loss": 3.802752261130226}, "2": {"loss": 3.4132810570546335}}