{"0": {"loss": 3.960818279657932}, "1": {"loss": 3.9442171008381623}}