{"0": {"loss": 4.495889846852283}, "1": {"loss": 10.12205456108447}}