{"0": {"loss": 5.460568857508779}, "1": {"loss": 6.968509983542739}, "2": {"loss": 8.297065835914864}}