{"0": {"loss": 5.071610817056618}, "1": {"loss": 2.0695932148308156}}