{"0": {"loss": 3.6802135966471488}, "1": {"loss": 3.781188094852776}}