{"0": {"loss": 3.8640496778172375}, "1": {"loss": 4.168041317668182}}