{"0": {"loss": 4.356399896129077}, "1": {"loss": 4.287342084164651}, "2": {"loss": 3.7011322627793874}, "3": {"loss": 2.842349352426087}, "4": {"loss": 2.027547174731627}, "5": {"loss": 1.3348181295079111}, "6": {"loss": 0.9183722635768107}, "7": {"loss": 0.6776909441347944}}