{"0": {"loss": 3.6634007163395155}, "1": {"loss": 3.62372555322205}, "2": {"loss": 3.365338106029081}, "3": {"loss": 2.763313361351064}}