{"0": {"loss": 3.4423682610720197}, "1": {"loss": 3.2104662522574925}, "2": {"loss": 2.7671700408127133}}