{"0": {"loss": 3.8640496778172375}, "1": {"loss": 4.168041317668182}, "2": {"loss": 4.811587175786101}, "3": {"loss": 4.490356816361282}}