{"0": {"loss": 3.6928901198683985}, "1": {"loss": 3.729081526497342}}