{"0": {"loss": 4.035206087377687}, "1": {"loss": 1.9661018422107823}}