{"0": {"loss": 5.173038331088641}, "1": {"loss": 5.37793050222839}}