{"0": {"loss": 4.356399896129077}, "1": {"loss": 4.287342084164651}}