{"0": {"loss": 5.052182330201004}, "1": {"loss": 5.501520024230149}, "2": {"loss": 5.315521713913671}, "3": {"loss": 4.852282631476194}}