{"0": {"loss": 3.6634007163395155}, "1": {"loss": 3.62372555322205}}