{"0": {"loss": 3.4423682610720197}, "1": {"loss": 3.2104662522574925}}