{"0": {"loss": 3.9939313313818925}, "1": {"loss": 4.364253852541084}}