{"0": {"loss": 3.8640496778172375}, "1": {"loss": 4.168041317668182}, "2": {"loss": 4.811587175786101}, "3": {"loss": 4.490356816361282}, "4": {"loss": 3.995126195301283}, "5": {"loss": 3.4487406654863166}, "6": {"loss": 2.870275052177985}}