{"0": {"loss": 4.7148240575727245}, "1": {"loss": 5.520110559779287}}