{"0": {"loss": 5.052182330201004}, "1": {"loss": 5.501520024230149}}