{"0": {"loss": 4.356399896129077}, "1": {"loss": 4.287342084164651}, "2": {"loss": 3.7011322627793874}, "3": {"loss": 2.842349352426087}}