{"0": {"loss": 5.218794923744454}, "1": {"loss": 2.536656663907285}}