{"0": {"loss": 3.6236191901150128}, "1": {"loss": 3.643603282259}}