{"0": {"loss": 3.9827593572881836}, "1": {"loss": 1.3952296174914631}}