{"1": {"loss": 4.155551954610458}, "2": {"loss": 4.43572403105679}}