{"0": {"loss": 2.6427090878518213}}{"0": {"loss": 5.214967007668602}}