{"0": {"loss": 3.570547697559887}, "1": {"loss": 3.4066112404627518}, "2": {"loss": 3.1505729457400493}}