{"0": {"loss": 4.422636865780054}, "1": {"loss": 5.183708058287766}, "2": {"loss": 5.486975442494778}}