{"0": {"loss": 3.658460478119503}, "1": {"loss": 3.8559118643501735}, "2": {"loss": 4.19766479138507}}