{"0": {"loss": 2.5876898860299824}}{"0": {"loss": 2.0311988678989032}}{"0": {"loss": 6.043590116185069}}