{"0": {"loss": 4.136585216648531}, "1": {"loss": 4.655812261909839}}