{"0": {"loss": 3.4079239384228033}, "1": {"loss": 3.2171922835293194}}