{"0": {"loss": 4.905282083726087}, "1": {"loss": 4.721673731772316}}