{"0": {"loss": 3.839013134406892}, "1": {"loss": 3.56517951851649}, "2": {"loss": 3.1645282530626715}, "3": {"loss": 2.6410462808924793}, "4": {"loss": 2.217956656651781}, "5": {"loss": 1.80669086658402}, "6": {"loss": 1.4726695374937246}, "7": {"loss": 1.2223964637478455}, "8": {"loss": 1.0151671779076785}, "9": {"loss": 0.8464824348096026}}