{"0": {"loss": 4.905282083726087}, "1": {"loss": 4.721673731772316}, "2": {"loss": 4.192433230924291}, "3": {"loss": 3.346783677473763}}