{"0": {"loss": 4.630597758766831}, "1": {"loss": 4.511490185529191}}