{"0": {"loss": 3.6598145898604235}, "1": {"loss": 3.7554615854427515}}