{"0": {"loss": 4.379080226089781}, "1": {"loss": 4.83003923592978}}