{"6": {"loss": 5.04554350012975}, "7": {"loss": 5.285963468993736}}