{"0": {"loss": 4.012208938598633}, "1": {"loss": 4.075835250071343}}