{"0": {"loss": 3.8196622362199997}, "1": {"loss": 4.087050741081995}}