{"0": {"loss": 7.309229812874699}, "1": {"loss": 2.5107881943911114}}