{"2": {"loss": 3.5349719919116294}, "3": {"loss": 3.325638167905492}}