{"0": {"loss": 3.742598527314647}, "1": {"loss": 3.7144411715450665}}