{"0": {"loss": 3.839013134406892}, "1": {"loss": 3.56517951851649}, "2": {"loss": 3.1645282530626715}, "3": {"loss": 2.6410462808924793}}