{"0": {"loss": 5.5022607954922105}, "1": {"loss": 6.500014090380132}}