{"0": {"loss": 6.806848620736836}, "1": {"loss": 17.13870259468129}}{"1": {"loss": 6.110291398913655}}