{"0": {"loss": 4.087373207736489}, "1": {"loss": 4.036684186253327}}