{"0": {"loss": 3.6160446176465775}, "1": {"loss": 3.403648348044086}}