{"6": {"loss": 5.04554350012975}, "7": {"loss": 5.285963468993736}, "8": {"loss": 4.617458157192003}, "9": {"loss": 3.7851136409683734}}