{"0": {"loss": 3.9043413882223974}, "1": {"loss": 4.074353991754797}}