{"0": {"loss": 4.630597758766831}, "1": {"loss": 4.511490185529191}, "2": {"loss": 3.923700414746013}, "3": {"loss": 3.0619650834443553}, "4": {"loss": 2.247647009148503}}