{"0": {"loss": 5.268431935089313}, "1": {"loss": 8.240656836932859}}