{"0": {"loss": 3.8474419322234907}, "1": {"loss": 3.3784337327969785}}