{"0": {"loss": 3.529060913237515}, "1": {"loss": 3.3069696142184024}, "2": {"loss": 2.863931425359865}}