{"0": {"loss": 3.729065418243408}, "1": {"loss": 3.689984716326985}, "2": {"loss": 3.4386913823765637}, "3": {"loss": 2.8635503314188773}, "4": {"loss": 2.3080771679909815}}