{"0": {"loss": 3.529060913237515}, "1": {"loss": 3.3069696142184024}}