{"0": {"loss": 4.831850133984294}, "1": {"loss": 4.794410433990277}, "2": {"loss": 4.189715884379204}, "3": {"loss": 3.305923651385781}}