{"0": {"loss": 4.831850133984294}, "1": {"loss": 4.794410433990277}}