{"0": {"loss": 3.729065418243408}, "1": {"loss": 3.689984716326985}, "2": {"loss": 3.4386913823765637}}