{"0": {"loss": 5.3198663856809505}, "1": {"loss": 7.599511714960566}}