{"1": {"loss": 3.779643102986923}, "2": {"loss": 3.9047906635612843}}