{"0": {"loss": 3.8266101388741802}, "1": {"loss": 3.899470847174032}}