{"0": {"loss": 3.8975787099623522}, "1": {"loss": 4.057141814010822}}