{"0": {"loss": 6.307944708312584}, "1": {"loss": 4.263909144117343}}