{"0": {"loss": 4.197799039992276}, "1": {"loss": 4.394030018358041}}