{"0": {"loss": 1.7914651102197778}}{"0": {"loss": 1.7914651102197778}, "1": {"loss": 1.7014861352283936}}{"0": {"loss": 1.7914651102197778}, "1": {"loss": 1.7014861352283936}, "2": {"loss": 1.6029150271490897}}{"0": {"loss": 1.7914651102197778}, "1": {"loss": 1.7014861352283936}, "2": {"loss": 1.6029150271490897}, "3": {"loss": 1.4873673197074044}}{"0": {"loss": 1.7914651102197778}, "1": {"loss": 1.7014861352283936}, "2": {"loss": 1.6029150271490897}, "3": {"loss": 1.4873673197074044}, "4": {"loss": 1.3581640698106447}}{"0": {"loss": 1.7914651102197778}, "1": {"loss": 1.7014861352283936}, "2": {"loss": 1.6029150271490897}, "3": {"loss": 1.4873673197074044}, "4": {"loss": 1.3581640698106447}, "5": {"loss": 1.223507072004808}}{"0": {"loss": 1.7914651102197778}, "1": {"loss": 1.7014861352283936}, "2": {"loss": 1.6029150271490897}, "3": {"loss": 1.4873673197074044}, "4": {"loss": 1.3581640698106447}, "5": {"loss": 1.223507072004808}, "6": {"loss": 1.0920029435436014}}{"0": {"loss": 1.7914651102197778}, "1": {"loss": 1.7014861352283936}, "2": {"loss": 1.6029150271490897}, "3": {"loss": 1.4873673197074044}, "4": {"loss": 1.3581640698106447}, "5": {"loss": 1.223507072004808}, "6": {"loss": 1.0920029435436014}, "7": {"loss": 0.969795260506141}}{"0": {"loss": 1.7914651102197778}, "1": {"loss": 1.7014861352283936}, "2": {"loss": 1.6029150271490897}, "3": {"loss": 1.4873673197074044}, "4": {"loss": 1.3581640698106447}, "5": {"loss": 1.223507072004808}, "6": {"loss": 1.0920029435436014}, "7": {"loss": 0.969795260506141}, "8": {"loss": 0.8605814401537858}}{"0": {"loss": 1.7914651102197778}, "1": {"loss": 1.7014861352283936}, "2": {"loss": 1.6029150271490897}, "3": {"loss": 1.4873673197074044}, "4": {"loss": 1.3581640698106447}, "5": {"loss": 1.223507072004808}, "6": {"loss": 1.0920029435436014}, "7": {"loss": 0.969795260506141}, "8": {"loss": 0.8605814401537858}, "9": {"loss": 0.7652688083333784}}{"0": {"loss": 1.7914651102197778}, "1": {"loss": 1.7014861352283936}, "2": {"loss": 1.6029150271490897}, "3": {"loss": 1.4873673197074044}, "4": {"loss": 1.3581640698106447}, "5": {"loss": 1.223507072004808}, "6": {"loss": 1.0920029435436014}, "7": {"loss": 0.969795260506141}, "8": {"loss": 0.8605814401537858}, "9": {"loss": 0.7652688083333784}, "10": {"loss": 0.6832058518909377}}{"0": {"loss": 1.7914651102197778}, "1": {"loss": 1.7014861352283936}, "2": {"loss": 1.6029150271490897}, "3": {"loss": 1.4873673197074044}, "4": {"loss": 1.3581640698106447}, "5": {"loss": 1.223507072004808}, "6": {"loss": 1.0920029435436014}, "7": {"loss": 0.969795260506141}, "8": {"loss": 0.8605814401537858}, "9": {"loss": 0.7652688083333784}, "10": {"loss": 0.6832058518909377}, "11": {"loss": 0.6132239054593717}}{"0": {"loss": 1.7914651102197778}, "1": {"loss": 1.7014861352283936}, "2": {"loss": 1.6029150271490897}, "3": {"loss": 1.4873673197074044}, "4": {"loss": 1.3581640698106447}, "5": {"loss": 1.223507072004808}, "6": {"loss": 1.0920029435436014}, "7": {"loss": 0.969795260506141}, "8": {"loss": 0.8605814401537858}, "9": {"loss": 0.7652688083333784}, "10": {"loss": 0.6832058518909377}, "11": {"loss": 0.6132239054593717}, "12": {"loss": 0.5536627834631506}}{"0": {"loss": 1.7914651102197778}, "1": {"loss": 1.7014861352283936}, "2": {"loss": 1.6029150271490897}, "3": {"loss": 1.4873673197074044}, "4": {"loss": 1.3581640698106447}, "5": {"loss": 1.223507072004808}, "6": {"loss": 1.0920029435436014}, "7": {"loss": 0.969795260506141}, "8": {"loss": 0.8605814401537858}, "9": {"loss": 0.7652688083333784}, "10": {"loss": 0.6832058518909377}, "11": {"loss": 0.6132239054593717}, "12": {"loss": 0.5536627834631506}, "13": {"loss": 0.5032474263781684}}{"0": {"loss": 1.7914651102197778}, "1": {"loss": 1.7014861352283936}, "2": {"loss": 1.6029150271490897}, "3": {"loss": 1.4873673197074044}, "4": {"loss": 1.3581640698106447}, "5": {"loss": 1.223507072004808}, "6": {"loss": 1.0920029435436014}, "7": {"loss": 0.969795260506141}, "8": {"loss": 0.8605814401537858}, "9": {"loss": 0.7652688083333784}, "10": {"loss": 0.6832058518909377}, "11": {"loss": 0.6132239054593717}, "12": {"loss": 0.5536627834631506}, "13": {"loss": 0.5032474263781684}, "14": {"loss": 0.46011591539473945}}{"0": {"loss": 1.7914651102197778}, "1": {"loss": 1.7014861352283936}, "2": {"loss": 1.6029150271490897}, "3": {"loss": 1.4873673197074044}, "4": {"loss": 1.3581640698106447}, "5": {"loss": 1.223507072004808}, "6": {"loss": 1.0920029435436014}, "7": {"loss": 0.969795260506141}, "8": {"loss": 0.8605814401537858}, "9": {"loss": 0.7652688083333784}, "10": {"loss": 0.6832058518909377}, "11": {"loss": 0.6132239054593717}, "12": {"loss": 0.5536627834631506}, "13": {"loss": 0.5032474263781684}, "14": {"loss": 0.46011591539473945}, "15": {"loss": 0.4235069355317077}}