{"0": {"loss": 1.7295092001990715}}{"0": {"loss": 1.7295092001990715}, "1": {"loss": 1.632537507715034}}{"0": {"loss": 1.7295092001990715}, "1": {"loss": 1.632537507715034}, "2": {"loss": 1.5120802248222314}}{"0": {"loss": 1.7295092001990715}, "1": {"loss": 1.632537507715034}, "2": {"loss": 1.5120802248222314}, "3": {"loss": 1.3642286874668237}}{"0": {"loss": 1.7295092001990715}, "1": {"loss": 1.632537507715034}, "2": {"loss": 1.5120802248222314}, "3": {"loss": 1.3642286874668237}, "4": {"loss": 1.2003608279190174}}{"0": {"loss": 1.7295092001990715}, "1": {"loss": 1.632537507715034}, "2": {"loss": 1.5120802248222314}, "3": {"loss": 1.3642286874668237}, "4": {"loss": 1.2003608279190174}, "5": {"loss": 1.0374777808606994}}{"0": {"loss": 1.7295092001990715}, "1": {"loss": 1.632537507715034}, "2": {"loss": 1.5120802248222314}, "3": {"loss": 1.3642286874668237}, "4": {"loss": 1.2003608279190174}, "5": {"loss": 1.0374777808606994}, "6": {"loss": 0.8876284545779555}}{"0": {"loss": 1.7295092001990715}, "1": {"loss": 1.632537507715034}, "2": {"loss": 1.5120802248222314}, "3": {"loss": 1.3642286874668237}, "4": {"loss": 1.2003608279190174}, "5": {"loss": 1.0374777808606994}, "6": {"loss": 0.8876284545779555}, "7": {"loss": 0.7567051422380493}}{"0": {"loss": 1.7295092001990715}, "1": {"loss": 1.632537507715034}, "2": {"loss": 1.5120802248222314}, "3": {"loss": 1.3642286874668237}, "4": {"loss": 1.2003608279190174}, "5": {"loss": 1.0374777808606994}, "6": {"loss": 0.8876284545779555}, "7": {"loss": 0.7567051422380493}, "8": {"loss": 0.6470163428759091}}{"0": {"loss": 1.7295092001990715}, "1": {"loss": 1.632537507715034}, "2": {"loss": 1.5120802248222314}, "3": {"loss": 1.3642286874668237}, "4": {"loss": 1.2003608279190174}, "5": {"loss": 1.0374777808606994}, "6": {"loss": 0.8876284545779555}, "7": {"loss": 0.7567051422380493}, "8": {"loss": 0.6470163428759091}, "9": {"loss": 0.5570211252091086}}{"0": {"loss": 1.7295092001990715}, "1": {"loss": 1.632537507715034}, "2": {"loss": 1.5120802248222314}, "3": {"loss": 1.3642286874668237}, "4": {"loss": 1.2003608279190174}, "5": {"loss": 1.0374777808606994}, "6": {"loss": 0.8876284545779555}, "7": {"loss": 0.7567051422380493}, "8": {"loss": 0.6470163428759091}, "9": {"loss": 0.5570211252091086}, "10": {"loss": 0.48392513426973277}}{"0": {"loss": 1.7295092001990715}, "1": {"loss": 1.632537507715034}, "2": {"loss": 1.5120802248222314}, "3": {"loss": 1.3642286874668237}, "4": {"loss": 1.2003608279190174}, "5": {"loss": 1.0374777808606994}, "6": {"loss": 0.8876284545779555}, "7": {"loss": 0.7567051422380493}, "8": {"loss": 0.6470163428759091}, "9": {"loss": 0.5570211252091086}, "10": {"loss": 0.48392513426973277}, "11": {"loss": 0.4248956638075694}}