{"0": {"loss": 2.349912926641914}, "1": {"loss": 2.0289750111870717}, "2": {"loss": 1.564432668965062}, "3": {"loss": 1.1329221618879723}, "4": {"loss": 0.8259289910528113}}