{"0": {"loss": 2.4118243302298485}, "1": {"loss": 2.1928349123278794}, "2": {"loss": 1.877153582243887}, "3": {"loss": 1.5529881527949767}, "4": {"loss": 1.276535935928777}, "5": {"loss": 1.052159283709897}, "6": {"loss": 0.8927286541409639}}