{"0": {"loss": 2.3632910163855994}, "1": {"loss": 2.0964929918570023}}