{"0": {"loss": 2.298417686810953}, "1": {"loss": 1.7339511619606598}, "2": {"loss": 1.123590769501507}, "3": {"loss": 0.691408070210878}, "4": {"loss": 0.4212705931687718}, "5": {"loss": 0.2725923025063452}, "6": {"loss": 0.2173871074231143}, "7": {"loss": 0.16816158585136917}, "8": {"loss": 0.16503572706038577}}