{"0": {"loss": 2.0997473064221834}, "1": {"loss": 1.6255004280491878}}