{"0": {"loss": 2.2741289862271015}, "1": {"loss": 1.6982987502525593}, "2": {"loss": 1.1003564242658943}, "3": {"loss": 0.6600421510893723}, "4": {"loss": 0.5277405969027815}, "5": {"loss": 0.247027614198882}, "6": {"loss": 0.1956909804508604}}