{"0": {"loss": 2.2629544488314925}, "1": {"loss": 1.6627130179569638}}