{"0": {"loss": 2.1816876060084294}, "1": {"loss": 1.553527698182223}, "2": {"loss": 1.121437942772581}}