{"0": {"loss": 2.319604658606128}, "1": {"loss": 1.9811284030810294}, "2": {"loss": 1.4845326816499804}, "3": {"loss": 1.0356007817042778}, "4": {"loss": 0.7046654011804389}, "5": {"loss": 0.5342873732834593}, "6": {"loss": 0.427762144702976}, "7": {"loss": 0.3666109852520262}, "8": {"loss": 0.31813961034674987}, "9": {"loss": 0.3294194087265341}}