{"0": {"loss": 2.232828210901331}, "1": {"loss": 1.6557413736979167}, "2": {"loss": 1.098953953495732}}