{"0": {"loss": 2.277062504899268}, "1": {"loss": 1.6963498078140558}, "2": {"loss": 1.0714342547397988}, "3": {"loss": 0.7278001366877088}}