{"0": {"loss": 2.305565733801235}, "1": {"loss": 1.892617247321389}}