{"0": {"loss": 2.300288282656202}, "1": {"loss": 1.8471665101892807}, "2": {"loss": 1.28629145154766}}