{"0": {"loss": 2.319604658606128}, "1": {"loss": 1.9811284030810294}, "2": {"loss": 1.4845326816499804}, "3": {"loss": 1.0356007817042778}}