{"0": {"loss": 2.232001531691778}, "1": {"loss": 1.689711434500558}, "2": {"loss": 1.6765416463216145}}