{"0": {"loss": 2.3663483338337747}, "1": {"loss": 2.0684325704172655}}