{"0": {"loss": 2.264548697561588}, "1": {"loss": 1.6831138988710799}, "2": {"loss": 1.0321473805409558}, "3": {"loss": 0.6329616150766049}, "4": {"loss": 0.36779938104017723}}