{"0": {"loss": 2.386380145479845}, "1": {"loss": 2.1483139345246123}, "2": {"loss": 1.766074822895027}, "3": {"loss": 1.3986734053543672}, "4": {"loss": 1.106088928313432}, "5": {"loss": 0.896618754413818}}