{"0": {"loss": 2.2737960533902215}, "1": {"loss": 1.716159327883562}, "2": {"loss": 1.1779717308128892}}