{"0": {"loss": 2.2967162713771914}, "1": {"loss": 1.9159173267643625}}