{"0": {"loss": 2.264548697561588}, "1": {"loss": 1.6831138988710799}}