{"0": {"loss": 2.273782970287182}, "1": {"loss": 1.7514888057002316}, "2": {"loss": 1.2288506967050057}, "3": {"loss": 0.758295977557147}, "4": {"loss": 0.48762231756139685}, "5": {"loss": 0.6592610111942998}, "6": {"loss": 0.7893039138228805}, "7": {"loss": 0.7907654091163918}, "8": {"loss": 0.791569999412254}, "9": {"loss": 0.6140707510489004}}