{"0": {"loss": 2.278520615036423}, "1": {"loss": 1.7651948671083193}}