{"0": {"loss": 2.298417686810953}, "1": {"loss": 1.7339511619606598}, "2": {"loss": 1.123590769501507}}