{"0": {"loss": 2.2737960533902215}, "1": {"loss": 1.716159327883562}, "2": {"loss": 1.1779717308128892}, "3": {"loss": 0.7515669819173778}, "4": {"loss": 0.4653090163790432}, "5": {"loss": 0.2679005021098795}, "6": {"loss": 0.19988503051419979}, "7": {"loss": 0.18210825269072697}, "8": {"loss": 0.17831695387724142}, "9": {"loss": 0.1798783791461114}}