{"0": {"loss": 2.2559666787424395}, "1": {"loss": 1.5565031728436869}, "2": {"loss": 1.3079525116951234}}