{"0": {"loss": 2.208375410600142}, "1": {"loss": 1.5753726959228516}, "2": {"loss": 0.9363988529552113}}