{"0": {"loss": 2.2780227661132812}, "1": {"loss": 1.6858098883377879}}