{"0": {"loss": 2.2780227661132812}, "1": {"loss": 1.6858098883377879}, "2": {"loss": 1.0922040437397205}, "3": {"loss": 0.6601465124832956}, "4": {"loss": 0.3822853690699527}, "5": {"loss": 0.25969859173423365}}