{"0": {"loss": 2.274267651759907}, "1": {"loss": 1.7709144817280706}, "2": {"loss": 1.1947650040122844}, "3": {"loss": 0.7753350408722823}, "4": {"loss": 0.4558671230285481}}