{"0": {"loss": 2.1858434041341144}, "1": {"loss": 1.5697311401367187}, "2": {"loss": 0.9772979736328125}, "3": {"loss": 0.5862674289279514}, "4": {"loss": 0.48477969699435763}, "5": {"loss": 0.5946063147650824}, "6": {"loss": 0.4508290608723958}}