{"0": {"loss": 2.300288282656202}, "1": {"loss": 1.8471665101892807}}