{"0": {"loss": 2.2967162713771914}, "1": {"loss": 1.9159173267643625}, "2": {"loss": 1.4274610969109265}}