{"0": {"loss": 2.3663483338337747}, "1": {"loss": 2.0684325704172655}, "2": {"loss": 1.6425544895888289}, "3": {"loss": 1.23937898358166}, "4": {"loss": 0.9354926619036444}, "5": {"loss": 0.7318364629343551}, "6": {"loss": 0.6067224597565516}, "7": {"loss": 0.5365200324076802}, "8": {"loss": 0.47202493422789593}, "9": {"loss": 0.4354390087712314}}