{"0": {"loss": 2.2970089382595487}, "1": {"loss": 1.7726244396633573}, "2": {"loss": 1.1489034228854709}, "3": {"loss": 0.7100667953491211}, "4": {"loss": 0.40015127923753524}, "5": {"loss": 0.24279814296298557}, "6": {"loss": 0.14451723628573948}, "7": {"loss": 0.09971424606111315}, "8": {"loss": 0.09301698207855225}, "9": {"loss": 0.07776745160420735}}