{"0": {"loss": 2.4003469888819566}, "1": {"loss": 2.1957273353887192}, "2": {"loss": 1.8772321314404512}, "3": {"loss": 1.5532862396118456}, "4": {"loss": 1.2732524586408878}, "5": {"loss": 1.0488358325988696}, "6": {"loss": 0.8924697544321668}, "7": {"loss": 0.7723392515494552}}