{"0": {"loss": 2.274267651759907}, "1": {"loss": 1.7709144817280706}}