{"0": {"loss": 2.307379404703776}, "1": {"loss": 1.6688341413225447}, "2": {"loss": 1.0992280869256883}}