{"0": {"loss": 2.200202109596946}, "1": {"loss": 1.6535865090110085}}