{"0": {"loss": 2.1816876060084294}, "1": {"loss": 1.553527698182223}, "2": {"loss": 1.121437942772581}, "3": {"loss": 0.6595954895019531}, "4": {"loss": 0.6904933996367872}, "5": {"loss": 0.4299331464265522}, "6": {"loss": 0.21259108760900663}}