{"0": {"loss": 2.274267651759907}, "1": {"loss": 1.7709144817280706}, "2": {"loss": 1.1947650040122844}, "3": {"loss": 0.7753350408722823}, "4": {"loss": 0.4558671230285481}, "5": {"loss": 0.3077864710830811}, "6": {"loss": 0.2313985389934468}, "7": {"loss": 0.25940555286151795}, "8": {"loss": 0.2148503975957712}}