{"0": {"loss": 2.293784040035588}, "1": {"loss": 1.7647237093141763}, "2": {"loss": 1.092633355962168}}