{"0": {"loss": 2.300288282656202}, "1": {"loss": 1.8471665101892807}, "2": {"loss": 1.28629145154766}, "3": {"loss": 0.8525872193130792}, "4": {"loss": 0.5211170851015577}, "5": {"loss": 0.39262520378711174}}