{"0": {"loss": 2.0997473064221834}, "1": {"loss": 1.6255004280491878}, "2": {"loss": 0.9605965865285773}}