{"0": {"loss": 2.4118243302298485}, "1": {"loss": 2.1928349123278794}, "2": {"loss": 1.877153582243887}, "3": {"loss": 1.5529881527949767}, "4": {"loss": 1.276535935928777}, "5": {"loss": 1.052159283709897}, "6": {"loss": 0.8927286541409639}, "7": {"loss": 0.7797791646874469}, "8": {"loss": 0.6887504246114116}, "9": {"loss": 0.6248500294831819}}