{"0": {"loss": 2.3334862268888035}, "1": {"loss": 1.737352192401886}}