{"0": {"loss": 2.2559666787424395}, "1": {"loss": 1.5565031728436869}, "2": {"loss": 1.3079525116951234}, "3": {"loss": 1.0201970377276022}, "4": {"loss": 0.6689269158147997}, "5": {"loss": 0.5132218637774068}, "6": {"loss": 0.43650187215497416}}