{"0": {"loss": 2.3493979966077028}, "1": {"loss": 2.0184853706218053}, "2": {"loss": 1.5649373018545352}, "3": {"loss": 1.1287137364302933}}