{"0": {"loss": 2.3493979966077028}, "1": {"loss": 2.0184853706218053}}