{"0": {"loss": 2.226378098973688}, "1": {"loss": 1.7307321800375886}}