{"0": {"loss": 2.276504599305026}, "1": {"loss": 1.7909233279344512}, "2": {"loss": 1.264091781161342}, "3": {"loss": 0.8321846752631955}, "4": {"loss": 0.47565890263089644}, "5": {"loss": 0.30567011535975347}, "6": {"loss": 0.2279127529320032}, "7": {"loss": 0.19307818839220497}}