{"0": {"loss": 2.3011331079926194}, "1": {"loss": 1.9206128935486901}}