{"0": {"loss": 2.232001531691778}, "1": {"loss": 1.689711434500558}, "2": {"loss": 1.6765416463216145}, "3": {"loss": 1.1968609946114677}, "4": {"loss": 0.7522925422305152}, "5": {"loss": 0.5169872556413923}}