{"0": {"loss": 2.264548697561588}, "1": {"loss": 1.6831138988710799}, "2": {"loss": 1.0321473805409558}}