{"0": {"loss": 2.307379404703776}, "1": {"loss": 1.6688341413225447}, "2": {"loss": 1.0992280869256883}, "3": {"loss": 0.7848898569742838}, "4": {"loss": 0.5030019850957961}, "5": {"loss": 0.2849505288260324}, "6": {"loss": 0.15651064827328637}}