{"0": {"loss": 2.232828210901331}, "1": {"loss": 1.6557413736979167}}