{"0": {"loss": 2.2737960533902215}, "1": {"loss": 1.716159327883562}}