{"0": {"loss": 2.277062504899268}, "1": {"loss": 1.6963498078140558}}