{"0": {"loss": 2.232001531691778}, "1": {"loss": 1.689711434500558}}