{"0": {"loss": 2.273782970287182}, "1": {"loss": 1.7514888057002316}, "2": {"loss": 1.2288506967050057}, "3": {"loss": 0.758295977557147}, "4": {"loss": 0.48762231756139685}}