{"0": {"loss": 2.226378098973688}, "1": {"loss": 1.7307321800375886}, "2": {"loss": 1.142533356288694}, "3": {"loss": 0.6862689324145047}, "4": {"loss": 0.5036026576779923}, "5": {"loss": 0.31458296865787144}, "6": {"loss": 0.16804338851065007}, "7": {"loss": 0.12474386647062481}, "8": {"loss": 0.09232949310878538}, "9": {"loss": 0.07310680623324413}}