{"0": {"loss": 2.3632910163855994}, "1": {"loss": 2.0964929918570023}, "2": {"loss": 1.6952681263531644}, "3": {"loss": 1.3162693275264437}, "4": {"loss": 0.9902278261682007}, "5": {"loss": 0.7703826080070683}, "6": {"loss": 0.6272253889613356}, "7": {"loss": 0.5558436132647508}, "8": {"loss": 0.4781894087791443}, "9": {"loss": 0.4407486213496858}}