{"0": {"loss": 2.4003469888819566}, "1": {"loss": 2.1957273353887192}, "2": {"loss": 1.8772321314404512}}