{"0": {"loss": 2.278520615036423}, "1": {"loss": 1.7651948671083193}, "2": {"loss": 1.2195752530484587}, "3": {"loss": 0.8326303018105997}, "4": {"loss": 0.49322631423537794}, "5": {"loss": 0.37957156413310283}, "6": {"loss": 0.2547924119072991}, "7": {"loss": 0.1893387098570128}}