{"0": {"loss": 2.2629544488314925}, "1": {"loss": 1.6627130179569638}, "2": {"loss": 1.0858879089355469}, "3": {"loss": 1.0064398009201576}, "4": {"loss": 0.4782650388520339}, "5": {"loss": 0.38746636489342}, "6": {"loss": 0.20001294695097824}, "7": {"loss": 0.18673633706980738}, "8": {"loss": 0.12783990235164247}}