{"0": {"loss": 2.319604658606128}, "1": {"loss": 1.9811284030810294}}