{"0": {"loss": 2.226378098973688}, "1": {"loss": 1.7307321800375886}, "2": {"loss": 1.142533356288694}, "3": {"loss": 0.6862689324145047}, "4": {"loss": 0.5036026576779923}}