{"0": {"loss": 2.3334862268888035}, "1": {"loss": 1.737352192401886}, "2": {"loss": 1.0836282510023851}, "3": {"loss": 0.6733532868898832}, "4": {"loss": 0.37637325662832993}, "5": {"loss": 0.22832277015997812}, "6": {"loss": 0.13302899323976958}, "7": {"loss": 0.09946019087846462}}