{"0": {"loss": 2.2741289862271015}, "1": {"loss": 1.6982987502525593}}