{"0": {"loss": 2.3632910163855994}, "1": {"loss": 2.0964929918570023}, "2": {"loss": 1.6952681263531644}}