{"0": {"loss": 2.273782970287182}, "1": {"loss": 1.7514888057002316}}