{"0": {"loss": 2.276504599305026}, "1": {"loss": 1.7909233279344512}}