{"0": {"loss": 2.2967162713771914}, "1": {"loss": 1.9159173267643625}, "2": {"loss": 1.4274610969109265}, "3": {"loss": 0.9434956651392991}, "4": {"loss": 0.615192417206803}, "5": {"loss": 0.4655394108314824}, "6": {"loss": 0.356667479848474}, "7": {"loss": 0.3054441727273832}, "8": {"loss": 0.29127785054648797}}