{"0": {"loss": 2.293784040035588}, "1": {"loss": 1.7647237093141763}, "2": {"loss": 1.092633355962168}, "3": {"loss": 0.6783756684548784}, "4": {"loss": 0.39077401515280846}, "5": {"loss": 0.22770220469130148}}