{"0": {"loss": 2.4003469888819566}, "1": {"loss": 2.1957273353887192}}