{"0": {"loss": 2.232828210901331}, "1": {"loss": 1.6557413736979167}, "2": {"loss": 1.098953953495732}, "3": {"loss": 0.6734333744755497}, "4": {"loss": 0.38124801494457106}, "5": {"loss": 0.2514655148541486}, "6": {"loss": 0.1940479631777163}, "7": {"loss": 0.1581647307784469}, "8": {"loss": 0.09387977917989095}, "9": {"loss": 0.08320684786196109}}