{"0": {"loss": 2.3979015071011935}, "1": {"loss": 2.1481057488809605}, "2": {"loss": 1.7847847428628838}}