{"0": {"loss": 2.2967162713771914}, "1": {"loss": 1.9159173267643625}, "2": {"loss": 1.4274610969109265}, "3": {"loss": 0.9434956651392991}, "4": {"loss": 0.615192417206803}}