{"0": {"loss": 2.305565733801235}, "1": {"loss": 1.892617247321389}, "2": {"loss": 0.9088196716308594}}