{"0": {"loss": 2.3632910163855994}, "1": {"loss": 2.0964929918570023}, "2": {"loss": 1.6952681263531644}, "3": {"loss": 1.3162693275264437}, "4": {"loss": 0.9902278261682007}}