{"0": {"loss": 2.1858434041341144}, "1": {"loss": 1.5697311401367187}}