{"0": {"loss": 2.3979015071011935}, "1": {"loss": 2.1481057488809605}}