{"0": {"loss": 2.232828210901331}, "1": {"loss": 1.6557413736979167}, "2": {"loss": 1.098953953495732}, "3": {"loss": 0.6734333744755497}, "4": {"loss": 0.38124801494457106}, "5": {"loss": 0.2514655148541486}}