{"0": {"loss": 2.264548697561588}, "1": {"loss": 1.6831138988710799}, "2": {"loss": 1.0321473805409558}, "3": {"loss": 0.6329616150766049}, "4": {"loss": 0.36779938104017723}, "5": {"loss": 0.23647795420772624}, "6": {"loss": 0.19934446856660662}, "7": {"loss": 0.1442868192240877}, "8": {"loss": 0.1296905408490379}, "9": {"loss": 0.12022116386665488}}