{"0": {"loss": 2.3334862268888035}, "1": {"loss": 1.737352192401886}, "2": {"loss": 1.0836282510023851}}