{"0": {"loss": 2.277062504899268}, "1": {"loss": 1.6963498078140558}, "2": {"loss": 1.0714342547397988}, "3": {"loss": 0.7278001366877088}, "4": {"loss": 0.4816844317258573}, "5": {"loss": 0.3232830979076086}, "6": {"loss": 0.18646459690496034}, "7": {"loss": 0.16245696474524104}, "8": {"loss": 0.1856629224676712}, "9": {"loss": 0.09992188039947958}}