{"0": {"loss": 2.4118243302298485}, "1": {"loss": 2.1928349123278794}}