{"0": {"loss": 2.3493979966077028}, "1": {"loss": 2.0184853706218053}, "2": {"loss": 1.5649373018545352}, "3": {"loss": 1.1287137364302933}, "4": {"loss": 0.8241595158346524}, "5": {"loss": 0.6255543668790504}, "6": {"loss": 0.49785271136607506}, "7": {"loss": 0.4410034388351238}, "8": {"loss": 0.39123102432226664}}