{"0": {"loss": 2.298417686810953}, "1": {"loss": 1.7339511619606598}}