{"0": {"loss": 2.386380145479845}, "1": {"loss": 2.1483139345246123}}