{"0": {"loss": 2.1858434041341144}, "1": {"loss": 1.5697311401367187}, "2": {"loss": 0.9772979736328125}}