{"0": {"loss": 2.2980020911948196}, "1": {"loss": 1.8906792538837323}, "2": {"loss": 1.3610838317871095}}