{"0": {"loss": 2.4042622947502705}, "1": {"loss": 2.4970205057078396}}