{"0": {"loss": 2.208375410600142}, "1": {"loss": 1.5753726959228516}, "2": {"loss": 0.9363988529552113}, "3": {"loss": 0.5976114273071289}, "4": {"loss": 0.40581031279130414}, "5": {"loss": 0.24301992763172497}}