{"0": {"loss": 2.241238041687924}, "1": {"loss": 1.9292404576111752}}