{"0": {"loss": 2.2378030925777788}, "1": {"loss": 1.8030545146752757}, "2": {"loss": 1.201169584828911}, "3": {"loss": 0.7064954074562019}, "4": {"loss": 0.40028724670410154}}