{"0": {"loss": 2.2756816165547975}, "1": {"loss": 1.720181317396567}, "2": {"loss": 1.0183489356242434}, "3": {"loss": 0.5437674455239739}, "4": {"loss": 0.27024869515862265}, "5": {"loss": 0.1482891062615623}, "6": {"loss": 0.09419778031362615}, "7": {"loss": 0.08148273951570753}, "8": {"loss": 0.06544887180059729}, "9": {"loss": 0.06618520071808721}}