{"0": {"loss": 2.246141204833984}, "1": {"loss": 1.5873495483398437}}