{"0": {"loss": 2.275776102085306}, "1": {"loss": 1.7188192040029198}}