{"0": {"loss": 2.2365596957520566}, "1": {"loss": 1.8506759109011122}}