{"0": {"loss": 2.237154601722635}, "1": {"loss": 1.7613539336830057}, "2": {"loss": 1.1092543653262559}}