{"0": {"loss": 2.26136944745038}, "1": {"loss": 1.6760942613756336}, "2": {"loss": 0.9177093505859375}, "3": {"loss": 0.46668939332704285}, "4": {"loss": 0.2160526481834618}, "5": {"loss": 0.1266221097997717}, "6": {"loss": 0.07663058590244602}, "7": {"loss": 0.05868140426841942}, "8": {"loss": 0.04489823289819666}}