{"0": {"loss": 2.244321110304625}, "1": {"loss": 1.9177850789219182}}