{"0": {"loss": 2.2756816165547975}, "1": {"loss": 1.720181317396567}, "2": {"loss": 1.0183489356242434}, "3": {"loss": 0.5437674455239739}, "4": {"loss": 0.27024869515862265}}