{"0": {"loss": 2.225724632596921}, "1": {"loss": 1.8082941313362315}, "2": {"loss": 1.2289801876033188}, "3": {"loss": 0.754225202154895}, "4": {"loss": 0.4388215539414182}}