{"0": {"loss": 2.238744294935395}, "1": {"loss": 1.8464692819613617}, "2": {"loss": 1.3108076069174737}}