{"0": {"loss": 2.240448976981663}, "1": {"loss": 1.8910462172612577}}