{"0": {"loss": 2.2378030925777788}, "1": {"loss": 1.8030545146752757}, "2": {"loss": 1.201169584828911}, "3": {"loss": 0.7064954074562019}, "4": {"loss": 0.40028724670410154}, "5": {"loss": 0.2362685258506883}, "6": {"loss": 0.16402174902300462}, "7": {"loss": 0.14863397593193867}, "8": {"loss": 0.14056610088821844}, "9": {"loss": 0.1405294235293747}}