{"0": {"loss": 2.2349716486350943}, "1": {"loss": 1.845585795203486}, "2": {"loss": 1.311800717167948}}