{"0": {"loss": 2.225990727262677}, "1": {"loss": 1.6608246137511056}, "2": {"loss": 0.9369694691783977}, "3": {"loss": 0.4896871458809331}, "4": {"loss": 0.2623868798309902}, "5": {"loss": 0.12398106197141251}}