{"0": {"loss": 2.2639924155341253}, "1": {"loss": 1.724053594801161}}