{"0": {"loss": 2.24844333850241}, "1": {"loss": 1.7909774220386363}, "2": {"loss": 1.1520504624876258}}