{"0": {"loss": 2.1908515481387867}, "1": {"loss": 1.4967110577751608}}