{"0": {"loss": 2.237638146681242}, "1": {"loss": 1.8453572483214522}, "2": {"loss": 1.3069383818527749}, "3": {"loss": 0.838381395415855}, "4": {"loss": 0.5437949081947063}, "5": {"loss": 0.3665957048653924}}