{"0": {"loss": 2.26700313274677}, "1": {"loss": 1.7496879284198468}, "2": {"loss": 1.0998279864971454}, "3": {"loss": 0.5609280512883112}, "4": {"loss": 0.25485968589782715}, "5": {"loss": 0.18015890855055589}, "6": {"loss": 0.09157096422635592}, "7": {"loss": 0.051864917461688705}, "8": {"loss": 0.12155422797569862}}