{"0": {"loss": 2.274176597595215}, "1": {"loss": 1.6232802073160808}, "2": {"loss": 0.8847872416178385}}