{"0": {"loss": 2.2166412708371186}, "1": {"loss": 1.5206227857013082}}