{"0": {"loss": 2.242451443698237}, "1": {"loss": 1.767292606374605}, "2": {"loss": 1.1114258479550887}, "3": {"loss": 0.6268403933999317}}