{"0": {"loss": 2.2945563274881113}, "1": {"loss": 1.8056557696798574}}