{"0": {"loss": 2.237154601722635}, "1": {"loss": 1.7613539336830057}, "2": {"loss": 1.1092543653262559}, "3": {"loss": 0.6370161938410933}, "4": {"loss": 0.34126346342025266}, "5": {"loss": 0.19606251101340016}, "6": {"loss": 0.12985859378691642}, "7": {"loss": 0.11430593331654866}, "8": {"loss": 0.10508743281005531}}