{"0": {"loss": 2.237638146681242}, "1": {"loss": 1.8453572483214522}}