{"0": {"loss": 2.26700313274677}, "1": {"loss": 1.7496879284198468}, "2": {"loss": 1.0998279864971454}}