{"0": {"loss": 2.279652780263212}, "1": {"loss": 1.7838701977155595}, "2": {"loss": 1.0979510402180137}, "3": {"loss": 0.6170101265632669}, "4": {"loss": 0.3064319950123732}, "5": {"loss": 0.1637875821577941}, "6": {"loss": 0.10114101090356317}, "7": {"loss": 0.07470803235837926}, "8": {"loss": 0.06761710930869218}}