{"0": {"loss": 2.24079390756923}, "1": {"loss": 1.8831497533189738}, "2": {"loss": 1.392264921606684}}