{"0": {"loss": 2.236300521201276}, "1": {"loss": 1.8628421702283493}, "2": {"loss": 1.327335682321102}, "3": {"loss": 0.8621746692251652}}