{"0": {"loss": 2.25403726907601}, "1": {"loss": 1.775770029627291}}