{"0": {"loss": 2.2972157218239526}, "1": {"loss": 1.7588318911465732}}