{"0": {"loss": 2.225267028808594}, "1": {"loss": 1.65595966685902}, "2": {"loss": 0.8780093106356535}}