{"0": {"loss": 2.260818672180176}, "1": {"loss": 1.6064687728881837}, "2": {"loss": 0.8134444236755372}, "3": {"loss": 0.4165259838104248}, "4": {"loss": 0.24166481494903563}, "5": {"loss": 0.11875053644180297}, "6": {"loss": 0.06744424700736999}, "7": {"loss": 0.051295381784439084}}