{"0": {"loss": 2.3455578839337385}, "1": {"loss": 1.6758363511827257}, "2": {"loss": 0.9064569826479312}, "3": {"loss": 0.4914625309131764}, "4": {"loss": 0.3218302196926541}, "5": {"loss": 0.1486636444374367}, "6": {"loss": 0.09020664956834581}, "7": {"loss": 0.11601145179183395}, "8": {"loss": 0.0640367799335056}}