{"0": {"loss": 2.240448976981663}, "1": {"loss": 1.8910462172612577}, "2": {"loss": 1.3889453093515933}}