{"0": {"loss": 2.225724632596921}, "1": {"loss": 1.8082941313362315}, "2": {"loss": 1.2289801876033188}, "3": {"loss": 0.754225202154895}, "4": {"loss": 0.4388215539414182}, "5": {"loss": 0.2653360163086186}, "6": {"loss": 0.197485304800443}, "7": {"loss": 0.1754052413443704}, "8": {"loss": 0.1686717612576024}, "9": {"loss": 0.16954946760486125}}