{"0": {"loss": 2.23871233718328}, "1": {"loss": 1.8570307741271745}, "2": {"loss": 1.3219026826429139}}