{"0": {"loss": 2.235094317583971}, "1": {"loss": 1.8008972141104684}, "2": {"loss": 1.2084490265644772}, "3": {"loss": 0.7318882163141814}, "4": {"loss": 0.4703871982198366}}