{"0": {"loss": 2.3455578839337385}, "1": {"loss": 1.6758363511827257}}