{"0": {"loss": 2.225971080638744}, "1": {"loss": 1.612598701759621}}