{"0": {"loss": 2.2356584543562206}, "1": {"loss": 1.8138655161453505}, "2": {"loss": 1.195812984374957}}