{"0": {"loss": 2.275776102085306}, "1": {"loss": 1.7188192040029198}, "2": {"loss": 0.9728458288944128}, "3": {"loss": 0.4789828290843}, "4": {"loss": 0.2268306269790187}, "5": {"loss": 0.13297736042677755}, "6": {"loss": 0.09349271022912228}, "7": {"loss": 0.06810399739429204}, "8": {"loss": 0.06861746913254863}}