{"0": {"loss": 2.225990727262677}, "1": {"loss": 1.6608246137511056}}