{"0": {"loss": 2.1908515481387867}, "1": {"loss": 1.4967110577751608}, "2": {"loss": 0.7827565810259651}, "3": {"loss": 0.39372432933134194}, "4": {"loss": 0.21496384284075568}}