{"0": {"loss": 2.260818672180176}, "1": {"loss": 1.6064687728881837}}