{"0": {"loss": 2.225990727262677}, "1": {"loss": 1.6608246137511056}, "2": {"loss": 0.9369694691783977}, "3": {"loss": 0.4896871458809331}, "4": {"loss": 0.2623868798309902}, "5": {"loss": 0.12398106197141251}, "6": {"loss": 0.07606230141981593}, "7": {"loss": 0.05856394317914855}, "8": {"loss": 0.039741844501135486}, "9": {"loss": 0.05092012657309478}}