{"0": {"loss": 2.244518657240191}, "1": {"loss": 1.9364231138518362}, "2": {"loss": 1.5291328133578506}, "3": {"loss": 1.151374578856205}, "4": {"loss": 0.8630108270538671}, "5": {"loss": 0.6629762413779324}, "6": {"loss": 0.5465417315134782}}