{"0": {"loss": 2.26700313274677}, "1": {"loss": 1.7496879284198468}, "2": {"loss": 1.0998279864971454}, "3": {"loss": 0.5609280512883112}, "4": {"loss": 0.25485968589782715}, "5": {"loss": 0.18015890855055589}}