{"0": {"loss": 2.244321110304625}, "1": {"loss": 1.9177850789219182}, "2": {"loss": 1.4665061296433994}, "3": {"loss": 1.0582459936498112}, "4": {"loss": 0.7476487232276843}, "5": {"loss": 0.5537455945258978}, "6": {"loss": 0.44691405883303653}, "7": {"loss": 0.38745346359527294}}