{"0": {"loss": 2.270432523652619}, "1": {"loss": 1.7160023520974552}}