{"0": {"loss": 2.253182069310602}, "1": {"loss": 1.7043811690132573}}