{"0": {"loss": 2.2420135889297876}, "1": {"loss": 1.5899325639773638}}