{"0": {"loss": 2.2437333427699264}, "1": {"loss": 1.9165503092571698}}