{"0": {"loss": 2.2691990988595143}, "1": {"loss": 1.701728684561593}}