{"0": {"loss": 2.2945563274881113}, "1": {"loss": 1.8056557696798574}, "2": {"loss": 1.1146296072697295}, "3": {"loss": 0.5728666609612064}, "4": {"loss": 0.308331821275794}}