{"0": {"loss": 2.246141204833984}, "1": {"loss": 1.5873495483398437}, "2": {"loss": 0.9138790893554688}, "3": {"loss": 0.45220466613769533}, "4": {"loss": 0.23226640701293946}, "5": {"loss": 0.11047432899475097}, "6": {"loss": 0.0768647861480713}}