{"0": {"loss": 2.3455578839337385}, "1": {"loss": 1.6758363511827257}, "2": {"loss": 0.9064569826479312}, "3": {"loss": 0.4914625309131764}}