{"0": {"loss": 2.275776102085306}, "1": {"loss": 1.7188192040029198}, "2": {"loss": 0.9728458288944128}}