{"0": {"loss": 2.2166412708371186}, "1": {"loss": 1.5206227857013082}, "2": {"loss": 0.877226896064226}, "3": {"loss": 0.5133361372836801}, "4": {"loss": 0.19112298654955487}}