{"0": {"loss": 2.2632766107116082}, "1": {"loss": 1.730626809476602}, "2": {"loss": 1.0267991345338148}, "3": {"loss": 0.5465365901137843}, "4": {"loss": 0.27993424733479816}}