{"0": {"loss": 2.2485592615036736}, "1": {"loss": 1.6830645788283576}, "2": {"loss": 0.916630000159854}, "3": {"loss": 0.47961837223597936}, "4": {"loss": 0.23747012047540575}, "5": {"loss": 0.129145994640532}, "6": {"loss": 0.09135476521083287}, "7": {"loss": 0.07237966103213174}, "8": {"loss": 0.06321330042112441}, "9": {"loss": 0.053066787833259216}}