{"0": {"loss": 2.2547145795218553}, "1": {"loss": 1.6411692945263054}, "2": {"loss": 0.893069110339201}, "3": {"loss": 0.4638866472847854}, "4": {"loss": 0.2254860793487935}, "5": {"loss": 0.15163711354702333}, "6": {"loss": 0.10354706003696104}, "7": {"loss": 0.08594143541553352}, "8": {"loss": 0.06390660322165187}}