{"0": {"loss": 2.23871233718328}, "1": {"loss": 1.8570307741271745}, "2": {"loss": 1.3219026826429139}, "3": {"loss": 0.861289705984005}, "4": {"loss": 0.5322203887403487}, "5": {"loss": 0.36565944271686546}, "6": {"loss": 0.2934278728734819}, "7": {"loss": 0.24656264714702386}}