{"0": {"loss": 2.2339205661299997}, "1": {"loss": 1.8296579140937126}}