{"0": {"loss": 2.2756816165547975}, "1": {"loss": 1.720181317396567}, "2": {"loss": 1.0183489356242434}}