{"0": {"loss": 2.2356584543562206}, "1": {"loss": 1.8138655161453505}, "2": {"loss": 1.195812984374957}, "3": {"loss": 0.7192255521224717}, "4": {"loss": 0.39633863591878427}, "5": {"loss": 0.23392145108368437}, "6": {"loss": 0.17458844588974776}, "7": {"loss": 0.14466950053212332}, "8": {"loss": 0.13349431988883154}, "9": {"loss": 0.13587651986860286}}