{"0": {"loss": 2.244518657240191}, "1": {"loss": 1.9364231138518362}}