{"0": {"loss": 2.238017478184393}, "1": {"loss": 1.8568299297067095}, "2": {"loss": 1.3232950903138603}}