{"0": {"loss": 2.2694646661931817}, "1": {"loss": 1.726517310509315}, "2": {"loss": 1.0115599465536904}, "3": {"loss": 0.5226952879578917}, "4": {"loss": 0.2506232228312459}, "5": {"loss": 0.1428258102256935}, "6": {"loss": 0.11151504516601562}}