{"0": {"loss": 2.225724632596921}, "1": {"loss": 1.8082941313362315}}