{"0": {"loss": 2.279652780263212}, "1": {"loss": 1.7838701977155595}, "2": {"loss": 1.0979510402180137}}