{"0": {"loss": 2.270432523652619}, "1": {"loss": 1.7160023520974552}, "2": {"loss": 0.9793807373327368}, "3": {"loss": 0.47625628990285535}, "4": {"loss": 0.2275520234423525}, "5": {"loss": 0.11761533395916808}, "6": {"loss": 0.08487196032907449}, "7": {"loss": 0.05940616832059972}, "8": {"loss": 0.06125118831793467}}