{"0": {"loss": 2.2437333427699264}, "1": {"loss": 1.9165503092571698}, "2": {"loss": 1.4601852049869775}, "3": {"loss": 1.041084566475016}, "4": {"loss": 0.737304773214644}}