{"0": {"loss": 2.237638146681242}, "1": {"loss": 1.8453572483214522}, "2": {"loss": 1.3069383818527749}, "3": {"loss": 0.838381395415855}}