{"0": {"loss": 2.2420305583788003}, "1": {"loss": 1.8070195239523184}}