{"0": {"loss": 2.2485592615036736}, "1": {"loss": 1.6830645788283576}}