{"0": {"loss": 2.285322052417415}, "1": {"loss": 1.741383956210448}}