{"0": {"loss": 2.225267028808594}, "1": {"loss": 1.65595966685902}, "2": {"loss": 0.8780093106356535}, "3": {"loss": 0.41949521845037285}, "4": {"loss": 0.22608576687899504}, "5": {"loss": 0.1237102595242587}, "6": {"loss": 0.07907020395452326}, "7": {"loss": 0.0578723127191717}, "8": {"loss": 0.053833480314774945}, "9": {"loss": 0.038549674641002306}}