{"0": {"loss": 2.25403726907601}, "1": {"loss": 1.775770029627291}, "2": {"loss": 1.1258307148639422}, "3": {"loss": 0.6039239410170936}, "4": {"loss": 0.30458740004919527}, "5": {"loss": 0.18356620817256153}, "6": {"loss": 0.11774054685033354}}