{"0": {"loss": 2.2632766107116082}, "1": {"loss": 1.730626809476602}, "2": {"loss": 1.0267991345338148}}