{"0": {"loss": 2.126347223917643}, "1": {"loss": 1.427151362101237}, "2": {"loss": 0.825464301639133}, "3": {"loss": 0.3754977120293511}, "4": {"loss": 0.19066051642100015}, "5": {"loss": 0.18941949473487008}, "6": {"loss": 0.14601552486419678}, "7": {"loss": 0.06710532638761732}, "8": {"loss": 0.061070640881856285}}