{"0": {"loss": 2.2691990988595143}, "1": {"loss": 1.701728684561593}, "2": {"loss": 1.0732316970825195}, "3": {"loss": 0.5648538725716727}, "4": {"loss": 0.3295235293252127}}