{"0": {"loss": 2.244321110304625}, "1": {"loss": 1.9177850789219182}, "2": {"loss": 1.4665061296433994}, "3": {"loss": 1.0582459936498112}}