{"0": {"loss": 2.2632766107116082}, "1": {"loss": 1.730626809476602}}