{"0": {"loss": 2.2972157218239526}, "1": {"loss": 1.7588318911465732}, "2": {"loss": 1.1902451081709429}, "3": {"loss": 0.6569474827159535}, "4": {"loss": 0.29249733144586737}, "5": {"loss": 0.1869586164301092}, "6": {"loss": 0.15944342179731888}}