{"0": {"loss": 2.24844333850241}, "1": {"loss": 1.7909774220386363}, "2": {"loss": 1.1520504624876258}, "3": {"loss": 0.6466469662063509}, "4": {"loss": 0.3572261272811143}, "5": {"loss": 0.21112266795275964}, "6": {"loss": 0.14861366426874748}, "7": {"loss": 0.12479428874069931}, "8": {"loss": 0.1262220382223857}, "9": {"loss": 0.12636558323690336}}