{"0": {"loss": 2.2694646661931817}, "1": {"loss": 1.726517310509315}}