{"0": {"loss": 2.24079390756923}, "1": {"loss": 1.8831497533189738}, "2": {"loss": 1.392264921606684}, "3": {"loss": 0.9497126893031816}, "4": {"loss": 0.6330770606095074}, "5": {"loss": 0.45216105311560484}, "6": {"loss": 0.3551724964489966}, "7": {"loss": 0.307311988132863}}