{"0": {"loss": 2.2496542930603027}, "1": {"loss": 1.578034520149231}}