{"0": {"loss": 2.2694646661931817}, "1": {"loss": 1.726517310509315}, "2": {"loss": 1.0115599465536904}, "3": {"loss": 0.5226952879578917}}