{"0": {"loss": 2.1908515481387867}, "1": {"loss": 1.4967110577751608}, "2": {"loss": 0.7827565810259651}, "3": {"loss": 0.39372432933134194}, "4": {"loss": 0.21496384284075568}, "5": {"loss": 0.13535024138057933}, "6": {"loss": 0.06665292206932516}, "7": {"loss": 0.049872699905844295}, "8": {"loss": 0.039943649488336896}}