{"0": {"loss": 2.235094317583971}, "1": {"loss": 1.8008972141104684}}