{"0": {"loss": 2.253182069310602}, "1": {"loss": 1.7043811690132573}, "2": {"loss": 0.9648866203596007}, "3": {"loss": 0.5011480304430116}, "4": {"loss": 0.24903007273404104}}