{"0": {"loss": 2.270432523652619}, "1": {"loss": 1.7160023520974552}, "2": {"loss": 0.9793807373327368}, "3": {"loss": 0.47625628990285535}}