{"0": {"loss": 2.225971080638744}, "1": {"loss": 1.612598701759621}, "2": {"loss": 0.89533445570204}}