{"0": {"loss": 2.2339205661299997}, "1": {"loss": 1.8296579140937126}, "2": {"loss": 1.2685801879524046}, "3": {"loss": 0.7929391910012026}, "4": {"loss": 0.48062026299246086}, "5": {"loss": 0.31148598844036296}}