{"0": {"loss": 2.23871233718328}, "1": {"loss": 1.8570307741271745}}