{"0": {"loss": 2.2639924155341253}, "1": {"loss": 1.724053594801161}, "2": {"loss": 1.060625473658244}, "3": {"loss": 0.6928096347384982}, "4": {"loss": 0.27886438369750977}, "5": {"loss": 0.1515253418021732}, "6": {"loss": 0.0940635899702708}, "7": {"loss": 0.07744783163070679}, "8": {"loss": 0.06193098425865173}}