{"0": {"loss": 2.2420305583788003}, "1": {"loss": 1.8070195239523184}, "2": {"loss": 1.144171776978866}, "3": {"loss": 0.6668788453807002}, "4": {"loss": 0.3456927434257839}, "5": {"loss": 0.19485926887263422}, "6": {"loss": 0.14265720870183862}, "7": {"loss": 0.10433105800462805}}