{"0": {"loss": 2.2691990988595143}, "1": {"loss": 1.701728684561593}, "2": {"loss": 1.0732316970825195}}