{"0": {"loss": 2.24844333850241}, "1": {"loss": 1.7909774220386363}}