{"0": {"loss": 2.2300881979783864}, "1": {"loss": 1.820390349377429}, "2": {"loss": 1.2545548885240467}}