{"0": {"loss": 2.1908515481387867}, "1": {"loss": 1.4967110577751608}, "2": {"loss": 0.7827565810259651}}