{"0": {"loss": 2.236300521201276}, "1": {"loss": 1.8628421702283493}}