{"0": {"loss": 2.2349716486350943}, "1": {"loss": 1.845585795203486}, "2": {"loss": 1.311800717167948}, "3": {"loss": 0.8445069753167734}, "4": {"loss": 0.540519890605422}, "5": {"loss": 0.3670261046763626}, "6": {"loss": 0.2842750944359405}, "7": {"loss": 0.2536443577633218}}