{"0": {"loss": 2.244185561859578}, "1": {"loss": 1.911841325809984}}