{"0": {"loss": 2.225971080638744}, "1": {"loss": 1.612598701759621}, "2": {"loss": 0.89533445570204}, "3": {"loss": 0.47638734181722003}, "4": {"loss": 0.21673490383006908}, "5": {"loss": 0.10970896261709707}, "6": {"loss": 0.07006099930515995}, "7": {"loss": 0.06095168325636122}}