{"0": {"loss": 2.2300881979783864}, "1": {"loss": 1.820390349377429}, "2": {"loss": 1.2545548885240467}, "3": {"loss": 0.7698844186392034}, "4": {"loss": 0.4509534262249837}, "5": {"loss": 0.2740236043200945}, "6": {"loss": 0.20017875395297519}, "7": {"loss": 0.1920491198151848}, "8": {"loss": 0.17787770515309684}, "9": {"loss": 0.16641808625511925}}