{"0": {"loss": 2.2420135889297876}, "1": {"loss": 1.5899325639773638}, "2": {"loss": 0.9432631272536057}, "3": {"loss": 0.5868870661808894}, "4": {"loss": 0.3306705523759891}, "5": {"loss": 0.29352452204777646}, "6": {"loss": 0.11500192299867287}, "7": {"loss": 0.07465026928828312}, "8": {"loss": 0.06361087774619079}, "9": {"loss": 0.052243251066941485}}