{"0": {"loss": 2.238017478184393}, "1": {"loss": 1.8568299297067095}}