{"0": {"loss": 2.244518657240191}, "1": {"loss": 1.9364231138518362}, "2": {"loss": 1.5291328133578506}}