{"0": {"loss": 2.244185561859578}, "1": {"loss": 1.911841325809984}, "2": {"loss": 1.4607996135117898}, "3": {"loss": 1.0438406508964895}, "4": {"loss": 0.7334958580867144}}