{"0": {"loss": 2.2378030925777788}, "1": {"loss": 1.8030545146752757}}