{"0": {"loss": 2.240448976981663}, "1": {"loss": 1.8910462172612577}, "2": {"loss": 1.3889453093515933}, "3": {"loss": 0.942376937976039}, "4": {"loss": 0.6272531977999461}, "5": {"loss": 0.44879392877421315}}