{"0": {"loss": 2.242451443698237}, "1": {"loss": 1.767292606374605}}