{"0": {"loss": 2.274176597595215}, "1": {"loss": 1.6232802073160808}, "2": {"loss": 0.8847872416178385}, "3": {"loss": 0.4706176122029622}, "4": {"loss": 0.2753707567850749}, "5": {"loss": 0.13978750507036844}, "6": {"loss": 0.0945848027865092}}