{"0": {"loss": 2.2365596957520566}, "1": {"loss": 1.8506759109011122}, "2": {"loss": 1.3243477693788566}, "3": {"loss": 0.8553825993952984}, "4": {"loss": 0.5459494135182374}, "5": {"loss": 0.36856899646183994}}