{"0": {"loss": 2.26136944745038}, "1": {"loss": 1.6760942613756336}}