{"0": {"loss": 2.238744294935395}, "1": {"loss": 1.8464692819613617}, "2": {"loss": 1.3108076069174737}, "3": {"loss": 0.8419761170213595}, "4": {"loss": 0.5296199887959213}}