{"0": {"loss": 2.2496542930603027}, "1": {"loss": 1.578034520149231}, "2": {"loss": 0.9119161367416382}, "3": {"loss": 0.5171505808830261}, "4": {"loss": 0.2663341462612152}}