{"0": {"loss": 2.2547145795218553}, "1": {"loss": 1.6411692945263054}, "2": {"loss": 0.893069110339201}, "3": {"loss": 0.4638866472847854}}