{"0": {"loss": 2.126347223917643}, "1": {"loss": 1.427151362101237}, "2": {"loss": 0.825464301639133}, "3": {"loss": 0.3754977120293511}}