{"0": {"loss": 2.238017478184393}, "1": {"loss": 1.8568299297067095}, "2": {"loss": 1.3232950903138603}, "3": {"loss": 0.8566014250816657}, "4": {"loss": 0.5392180487933405}, "5": {"loss": 0.3637823351262289}, "6": {"loss": 0.2840378227416408}}