{"0": {"loss": 2.285322052417415}, "1": {"loss": 1.741383956210448}, "2": {"loss": 0.9924567902442252}, "3": {"loss": 0.5036866582266175}, "4": {"loss": 0.2545546392107954}}